observation_date,IR3TIB01ZAM156N
1980-12-01,6.0400000000
1981-01-01,6.4861538462
1981-02-01,7.3641666667
1981-03-01,7.5430769231
1981-04-01,7.7434782609
1981-05-01,8.5400000000
1981-06-01,9.2032000000
1981-07-01,10.3740740741
1981-08-01,11.2696153846
1981-09-01,11.2965384615
1981-10-01,11.5065384615
1981-11-01,12.1600000000
1981-12-01,13.1954166667
1982-01-01,14.2696000000
1982-02-01,15.1775000000
1982-03-01,15.7940740741
1982-04-01,15.7273913043
1982-05-01,15.8675000000
1982-06-01,16.0738461538
1982-07-01,16.4296296296
1982-08-01,16.2392307692
1982-09-01,16.2869230769
1982-10-01,15.7515384615
1982-11-01,14.9000000000
1982-12-01,14.4396000000
1983-01-01,13.1196000000
1983-02-01,10.7262500000
1983-03-01,9.7785185185
1983-04-01,11.2060869565
1983-05-01,11.2526086957
1983-06-01,12.5546153846
1983-07-01,13.8007692308
1983-08-01,15.1874074074
1983-09-01,14.9573076923
1983-10-01,15.1544000000
1983-11-01,15.6219230769
1983-12-01,17.3296000000
1984-01-01,17.6832000000
1984-02-01,17.6764000000
1984-03-01,17.7411111111
1984-04-01,17.7822727273
1984-05-01,17.8076923077
1984-06-01,17.6084000000
1984-07-01,18.4461538462
1984-08-01,21.4988888889
1984-09-01,21.7652000000
1984-10-01,21.7657692308
1984-11-01,21.1796153846
1984-12-01,20.7095833333
1985-01-01,21.8942307692
1985-02-01,21.9029166667
1985-03-01,21.7707692308
1985-04-01,21.0200000000
1985-05-01,19.7596000000
1985-06-01,17.4228000000
1985-07-01,16.5737037037
1985-08-01,16.7344444444
1985-09-01,15.2176000000
1985-10-01,14.3411538462
1985-11-01,13.0234615385
1985-12-01,13.0086956522
1986-01-01,12.2788461538
1986-02-01,12.0483333333
1986-03-01,11.9995833333
1986-04-01,11.4726923077
1986-05-01,11.0140000000
1986-06-01,10.8916000000
1986-07-01,10.6559259259
1986-08-01,9.9415384615
1986-09-01,9.1919230769
1986-10-01,9.2834615385
1986-11-01,8.9752000000
1986-12-01,8.4604166667
1987-01-01,8.9000000000
1987-02-01,8.8254166667
1987-03-01,8.6538461538
1987-04-01,8.6378260870
1987-05-01,8.8000000000
1987-06-01,8.6952000000
1987-07-01,8.8300000000
1987-08-01,8.7176923077
1987-09-01,8.7407692308
1987-10-01,8.7407692308
1987-11-01,8.7184000000
1987-12-01,9.1462500000
1988-01-01,9.4812000000
1988-02-01,9.8240000000
1988-03-01,10.4866666667
1988-04-01,10.8665217391
1988-05-01,11.8426086957
1988-06-01,11.9973076923
1988-07-01,12.1738461538
1988-08-01,12.7837037037
1988-09-01,13.2696153846
1988-10-01,13.7040000000
1988-11-01,14.9634615385
1988-12-01,15.5332000000
1989-01-01,15.2936000000
1989-02-01,15.3995833333
1989-03-01,16.2560000000
1989-04-01,16.4429166667
1989-05-01,17.1670833333
1989-06-01,17.3057692308
1989-07-01,17.2030769231
1989-08-01,17.1596296296
1989-09-01,17.1950000000
1989-10-01,17.7788000000
1989-11-01,17.9992307692
1989-12-01,18.0026086957
1990-01-01,18.0000000000
1990-02-01,18.0045833333
1990-03-01,17.9618518519
1990-04-01,17.9850000000
1990-05-01,18.0033333333
1990-06-01,17.9815384615
1990-07-01,17.8623076923
1990-08-01,17.6811111111
1990-09-01,17.5360000000
1990-10-01,17.5442307692
1990-11-01,17.7057692308
1990-12-01,17.4129166667
1991-01-01,17.2992307692
1991-02-01,17.1350000000
1991-03-01,16.9476000000
1991-04-01,16.8079166667
1991-05-01,16.6558333333
1991-06-01,16.6816000000
1991-07-01,16.7070370370
1991-08-01,16.6751851852
1991-09-01,16.5748000000
1991-10-01,16.3892307692
1991-11-01,16.2307692308
1991-12-01,16.1500000000
1992-01-01,16.0265384615
1992-02-01,15.8616000000
1992-03-01,15.4938461538
1992-04-01,15.0152173913
1992-05-01,14.4295652174
1992-06-01,14.0153846154
1992-07-01,13.4674074074
1992-08-01,12.7157692308
1992-09-01,12.0600000000
1992-10-01,12.0857692308
1992-11-01,12.0224000000
1992-12-01,12.0429166667
1993-01-01,11.8636000000
1993-02-01,11.3866666667
1993-03-01,11.3396296296
1993-04-01,11.1360869565
1993-05-01,11.5047826087
1993-06-01,11.8757692308
1993-07-01,11.7640740741
1993-08-01,11.6938461538
1993-09-01,11.6092307692
1993-10-01,11.2923076923
1993-11-01,10.2146153846
1993-12-01,10.1928000000
1994-01-01,10.1544000000
1994-02-01,10.1570833333
1994-03-01,10.1329629630
1994-04-01,10.3123809524
1994-05-01,10.6904347826
1994-06-01,10.8523076923
1994-07-01,10.7423076923
1994-08-01,10.7492592593
1994-09-01,10.8442307692
1994-10-01,11.7824000000
1994-11-01,12.1892307692
1994-12-01,12.4656000000
1995-01-01,12.6988000000
1995-02-01,12.8950000000
1995-03-01,13.0057692308
1995-04-01,12.9618181818
1995-05-01,13.7169230769
1995-06-01,13.8112000000
1995-07-01,13.9834615385
1995-08-01,13.8684615385
1995-09-01,13.9856000000
1995-10-01,13.8315384615
1995-11-01,13.6292307692
1995-12-01,13.9378260870
1996-01-01,14.0232692308
1996-02-01,13.9210000000
1996-03-01,14.1416000000
1996-04-01,14.2952173913
1996-05-01,15.8657692308
1996-06-01,15.8041666667
1996-07-01,15.0174074074
1996-08-01,15.8792307692
1996-09-01,15.2820833333
1996-10-01,15.0155555556
1996-11-01,15.2553846154
1996-12-01,15.9321739130
1997-01-01,16.2261538462
1997-02-01,15.7933333333
1997-03-01,15.8130434783
1997-04-01,15.7668000000
1997-05-01,15.6838461538
1997-06-01,15.4629166667
1997-07-01,15.0800000000
1997-08-01,14.7876000000
1997-09-01,14.7168000000
1997-10-01,14.5581481481
1997-11-01,14.5460000000
1997-12-01,14.6470833333
1998-01-01,14.4300000000
1998-02-01,14.0183333333
1998-03-01,13.2168000000
1998-04-01,12.9008695652
1998-05-01,13.0164000000
1998-06-01,16.0372000000
1998-07-01,18.9911111111
1998-08-01,19.7432000000
1998-09-01,21.6388000000
1998-10-01,19.4500000000
1998-11-01,17.7644000000
1998-12-01,17.1988000000
1999-01-01,16.4048000000
1999-02-01,15.5425000000
1999-03-01,14.6238461538
1999-04-01,13.7530434783
1999-05-01,13.5168000000
1999-06-01,13.2572916667
1999-07-01,12.1006296296
1999-08-01,11.6812000000
1999-09-01,11.1736800000
1999-10-01,10.7606923077
1999-11-01,10.7105384615
1999-12-01,10.7020869565
2000-01-01,10.1565600000
2000-02-01,9.7834400000
2000-03-01,9.8453846154
2000-04-01,9.8822727273
2000-05-01,10.2230769231
2000-06-01,10.2832000000
2000-07-01,10.2338461538
2000-08-01,10.1492307692
2000-09-01,10.1608000000
2000-10-01,10.1884615385
2000-11-01,10.2176923077
2000-12-01,10.2022727273
2001-01-01,10.1488461538
2001-02-01,10.1195833333
2001-03-01,10.1665384615
2001-04-01,10.3404545455
2001-05-01,10.3815384615
2001-06-01,9.9856000000
2001-07-01,9.5323076923
2001-08-01,9.3680769231
2001-09-01,9.2416666667
2001-10-01,8.8670370370
2001-11-01,8.7588461538
2001-12-01,9.2047826087
2002-01-01,9.4376923077
2002-02-01,9.4275000000
2002-03-01,9.9175000000
2002-04-01,10.6000000000
2002-05-01,11.1565384615
2002-06-01,11.4379166667
2002-07-01,11.3692592593
2002-08-01,11.4300000000
2002-09-01,12.1108333333
2002-10-01,12.6122222222
2002-11-01,12.1692307692
2002-12-01,12.2665217391
2003-01-01,12.3446153846
2003-02-01,12.6270833333
2003-03-01,12.7332000000
2003-04-01,12.7421739130
2003-05-01,12.5538461538
2003-06-01,11.2066666667
2003-07-01,10.8933333333
2003-08-01,10.2484615385
2003-09-01,9.4172000000
2003-10-01,8.2240740741
2003-11-01,7.6940000000
2003-12-01,7.3058333333
2004-01-01,7.6015384615
2004-02-01,7.5066666667
2004-03-01,7.7184615385
2004-04-01,7.7695454545
2004-05-01,7.7116000000
2004-06-01,7.8328000000
2004-07-01,7.8900000000
2004-08-01,7.4448000000
2004-09-01,7.1204000000
2004-10-01,7.2753846154
2004-11-01,7.2515384615
2004-12-01,7.2741666667
2005-01-01,7.2864000000
2005-02-01,7.2275000000
2005-03-01,7.1962500000
2005-04-01,6.9516000000
2005-05-01,6.7492000000
2005-06-01,6.7576000000
2005-07-01,6.7346153846
2005-08-01,6.7196153846
2005-09-01,6.7380000000
2005-10-01,6.7934615385
2005-11-01,6.8865384615
2005-12-01,6.8196000000
2006-01-01,6.7368000000
2006-02-01,6.6758333333
2006-03-01,6.5272000000
2006-04-01,6.6490909091
2006-05-01,6.8034615385
2006-06-01,7.1132000000
2006-07-01,7.2776923077
2006-08-01,7.6873076923
2006-09-01,7.7504000000
2006-10-01,8.2215384615
2006-11-01,8.2307692308
2006-12-01,8.3926086957
2007-01-01,8.7038461538
2007-02-01,8.6566666667
2007-03-01,8.2815384615
2007-04-01,8.2800000000
2007-05-01,8.4953846154
2007-06-01,9.0164000000
2007-07-01,9.0284615385
2007-08-01,9.1276923077
2007-09-01,9.3129166667
2007-10-01,9.7681481481
2007-11-01,10.2180769231
2007-12-01,10.4752173913
2008-01-01,10.4738461538
2008-02-01,10.3192000000
2008-03-01,10.1825000000
2008-04-01,10.2656000000
2008-05-01,10.6032000000
2008-06-01,11.4195833333
2008-07-01,11.3777777778
2008-08-01,11.3500000000
2008-09-01,11.1488000000
2008-10-01,10.9281481481
2008-11-01,10.8504000000
2008-12-01,10.7691666667
2009-01-01,10.6561538462
2009-02-01,9.2241666667
2009-03-01,8.6053846154
2009-04-01,8.2800000000
2009-05-01,7.6788000000
2009-06-01,7.2264000000
2009-07-01,7.3866666667
2009-08-01,7.1616000000
2009-09-01,6.9392000000
2009-10-01,6.9451851852
2009-11-01,7.0108000000
2009-12-01,7.0712500000
2010-01-01,7.1080000000
2010-02-01,7.0758333333
2010-03-01,6.9523076923
2010-04-01,6.5869565217
2010-05-01,6.5828000000
2010-06-01,6.5416000000
2010-07-01,6.4777777778
2010-08-01,6.4156000000
2010-09-01,6.0824000000
2010-10-01,5.9730769231
2010-11-01,5.6461538462
2010-12-01,5.5862500000
2011-01-01,5.5423076923
2011-02-01,5.5325000000
2011-03-01,5.4984615385
2011-04-01,5.4643478261
2011-05-01,5.4512500000
2011-06-01,5.4648000000
2011-07-01,5.4876923077
2011-08-01,5.4900000000
2011-09-01,5.4900000000
2011-10-01,5.4900000000
2011-11-01,5.4900000000
2011-12-01,5.4516666667
2012-01-01,5.4700000000
2012-02-01,5.5036000000
2012-03-01,5.5438461538
2012-04-01,5.5650000000
2012-05-01,5.5630769231
2012-06-01,5.5784615385
2012-07-01,5.3730769231
2012-08-01,5.0534615385
2012-09-01,4.9404166667
2012-10-01,4.9392592593
2012-11-01,4.9303846154
2012-12-01,4.9856521739
2013-01-01,5.0561538462
2013-02-01,5.0400000000
2013-03-01,5.0454166667
2013-04-01,5.1178260870
2013-05-01,5.0342307692
2013-06-01,5.1212500000
2013-07-01,5.1233333333
2013-08-01,5.0916000000
2013-09-01,5.0587500000
2013-10-01,5.0374074074
2013-11-01,5.0746153846
2013-12-01,5.1382608696
2014-01-01,5.2260000000
2014-02-01,5.5620833333
2014-03-01,5.7264000000
2014-04-01,5.7322727273
2014-05-01,5.7352000000
2014-06-01,5.7929166667
2014-07-01,6.0300000000
2014-08-01,6.0056000000
2014-09-01,5.9996000000
2014-10-01,5.8962962963
2014-11-01,5.8291304348
2014-12-01,6.0416000000
2015-01-01,6.0076190476
2015-02-01,5.8842857143
2015-03-01,5.7961538462
2015-04-01,5.7942857143
2015-05-01,5.7230434783
2015-06-01,5.7628000000
2015-07-01,6.0346153846
2015-08-01,6.1632000000
2015-09-01,6.2387500000
2015-10-01,6.1542307692
2015-11-01,6.3312000000
2015-12-01,6.7362500000
2016-01-01,6.8592307692
2016-02-01,6.9316000000
2016-03-01,7.0408333333
2016-04-01,7.1784000000
2016-05-01,7.1580000000
2016-06-01,7.1956000000
2016-07-01,7.3507692308
2016-08-01,7.2964000000
2016-09-01,7.2923076923
2016-10-01,7.3465384615
2016-11-01,7.4776923077
2016-12-01,7.6095833333
2017-01-01,7.4632000000
2017-02-01,7.2641666667
2017-03-01,7.2300000000
2017-04-01,7.4118181818
2017-05-01,7.4338461538
2017-06-01,7.3422727273
2017-07-01,7.3263636364
2017-08-01,7.1730434783
2017-09-01,7.0972727273
2017-10-01,7.2545833333
2017-11-01,7.4500000000
2017-12-01,7.5357894737
2018-01-01,7.3209090909
2018-02-01,7.1185000000
2018-03-01,7.0625000000
2018-04-01,6.9789473684
2018-05-01,7.0059090909
2018-06-01,7.0342857143
2018-07-01,7.0681818182
2018-08-01,7.1236363636
2018-09-01,7.1442105263
2018-10-01,7.1939130435
2018-11-01,7.3204347826
2018-12-01,7.4938888889
2019-01-01,7.5100000000
2019-02-01,7.2500000000
2019-03-01,7.0430000000
2019-04-01,7.1035000000
2019-05-01,7.1728571429
2019-06-01,7.1063157895
2019-07-01,7.0352173913
2019-08-01,6.9938095238
2019-09-01,6.8575000000
2019-10-01,6.8117391304
2019-11-01,7.0004761905
2019-12-01,7.1266666667
2020-01-01,6.8580769231
2020-02-01,6.3340000000
2020-03-01,6.0904000000
2020-04-01,5.0982608696
2020-05-01,4.1580000000
2020-06-01,4.1012000000
2020-07-01,3.9459259259
2020-08-01,3.6924000000
2020-09-01,3.4464000000
2020-10-01,3.4707407407
2020-11-01,3.5916000000
2020-12-01,3.7604166667
2021-01-01,3.8108000000
2021-02-01,3.7700000000
2021-03-01,3.8156000000
2021-04-01,3.7747368421
2021-05-01,3.6052380952
2021-06-01,3.7576190476
2021-07-01,3.8736363636
2021-08-01,3.7252380952
2021-09-01,3.8361904762
2021-10-01,3.7566666667
2021-11-01,3.8090476190
2021-12-01,3.8709523810
2022-01-01,3.8695238095
2022-02-01,2.9770000000
2022-03-01,4.2218181818
2022-04-01,4.3016666667
2022-05-01,4.4580952381
2022-06-01,5.1252380952
2022-07-01,5.3861904762
2022-08-01,5.7377272727
2022-09-01,5.7777272727
2022-10-01,6.1220000000
2022-11-01,6.1827272727
2022-12-01,6.6052631579
2023-01-01,6.4680952381
2023-02-01,6.5815000000
2023-03-01,7.0922727273
2023-04-01,7.7188235294
2023-05-01,8.0431818182
2023-06-01,8.4857142857
2023-07-01,8.5676190476
2023-08-01,8.4372727273
2023-09-01,8.3245000000
2023-10-01,8.5518181818
2023-11-01,8.5136363636
2023-12-01,8.4472222222
2024-01-01,8.4768181818
2024-02-01,8.4600000000
2024-03-01,8.4457894737
2024-04-01,8.4314285714
2024-05-01,8.5300000000
2024-06-01,8.5300000000
2024-07-01,8.4500000000
2024-08-01,8.2300000000
2024-09-01,8.1000000000
2024-10-01,8.0000000000
2024-11-01,7.9200000000
2024-12-01,7.8000000000
2025-01-01,7.7500000000
2025-02-01,7.4200000000
2025-03-01,7.3600000000
2025-04-01,7.4200000000
2025-05-01,7.3500000000
2025-06-01,7.3000000000
2025-07-01,7.2000000000
2025-08-01,6.9700000000
2025-09-01,6.9100000000
2025-10-01,6.8900000000
2025-11-01,6.7700000000
2025-12-01,6.6600000000
2026-01-01,6.7500000000
2026-02-01,6.6100000000
2026-03-01,6.6900000000
2026-04-01,6.8100000000
2026-05-01,6.9100000000
2026-06-01,7.1100000000
2026-07-01,6.9900000000
2026-08-01,6.8300000000
