observation_date,IR3TIB01DKM156N
1987-01-01,10.5000000
1987-02-01,11.2000000
1987-03-01,10.4000000
1987-04-01,10.2000000
1987-05-01,10.0000000
1987-06-01,9.7000000
1987-07-01,10.0000000
1987-08-01,9.9000000
1987-09-01,9.8000000
1987-10-01,10.2000000
1987-11-01,9.9000000
1987-12-01,9.5000000
1988-01-01,8.9000000
1988-02-01,8.7000000
1988-03-01,8.9000000
1988-04-01,9.5000000
1988-05-01,9.0000000
1988-06-01,8.6712000
1988-07-01,8.6524905
1988-08-01,8.2746174
1988-09-01,8.1896773
1988-10-01,8.1063714
1988-11-01,8.0892000
1988-12-01,8.1156091
1989-01-01,8.0555318
1989-02-01,8.1215150
1989-03-01,8.2893435
1989-04-01,8.4072800
1989-05-01,8.9316522
1989-06-01,9.2783318
1989-07-01,9.3838095
1989-08-01,9.5813609
1989-09-01,9.4082762
1989-10-01,9.8193727
1989-11-01,11.3620773
1989-12-01,12.1916000
1990-01-01,12.1211348
1990-02-01,12.2083700
1990-03-01,12.3759773
1990-04-01,12.0823143
1990-05-01,11.3575913
1990-06-01,10.7609619
1990-07-01,10.6943864
1990-08-01,10.3295609
1990-09-01,10.5448000
1990-10-01,10.7487217
1990-11-01,10.4303682
1990-12-01,10.4818762
1991-01-01,10.5211826
1991-02-01,10.5911750
1991-03-01,10.3301762
1991-04-01,10.1295682
1991-05-01,9.9908000
1991-06-01,9.7575050
1991-07-01,9.5037696
1991-08-01,9.4889000
1991-09-01,9.7051238
1991-10-01,9.8230087
1991-11-01,9.6689571
1991-12-01,9.5063227
1992-01-01,9.9012391
1992-02-01,10.1725600
1992-03-01,10.2101182
1992-04-01,10.1781318
1992-05-01,10.2057190
1992-06-01,10.5457364
1992-07-01,10.6460739
1992-08-01,11.1949619
1992-09-01,12.7606545
1992-10-01,13.0113727
1992-11-01,13.0818619
1992-12-01,18.4646783
1993-01-01,14.5684524
1993-02-01,17.3233300
1993-03-01,13.3701522
1993-04-01,10.7178000
1993-05-01,9.1531810
1993-06-01,8.1473545
1993-07-01,10.6901545
1993-08-01,12.0788591
1993-09-01,10.1565227
1993-10-01,8.6858714
1993-11-01,8.0077318
1993-12-01,7.5194957
1994-01-01,6.3868190
1994-02-01,6.3787500
1994-03-01,6.2256565
1994-04-01,6.1890476
1994-05-01,5.9252864
1994-06-01,6.2206364
1994-07-01,6.1329524
1994-08-01,6.6042609
1994-09-01,6.6050000
1994-10-01,6.4303810
1994-11-01,6.3276364
1994-12-01,6.2009091
1995-01-01,6.1990909
1995-02-01,5.9692000
1995-03-01,7.3180000
1995-04-01,7.0558000
1995-05-01,6.7857391
1995-06-01,6.7223636
1995-07-01,6.5439048
1995-08-01,6.0748696
1995-09-01,5.7115238
1995-10-01,5.6965182
1995-11-01,5.3679091
1995-12-01,4.9884762
1996-01-01,4.5626087
1996-02-01,4.4518333
1996-03-01,4.3414286
1996-04-01,3.9737500
1996-05-01,3.8421739
1996-06-01,3.9593750
1996-07-01,3.9284783
1996-08-01,3.9159091
1996-09-01,3.8369048
1996-10-01,3.6727217
1996-11-01,3.6684762
1996-12-01,3.6477273
1997-01-01,3.6339130
1997-02-01,3.6232000
1997-03-01,3.6841905
1997-04-01,3.6707273
1997-05-01,3.6328182
1997-06-01,3.6219048
1997-07-01,3.6210435
1997-08-01,3.6544762
1997-09-01,3.6653636
1997-10-01,3.9343478
1997-11-01,4.0112000
1997-12-01,4.0203478
1998-01-01,3.9332727
1998-02-01,3.8783000
1998-03-01,3.8801818
1998-04-01,3.9182955
1998-05-01,4.5803571
1998-06-01,4.1438636
1998-07-01,4.1744565
1998-08-01,4.3344048
1998-09-01,4.9120455
1998-10-01,4.8479545
1998-11-01,4.4296429
1998-12-01,4.2321739
1999-01-01,3.8875000
1999-02-01,3.6150000
1999-03-01,3.4590217
1999-04-01,3.1597727
1999-05-01,3.1084524
1999-06-01,3.1267045
1999-07-01,3.1730682
1999-08-01,3.2072727
1999-09-01,3.1752273
1999-10-01,3.6907143
1999-11-01,3.8526136
1999-12-01,3.7984783
2000-01-01,3.7164286
2000-02-01,3.9332143
2000-03-01,4.1847826
2000-04-01,4.3245000
2000-05-01,4.7013043
2000-06-01,5.1411364
2000-07-01,5.7754762
2000-08-01,5.6575000
2000-09-01,6.0978571
2000-10-01,5.5529545
2000-11-01,5.4961364
2000-12-01,5.3851190
2001-01-01,5.3435435
2001-02-01,5.2720000
2001-03-01,5.1621591
2001-04-01,5.1120238
2001-05-01,5.1091304
2001-06-01,4.9641667
2001-07-01,4.9323864
2001-08-01,4.8077174
2001-09-01,4.4333750
2001-10-01,3.9595652
2001-11-01,3.7010227
2001-12-01,3.6348810
2002-01-01,3.6329348
2002-02-01,3.6046250
2002-03-01,3.6404762
2002-04-01,3.6668182
2002-05-01,3.7255435
2002-06-01,3.7331250
2002-07-01,3.6778261
2002-08-01,3.5789773
2002-09-01,3.4522619
2002-10-01,3.4358652
2002-11-01,3.3108333
2002-12-01,3.0653409
2003-01-01,2.9747826
2003-02-01,2.8342500
2003-03-01,2.6663095
2003-04-01,2.6713636
2003-05-01,2.5352273
2003-06-01,2.2173810
2003-07-01,2.1779348
2003-08-01,2.1850000
2003-09-01,2.1860227
2003-10-01,2.1955435
2003-11-01,2.2126250
2003-12-01,2.2238043
2004-01-01,2.1942045
2004-02-01,2.1792500
2004-03-01,2.1446739
2004-04-01,2.1686364
2004-05-01,2.1959524
2004-06-01,2.2098864
2004-07-01,2.2182955
2004-08-01,2.2087500
2004-09-01,2.2107955
2004-10-01,2.2057143
2004-11-01,2.2063636
2004-12-01,2.1980435
2005-01-01,2.1958333
2005-02-01,2.1893750
2005-03-01,2.1861957
2005-04-01,2.1809476
2005-05-01,2.1758500
2005-06-01,2.1609091
2005-07-01,2.1627810
2005-08-01,2.1729087
2005-09-01,2.1765864
2005-10-01,2.2177810
2005-11-01,2.3907682
2005-12-01,2.4810000
2006-01-01,2.5246409
2006-02-01,2.6574100
2006-03-01,2.8476739
2006-04-01,2.9179250
2006-05-01,2.9781565
2006-06-01,3.0786273
2006-07-01,3.2044381
2006-08-01,3.3310826
2006-09-01,3.4463476
2006-10-01,3.6145455
2006-11-01,3.7244682
2006-12-01,3.8404095
2007-01-01,3.9189783
2007-02-01,3.9949250
2007-03-01,4.0725773
2007-04-01,4.1617524
2007-05-01,4.2822435
2007-06-01,4.3719048
2007-07-01,4.4157591
2007-08-01,4.6605087
2007-09-01,4.8493300
2007-10-01,4.8355696
2007-11-01,4.8184045
2007-12-01,4.9178667
2008-01-01,4.7256522
2008-02-01,4.6147667
2008-03-01,4.8092048
2008-04-01,4.9956818
2008-05-01,5.1432455
2008-06-01,5.3245238
2008-07-01,5.3789087
2008-08-01,5.3833381
2008-09-01,5.4175773
2008-10-01,5.9902957
2008-11-01,6.0757450
2008-12-01,5.2917391
2009-01-01,4.4427500
2009-02-01,3.8595350
2009-03-01,3.2772727
2009-04-01,2.9430000
2009-05-01,2.6656524
2009-06-01,2.3451818
2009-07-01,2.0641913
2009-08-01,1.9379905
2009-09-01,1.7624682
2009-10-01,1.5828182
2009-11-01,1.5586667
2009-12-01,1.5517609
2010-01-01,1.4629048
2010-02-01,1.3926500
2010-03-01,1.3716739
2010-04-01,1.2837500
2010-05-01,1.2519889
2010-06-01,1.1519773
2010-07-01,1.1340909
2010-08-01,1.1445455
2010-09-01,1.1460227
2010-10-01,1.1913095
2010-11-01,1.2387273
2010-12-01,1.2116667
2011-01-01,1.2160714
2011-02-01,1.2397500
2011-03-01,1.3073913
2011-04-01,1.4121429
2011-05-01,1.4573864
2011-06-01,1.5064773
2011-07-01,1.6625000
2011-08-01,1.6041304
2011-09-01,1.4365909
2011-10-01,1.3973810
2011-11-01,1.2877273
2011-12-01,1.0802045
2012-01-01,1.0069318
2012-02-01,1.0007143
2012-03-01,0.9878182
2012-04-01,0.9664524
2012-05-01,0.9014130
2012-06-01,0.6233333
2012-07-01,0.4064773
2012-08-01,0.3124348
2012-09-01,0.3217000
2012-10-01,0.3345217
2012-11-01,0.3008182
2012-12-01,0.2776190
2013-01-01,0.3040000
2013-02-01,0.3285000
2013-03-01,0.2734524
2013-04-01,0.2599227
2013-05-01,0.2403261
2013-06-01,0.2572500
2013-07-01,0.2683696
2013-08-01,0.2680682
2013-09-01,0.2710714
2013-10-01,0.2730435
2013-11-01,0.2535714
2013-12-01,0.2587500
2014-01-01,0.2763043
2014-02-01,0.2680000
2014-03-01,0.2929762
2014-04-01,0.3061842
2014-05-01,0.3475000
2014-06-01,0.3639474
2014-07-01,0.3778261
2014-08-01,0.3665476
2014-09-01,0.2868182
2014-10-01,0.2963043
2014-11-01,0.2953750
2014-12-01,0.3017105
2015-01-01,0.1826190
2015-02-01,-0.3271250
2015-03-01,-0.1901136
2015-04-01,-0.1931579
2015-05-01,-0.1765789
2015-06-01,-0.1964053
2015-07-01,-0.1573913
2015-08-01,-0.0685714
2015-09-01,-0.0138636
2015-10-01,-0.0700773
2015-11-01,-0.1417857
2015-12-01,-0.1273750
2016-01-01,-0.0588750
2016-02-01,-0.0769048
2016-03-01,-0.0767500
2016-04-01,-0.0911250
2016-05-01,-0.0942105
2016-06-01,-0.1678409
2016-07-01,-0.1857143
2016-08-01,-0.2058696
2016-09-01,-0.1918182
2016-10-01,-0.1952381
2016-11-01,-0.1837500
2016-12-01,-0.2028571
2017-01-01,-0.2293182
2017-02-01,-0.2332500
2017-03-01,-0.2540217
2017-04-01,-0.2569118
2017-05-01,-0.2327500
2017-06-01,-0.2263095
2017-07-01,-0.2397619
2017-08-01,-0.2658696
2017-09-01,-0.3061905
2017-10-01,-0.3060227
2017-11-01,-0.3111364
2017-12-01,-0.3035526
2018-01-01,-0.3070455
2018-02-01,-0.3007500
2018-03-01,-0.2986250
2018-04-01,-0.2889474
2018-05-01,-0.2845000
2018-06-01,-0.3035000
2018-07-01,-0.3019318
2018-08-01,-0.2993478
2018-09-01,-0.3037500
2018-10-01,-0.3058696
2018-11-01,-0.3028409
2018-12-01,-0.2938235
2019-01-01,-0.2955682
2019-02-01,-0.3155000
2019-03-01,-0.3178571
2019-04-01,-0.3294737
2019-05-01,-0.3390000
2019-06-01,-0.3561111
2019-07-01,-0.3897826
2019-08-01,-0.4309091
2019-09-01,-0.4477381
2019-10-01,-0.4278304
2019-11-01,-0.4136429
2019-12-01,-0.4005500
2020-01-01,-0.4078909
2020-02-01,-0.4089900
2020-03-01,-0.3628727
2020-04-01,-0.1226368
2020-05-01,-0.1266722
2020-06-01,-0.1664950
2020-07-01,-0.1871130
2020-08-01,-0.2068286
2020-09-01,-0.2257773
2020-10-01,-0.2192364
2020-11-01,-0.2285714
2020-12-01,-0.2236650
2021-01-01,-0.2378450
2021-02-01,-0.2273300
2021-03-01,-0.2076957
2021-04-01,-0.2098167
2021-05-01,-0.2090833
2021-06-01,-0.2103409
2021-07-01,-0.2094000
2021-08-01,-0.2107500
2021-09-01,-0.2142500
2021-10-01,-0.2763429
2021-11-01,-0.2752381
2021-12-01,-0.2728667
2022-01-01,-0.2947762
2022-02-01,-0.2673400
2022-03-01,-0.2436364
2022-04-01,-0.2107333
2022-05-01,-0.1533368
2022-06-01,0.0142857
2022-07-01,0.2804762
2022-08-01,0.6946391
2022-09-01,1.3448455
2022-10-01,1.8012810
2022-11-01,2.0906045
2022-12-01,2.3325429
2023-01-01,2.6197045
2023-02-01,2.8556650
2023-03-01,3.0727565
2023-04-01,3.2815706
2023-05-01,3.3961368
2023-06-01,3.5623762
2023-07-01,3.7208000
2023-08-01,3.8014435
2023-09-01,3.9101571
2023-10-01,3.9654545
2023-11-01,3.9519636
2023-12-01,3.9068474
2024-01-01,3.8895409
2024-02-01,3.8779333
2024-03-01,3.8787632
2024-04-01,3.8225429
2024-05-01,3.7343350
2024-06-01,3.6473632
2024-07-01,3.5869609
2024-08-01,3.4462045
2024-09-01,3.3398381
2024-10-01,3.0785522
2024-11-01,2.8942857
2024-12-01,2.7555556
2025-01-01,2.6233318
2025-02-01,2.4583350
2025-03-01,2.3644381
2025-04-01,2.1856105
2025-05-01,2.0488350
2025-06-01,1.9700000
2025-07-01,1.9523174
2025-08-01,1.9641190
2025-09-01,1.9789182
2025-10-01,1.9814478
2025-11-01,1.9900000
2025-12-01,1.9950684
2026-01-01,2.0053350
2026-02-01,1.9900000
2026-03-01,2.1000000
2026-04-01,2.1700000
2026-05-01,2.2100000
2026-06-01,2.2900000
2026-07-01,2.3800000
2026-08-01,2.4800000
