observation_date,TRESEGIDM052N
1950-12-01,147.0000000000
1951-01-01,
1951-02-01,
1951-03-01,
1951-04-01,
1951-05-01,
1951-06-01,
1951-07-01,
1951-08-01,
1951-09-01,
1951-10-01,
1951-11-01,
1951-12-01,231.0000000000
1952-01-01,
1952-02-01,
1952-03-01,
1952-04-01,
1952-05-01,
1952-06-01,
1952-07-01,
1952-08-01,
1952-09-01,
1952-10-01,
1952-11-01,
1952-12-01,79.0000000000
1953-01-01,
1953-02-01,
1953-03-01,
1953-04-01,
1953-05-01,
1953-06-01,
1953-07-01,
1953-08-01,
1953-09-01,
1953-10-01,
1953-11-01,
1953-12-01,65.0000000000
1954-01-01,
1954-02-01,
1954-03-01,
1954-04-01,
1954-05-01,
1954-06-01,
1954-07-01,
1954-08-01,
1954-09-01,
1954-10-01,
1954-11-01,
1954-12-01,163.5000000000
1955-01-01,
1955-02-01,
1955-03-01,
1955-04-01,
1955-05-01,
1955-06-01,
1955-07-01,
1955-08-01,
1955-09-01,
1955-10-01,
1955-11-01,
1955-12-01,226.5000000000
1956-01-01,
1956-02-01,
1956-03-01,
1956-04-01,
1956-05-01,
1956-06-01,
1956-07-01,
1956-08-01,
1956-09-01,
1956-10-01,
1956-11-01,
1956-12-01,210.0000000000
1957-01-01,
1957-02-01,
1957-03-01,
1957-04-01,
1957-05-01,
1957-06-01,
1957-07-01,
1957-08-01,
1957-09-01,
1957-10-01,
1957-11-01,
1957-12-01,185.0000000000
1958-01-01,
1958-02-01,
1958-03-01,
1958-04-01,
1958-05-01,
1958-06-01,
1958-07-01,
1958-08-01,
1958-09-01,
1958-10-01,
1958-11-01,
1958-12-01,180.0000000000
1959-01-01,
1959-02-01,
1959-03-01,
1959-04-01,
1959-05-01,
1959-06-01,
1959-07-01,
1959-08-01,
1959-09-01,
1959-10-01,
1959-11-01,
1959-12-01,267.0000000000
1960-01-01,
1960-02-01,
1960-03-01,
1960-04-01,
1960-05-01,
1960-06-01,
1960-07-01,
1960-08-01,
1960-09-01,
1960-10-01,
1960-11-01,
1960-12-01,293.7500000000
1961-01-01,
1961-02-01,
1961-03-01,
1961-04-01,
1961-05-01,
1961-06-01,
1961-07-01,
1961-08-01,
1961-09-01,
1961-10-01,
1961-11-01,
1961-12-01,89.0000000000
1962-01-01,
1962-02-01,
1962-03-01,
1962-04-01,
1962-05-01,
1962-06-01,
1962-07-01,
1962-08-01,
1962-09-01,
1962-10-01,
1962-11-01,
1962-12-01,63.0000000000
1963-01-01,
1963-02-01,
1963-03-01,
1963-04-01,
1963-05-01,
1963-06-01,
1963-07-01,
1963-08-01,
1963-09-01,
1963-10-01,
1963-11-01,
1963-12-01,21.0000000000
1964-01-01,
1964-02-01,
1964-03-01,
1964-04-01,
1964-05-01,
1964-06-01,
1964-07-01,
1964-08-01,
1964-09-01,
1964-10-01,
1964-11-01,
1964-12-01,21.0000000000
1965-01-01,
1965-02-01,
1965-03-01,15.0000000000
1965-04-01,
1965-05-01,
1965-06-01,20.0000000000
1965-07-01,
1965-08-01,
1965-09-01,22.0000000000
1965-10-01,
1965-11-01,
1965-12-01,17.0000000000
1966-01-01,
1966-02-01,
1966-03-01,13.0000000000
1966-04-01,
1966-05-01,
1966-06-01,13.0000000000
1966-07-01,
1966-08-01,
1966-09-01,27.0000000000
1966-10-01,
1966-11-01,
1966-12-01,19.0000000000
1967-01-01,
1967-02-01,
1967-03-01,13.0000000000
1967-04-01,
1967-05-01,
1967-06-01,16.0000000000
1967-07-01,
1967-08-01,
1967-09-01,15.0000000000
1967-10-01,
1967-11-01,
1967-12-01,2.0000000000
1968-01-01,
1968-02-01,
1968-03-01,7.0000000000
1968-04-01,
1968-05-01,
1968-06-01,3.0000000000
1968-07-01,
1968-08-01,
1968-09-01,1.0000000000
1968-10-01,
1968-11-01,
1968-12-01,82.5000000000
1969-01-01,
1969-02-01,
1969-03-01,
1969-04-01,
1969-05-01,
1969-06-01,
1969-07-01,
1969-08-01,
1969-09-01,
1969-10-01,
1969-11-01,
1969-12-01,117.7000000000
1970-01-01,
1970-02-01,
1970-03-01,
1970-04-01,
1970-05-01,
1970-06-01,
1970-07-01,
1970-08-01,
1970-09-01,
1970-10-01,
1970-11-01,
1970-12-01,156.0200000000
1971-01-01,159.5400000000
1971-02-01,151.8400000000
1971-03-01,180.9400000000
1971-04-01,149.7900000000
1971-05-01,127.1900000000
1971-06-01,102.4300000000
1971-07-01,177.7300000000
1971-08-01,167.9300000000
1971-09-01,166.7300000000
1971-10-01,180.2300000000
1971-11-01,185.2300000000
1971-12-01,142.6325715217
1972-01-01,228.6549427609
1972-02-01,208.6549427609
1972-03-01,264.3018240469
1972-04-01,297.8921068752
1972-05-01,291.8658216574
1972-06-01,361.1926823069
1972-07-01,389.1926823069
1972-08-01,368.8789642663
1972-09-01,470.5789642663
1972-10-01,523.9686825242
1972-11-01,548.2549644835
1972-12-01,572.2012540458
1973-01-01,606.1012540458
1973-02-01,607.2233548986
1973-03-01,680.3757404449
1973-04-01,647.3668496802
1973-05-01,637.2398697642
1973-06-01,770.4512938566
1973-07-01,854.5512938566
1973-08-01,815.3811388398
1973-09-01,914.0236745793
1973-10-01,873.2306593188
1973-11-01,789.7827251844
1973-12-01,804.7347548733
1974-01-01,865.9506183187
1974-02-01,847.7420472346
1974-03-01,930.1146752848
1974-04-01,1278.0616624360
1974-05-01,1260.7375355285
1974-06-01,1383.7565716629
1974-07-01,1824.6324608793
1974-08-01,1680.8687777131
1974-09-01,1586.5916498548
1974-10-01,2023.9808027065
1974-11-01,1732.0754080478
1974-12-01,1489.5004506871
1975-01-01,1621.9162346827
1975-02-01,1392.7990460893
1975-03-01,938.3839302364
1975-04-01,906.9798690948
1975-05-01,551.1103388331
1975-06-01,651.7851706482
1975-07-01,727.0910249183
1975-08-01,566.9474469552
1975-09-01,435.2930912522
1975-10-01,779.3296740393
1975-11-01,558.5359454862
1975-12-01,584.3336821983
1976-01-01,1036.7215189073
1976-02-01,863.9214321698
1976-03-01,757.7426533081
1976-04-01,1184.1877105824
1976-05-01,1101.3377738738
1976-06-01,951.0531351411
1976-07-01,1418.7565507170
1976-08-01,1300.2721443585
1976-09-01,1199.8977691436
1976-10-01,1723.3881134439
1976-11-01,1712.8682764225
1976-12-01,1496.5170359409
1977-01-01,1784.1784434435
1977-02-01,1781.9717192402
1977-03-01,1787.5215709165
1977-04-01,2272.4036261125
1977-05-01,2191.3954464855
1977-06-01,2066.0304980492
1977-07-01,2460.6546829460
1977-08-01,2444.6646938967
1977-09-01,2407.3010589286
1977-10-01,2857.5121186847
1977-11-01,2817.5023479927
1977-12-01,2508.7354260106
1978-01-01,2676.5724896823
1978-02-01,2456.5111631767
1978-03-01,2302.3922066139
1978-04-01,2503.4715057723
1978-05-01,2270.0772181451
1978-06-01,2162.9926472813
1978-07-01,2633.5914205300
1978-08-01,2478.5343882738
1978-09-01,2374.6626955613
1978-10-01,2862.6644004847
1978-11-01,2715.1538307993
1978-12-01,2626.1166968457
1979-01-01,2996.3863618944
1979-02-01,2939.2702852088
1979-03-01,2939.6412299881
1979-04-01,3156.2942553912
1979-05-01,3257.3531694339
1979-06-01,3194.8357634790
1979-07-01,3445.9235083126
1979-08-01,3354.5859115151
1979-09-01,3290.4786528127
1979-10-01,3785.3676313130
1979-11-01,3980.9583391305
1979-12-01,4061.8208247385
1980-01-01,4712.2840589677
1980-02-01,4570.3577579494
1980-03-01,4182.5563739748
1980-04-01,4824.6344731696
1980-05-01,5013.7903201735
1980-06-01,5407.7503481416
1980-07-01,6019.2758598425
1980-08-01,5835.5103373356
1980-09-01,5626.5524508222
1980-10-01,6101.1042021465
1980-11-01,5605.3009707811
1980-12-01,5391.6964293294
1981-01-01,5993.4772944848
1981-02-01,5525.3560160431
1981-03-01,6145.4420600544
1981-04-01,6603.2862600293
1981-05-01,6163.9865461358
1981-06-01,5835.3263573959
1981-07-01,6421.0508859656
1981-08-01,5917.0760641422
1981-09-01,5560.3143629467
1981-10-01,6224.8464572436
1981-11-01,5784.1286803038
1981-12-01,5014.1697144737
1982-01-01,5430.2455469308
1982-02-01,5353.0253555190
1982-03-01,5234.8767592311
1982-04-01,4750.9040538372
1982-05-01,4483.2525185722
1982-06-01,3712.6728037988
1982-07-01,3859.0076713761
1982-08-01,3348.6802968995
1982-09-01,3279.0030588674
1982-10-01,3312.5519994185
1982-11-01,3166.0518417267
1982-12-01,3144.4625975443
1983-01-01,3059.5860407682
1983-02-01,2765.2224271688
1983-03-01,1831.3826156203
1983-04-01,2179.9420539128
1983-05-01,2552.5740385748
1983-06-01,2703.0496058401
1983-07-01,3153.1250185063
1983-08-01,3428.8420766912
1983-09-01,3506.1346093051
1983-10-01,3615.7730223472
1983-11-01,3644.9867354486
1983-12-01,3718.3932105741
1984-01-01,3745.0740184766
1984-02-01,3986.4594691681
1984-03-01,4065.9547458971
1984-04-01,4121.1743456292
1984-05-01,4172.5864879728
1984-06-01,4300.8446278861
1984-07-01,4534.3410092719
1984-08-01,4566.6023138547
1984-09-01,4749.9171828172
1984-10-01,4747.7155134318
1984-11-01,4722.1727000208
1984-12-01,4773.0062881145
1985-01-01,4767.1158778054
1985-02-01,4717.2182289168
1985-03-01,5049.4482950864
1985-04-01,5077.0995827180
1985-05-01,5099.1060967133
1985-06-01,4934.9215269736
1985-07-01,5059.6999585054
1985-08-01,5057.9246666114
1985-09-01,5093.7886919581
1985-10-01,5214.7567546135
1985-11-01,5328.0143819144
1985-12-01,4974.2413884007
1986-01-01,5063.6156916342
1986-02-01,5259.0296381058
1986-03-01,4860.6397152061
1986-04-01,5040.9744511213
1986-05-01,4887.3445277670
1986-06-01,4858.8083889733
1986-07-01,4993.4188907359
1986-08-01,4991.4641241642
1986-09-01,4639.8929039460
1986-10-01,4529.5911573102
1986-11-01,4593.4763168087
1986-12-01,4051.2685479432
1987-01-01,3565.8614526556
1987-02-01,3888.2792217643
1987-03-01,4005.3138590695
1987-04-01,4491.0130705123
1987-05-01,4111.2358636217
1987-06-01,4146.6700074125
1987-07-01,5428.1069557614
1987-08-01,5019.8338592045
1987-09-01,4975.0466786953
1987-10-01,5060.0956602153
1987-11-01,5420.7800730860
1987-12-01,5592.3247967768
1988-01-01,5085.1908176651
1988-02-01,5158.4797890439
1988-03-01,5410.2993368755
1988-04-01,5259.5467229566
1988-05-01,5246.1966561574
1988-06-01,5304.1154652687
1988-07-01,4868.3863143702
1988-08-01,4955.7212124335
1988-09-01,4955.8889232993
1988-10-01,4730.0601017510
1988-11-01,5056.1573981718
1988-12-01,5048.3197669255
1989-01-01,4710.4748669411
1989-02-01,4608.8900729464
1989-03-01,4850.6752446450
1989-04-01,5222.3399955948
1989-05-01,4905.5562865315
1989-06-01,4376.7591883538
1989-07-01,4703.4951075061
1989-08-01,4371.0697493238
1989-09-01,4379.5143593944
1989-10-01,4602.8363668890
1989-11-01,4504.4962733559
1989-12-01,5453.5311010067
1990-01-01,5160.1021076911
1990-02-01,4948.5099090083
1990-03-01,5239.3264562791
1990-04-01,4640.7226057283
1990-05-01,4006.2836917304
1990-06-01,4693.0050624868
1990-07-01,5391.6644279354
1990-08-01,5680.9822557621
1990-09-01,5424.2841804763
1990-10-01,5735.9125622389
1990-11-01,6065.8643838548
1990-12-01,7459.0578552019
1991-01-01,7332.0798989928
1991-02-01,8493.2633501904
1991-03-01,8069.2789773416
1991-04-01,8090.2265908664
1991-05-01,8412.7770716010
1991-06-01,8673.3234639956
1991-07-01,8538.7705210640
1991-08-01,8467.3821378434
1991-09-01,8478.8190150479
1991-10-01,8566.9565353448
1991-11-01,9284.8125507414
1991-12-01,9257.9394112346
1992-01-01,9495.6445678754
1992-02-01,9249.7387980557
1992-03-01,9619.7620027435
1992-04-01,10087.9240637756
1992-05-01,10630.5206487287
1992-06-01,10714.3069755127
1992-07-01,11025.4265784761
1992-08-01,11212.5538161543
1992-09-01,10724.1235772358
1992-10-01,10413.0073628861
1992-11-01,10744.3802135734
1992-12-01,10448.6110027913
1993-01-01,10876.5124714987
1993-02-01,10935.7519561299
1993-03-01,11046.3568732965
1993-04-01,11198.1530918128
1993-05-01,11026.8660816600
1993-06-01,11063.4834779045
1993-07-01,10967.3801207425
1993-08-01,11101.1002979848
1993-09-01,11236.3231195188
1993-10-01,11176.4005635349
1993-11-01,11198.7578112253
1993-12-01,11262.6567515158
1994-01-01,11366.0505597252
1994-02-01,11676.7828908059
1994-03-01,11640.0738906876
1994-04-01,10779.0416277090
1994-05-01,10608.7692296790
1994-06-01,10914.8682146830
1994-07-01,10644.1088928402
1994-08-01,11312.9707202316
1994-09-01,11346.4436484389
1994-10-01,11443.8620670715
1994-11-01,12351.1666537502
1994-12-01,12132.6785630136
1995-01-01,11953.4822148781
1995-02-01,11939.3334902947
1995-03-01,12287.7890232998
1995-04-01,12329.8020292112
1995-05-01,12468.1063272787
1995-06-01,12844.8614623647
1995-07-01,13298.9155513899
1995-08-01,13187.3031790096
1995-09-01,13249.1383282872
1995-10-01,13265.6528913639
1995-11-01,13574.9561600880
1995-12-01,13708.2471159220
1996-01-01,13731.4217599401
1996-02-01,14956.4672360262
1996-03-01,14953.2298386095
1996-04-01,14951.6215138865
1996-05-01,14946.6729662298
1996-06-01,15579.4415936216
1996-07-01,15497.6052176181
1996-08-01,15476.8719911433
1996-09-01,15489.7918056383
1996-10-01,15655.8467573356
1996-11-01,16913.9001235148
1996-12-01,18251.1047173555
1997-01-01,18957.3872381702
1997-02-01,18962.8228502617
1997-03-01,19011.7872321747
1997-04-01,19505.6334993814
1997-05-01,20161.5625714512
1997-06-01,20336.3045097857
1997-07-01,20233.1590201931
1997-08-01,19276.1049855052
1997-09-01,20275.1781598854
1997-10-01,18328.5011010845
1997-11-01,18074.6468298423
1997-12-01,16586.8894118885
1998-01-01,18147.5501947410
1998-02-01,15478.7778896372
1998-03-01,15769.9537311957
1998-04-01,16882.6272307361
1998-05-01,18168.7100633097
1998-06-01,17949.9191598492
1998-07-01,18608.8894108904
1998-08-01,18971.6457299935
1998-09-01,19649.9992145064
1998-10-01,20813.9137219721
1998-11-01,21795.0635399026
1998-12-01,22713.3751765311
1999-01-01,23751.0316536514
1999-02-01,23591.6247978282
1999-03-01,25160.7438380475
1999-04-01,24924.2369724985
1999-05-01,25396.2425912432
1999-06-01,26318.6495224253
1999-07-01,26039.0988985384
1999-08-01,26181.0219661810
1999-09-01,26032.4185825836
1999-10-01,26264.9745919974
1999-11-01,26254.6118738410
1999-12-01,26445.0324173645
2000-01-01,27060.9237156471
2000-02-01,27584.8871322003
2000-03-01,28460.9018479110
2000-04-01,28084.6557629645
2000-05-01,27768.8115403654
2000-06-01,28686.6291200569
2000-07-01,28339.6559530032
2000-08-01,31105.1245476917
2000-09-01,28859.4089560937
2000-10-01,28117.8999946268
2000-11-01,28005.5956274710
2000-12-01,28501.8601114768
2001-01-01,28743.4901256390
2001-02-01,28507.3670801296
2001-03-01,28088.7763101000
2001-04-01,28139.7601355157
2001-05-01,27988.0070957789
2001-06-01,27967.4514390349
2001-07-01,28208.6850910130
2001-08-01,27699.5927240967
2001-09-01,28151.5676832648
2001-10-01,27818.1536623272
2001-11-01,27258.3877238584
2001-12-01,27246.2096803382
2002-01-01,26988.5241248253
2002-02-01,27106.6036918485
2002-03-01,27169.6664200274
2002-04-01,27286.2255204570
2002-05-01,27785.2502985294
2002-06-01,28329.5164679617
2002-07-01,29409.2524352876
2002-08-01,29154.2595480082
2002-09-01,29018.4917819725
2002-10-01,29018.3215341794
2002-11-01,29014.9736740360
2002-12-01,30970.7174974441
2003-01-01,31048.6861701571
2003-02-01,31134.0269390631
2003-03-01,31558.8724769684
2003-04-01,32605.7585854476
2003-05-01,33054.0386913861
2003-06-01,32989.7661163161
2003-07-01,32578.2354495572
2003-08-01,32349.8663971816
2003-09-01,32841.7868916589
2003-10-01,33597.8819161780
2003-11-01,33847.8026220018
2003-12-01,34962.3113915962
2004-01-01,34671.8745888247
2004-02-01,34736.2215184965
2004-03-01,36073.1874372633
2004-04-01,35840.4041962296
2004-05-01,35231.5083508245
2004-06-01,33609.2115377002
2004-07-01,33590.9437962291
2004-08-01,33547.7878373562
2004-09-01,33502.4923386384
2004-10-01,34020.0883705280
2004-11-01,34511.5404933326
2004-12-01,34952.4959093168
2005-01-01,34829.4887449995
2005-02-01,35203.1875296057
2005-03-01,34714.8988105274
2005-04-01,35095.1221699523
2005-05-01,33320.7184037694
2005-06-01,32601.5030759595
2005-07-01,30972.3737205818
2005-08-01,29851.3767261112
2005-09-01,28860.2981520778
2005-10-01,31191.9153286297
2005-11-01,31708.5975633029
2005-12-01,33140.4990492525
2006-01-01,33342.1893045902
2006-02-01,33817.9697783601
2006-03-01,38330.5305844933
2006-04-01,40844.8813161592
2006-05-01,42256.0414986933
2006-06-01,38488.4772232841
2006-07-01,39374.7858179358
2006-08-01,40430.6459989045
2006-09-01,40824.6164502056
2006-10-01,38353.2463168349
2006-11-01,40082.5894504335
2006-12-01,41103.1452815939
2007-01-01,41751.8091807138
2007-02-01,44102.8377142303
2007-03-01,45669.2716080463
2007-04-01,47718.9891910092
2007-05-01,48581.1565661020
2007-06-01,49405.5457622557
2007-07-01,50327.3052305412
2007-08-01,49863.6033148294
2007-09-01,51157.9763915287
2007-10-01,52316.3257517460
2007-11-01,53032.3745698566
2007-12-01,54976.4315232960
2008-01-01,53842.3343691125
2008-02-01,54873.6979076959
2008-03-01,56827.9700716344
2008-04-01,56704.2731861972
2008-05-01,55391.4447408358
2008-06-01,57295.0636527488
2008-07-01,58457.0476543890
2008-08-01,56388.6969613481
2008-09-01,55019.7074853504
2008-10-01,48805.0578684167
2008-11-01,48270.0793961078
2008-12-01,49596.7132213198
2009-01-01,48773.3011488402
2009-02-01,48365.4071717139
2009-03-01,52662.9554678910
2009-04-01,54457.5711660076
2009-05-01,55688.3303498902
2009-06-01,55380.6471036701
2009-07-01,55230.1909961509
2009-08-01,58114.7843339848
2009-09-01,59977.7794434410
2009-10-01,62091.4660472134
2009-11-01,63105.8592556453
2009-12-01,63563.2929681398
2010-01-01,67004.3073467916
2010-02-01,67143.9468477670
2010-03-01,69222.5412167183
2010-04-01,75849.5549577341
2010-05-01,71753.2396192547
2010-06-01,73431.0246978615
2010-07-01,76059.6639535152
2010-08-01,78418.1724993776
2010-09-01,83489.3046554912
2010-10-01,88673.0568126479
2010-11-01,89563.6901985951
2010-12-01,92908.0555840428
2011-01-01,92231.3118721524
2011-02-01,96333.7046963071
2011-03-01,102374.4942280653
2011-04-01,110212.6713814455
2011-05-01,112719.9930238514
2011-06-01,116130.2321962149
2011-07-01,118879.2694246639
2011-08-01,120545.9094505645
2011-09-01,110673.4236858606
2011-10-01,109854.4003905759
2011-11-01,107280.4054414955
2011-12-01,106538.7476624350
2012-01-01,107939.4958907106
2012-02-01,108041.8578884145
2012-03-01,106610.7086082083
2012-04-01,112510.8777378771
2012-05-01,107911.1277439329
2012-06-01,102857.7602648727
2012-07-01,102763.0571082258
2012-08-01,105096.3566729982
2012-09-01,106038.9973425001
2012-10-01,106288.1720672921
2012-11-01,107237.0165470742
2012-12-01,108837.3078330659
2013-01-01,104693.0678923161
2013-02-01,101274.0773036023
2013-03-01,100899.1561429274
2013-04-01,103640.2811478804
2013-05-01,101631.9974807221
2013-06-01,95001.4260022981
2013-07-01,89344.7678273555
2013-08-01,89462.0787926285
2013-09-01,92312.3715481971
2013-10-01,93584.9163988631
2013-11-01,93834.0635566445
2013-12-01,96363.5312390833
2014-01-01,97468.8558948612
2014-02-01,99408.6259438850
2014-03-01,99340.0121947616
2014-04-01,102303.8372632460
2014-05-01,103897.1538360815
2014-06-01,104374.6880610813
2014-07-01,107285.2403351112
2014-08-01,108023.1625492905
2014-09-01,108094.6057620037
2014-10-01,108950.1104334457
2014-11-01,108144.9136371144
2014-12-01,108835.5345619973
2015-01-01,111066.7628071150
2015-02-01,112481.7942453201
2015-03-01,108570.5545349391
2015-04-01,107850.4624203441
2015-05-01,107798.0249104169
2015-06-01,105083.9919699904
2015-07-01,104823.9698089261
2015-08-01,102489.0134558196
2015-09-01,98876.1494774595
2015-10-01,97836.2288709344
2015-11-01,97583.8054800865
2015-12-01,103268.2470887186
2016-01-01,99334.1285410360
2016-02-01,101451.5117050948
2016-03-01,104443.8096767322
2016-04-01,104565.4259350409
2016-05-01,100532.8329003114
2016-06-01,106477.4011690979
2016-07-01,108046.7258225474
2016-08-01,110225.9370405921
2016-09-01,112357.3220213057
2016-10-01,111845.8689443619
2016-11-01,108490.9814187973
2016-12-01,113493.3928510588
2017-01-01,113904.5892549271
2017-02-01,116709.6453940437
2017-03-01,118665.2599469744
2017-04-01,120083.3915940070
2017-05-01,121739.9780596808
2017-06-01,119948.9583097841
2017-07-01,124484.9150731326
2017-08-01,125386.9694815404
2017-09-01,126079.7014873807
2017-10-01,123253.0815554647
2017-11-01,122638.2050036447
2017-12-01,126857.3953829568
2018-01-01,128498.1720454506
2018-02-01,124612.6904424125
2018-03-01,122543.1912565460
2018-04-01,121437.8759184906
2018-05-01,119547.9401773647
2018-06-01,116681.8588598885
2018-07-01,115225.0499674492
2018-08-01,114902.1492655603
2018-09-01,111841.2862594720
2018-10-01,112068.7036784456
2018-11-01,114115.2462226329
2018-12-01,117424.6459429219
2019-01-01,116772.1930147213
2019-02-01,119934.0124811273
2019-03-01,121269.1998660616
2019-04-01,121039.1792471169
2019-05-01,117113.6093561008
2019-06-01,120281.9517993369
2019-07-01,122299.2870906620
2019-08-01,122549.4822055163
2019-09-01,120568.3370019209
2019-10-01,122915.4099321340
2019-11-01,122953.9190506394
2019-12-01,125339.3902206575
2020-01-01,127735.5598016914
2020-02-01,126302.3090685693
2020-03-01,116874.6556291843
2020-04-01,123563.2057700564
2020-05-01,126211.1252253061
2020-06-01,127236.0119119417
2020-07-01,130128.4788161316
2020-08-01,132062.0229467269
2020-09-01,130366.6493064318
2020-10-01,128828.3553018368
2020-11-01,129065.3973780667
2020-12-01,131139.0290658419
2021-01-01,133352.5324664509
2021-02-01,134292.8863478201
2021-03-01,132849.6000657017
2021-04-01,134332.5742659592
2021-05-01,131585.6715175072
2021-06-01,132654.2636800018
2021-07-01,132723.9219395287
2021-08-01,140209.6664779717
2021-09-01,142462.7494792811
2021-10-01,140945.7722934253
2021-11-01,141346.5418263574
2021-12-01,140310.2350874956
2022-01-01,136827.5850419831
2022-02-01,136604.3478919148
2022-03-01,134259.2322494401
2022-04-01,130864.3676410174
2022-05-01,130872.6999876502
2022-06-01,131759.2793109877
2022-07-01,127754.1868144156
2022-08-01,127836.5465409741
2022-09-01,126579.0378394467
2022-10-01,126038.2621863470
2022-11-01,129563.5583936846
2022-12-01,132644.3579802716
2023-01-01,134547.2285934664
2023-02-01,135754.8142274110
2023-03-01,140196.8544086030
2023-04-01,139131.9371335397
2023-05-01,134322.7625926968
2023-06-01,132642.6376661994
2023-07-01,132735.0233028308
2023-08-01,132175.9789697345
2023-09-01,130147.3645527108
2023-10-01,128113.2149850451
2023-11-01,132914.3513682707
2023-12-01,141149.3648571122
2024-01-01,139905.3643318328
2024-02-01,138899.2442658900
2024-03-01,134841.9535211497
2024-04-01,130363.5785209406
2024-05-01,133070.4459446761
2024-06-01,134304.1948475713
2024-07-01,139327.4881306317
2024-08-01,143869.7603560964
2024-09-01,143232.2546379640
2024-10-01,144216.2723273370
2024-11-01,143518.2701972439
2024-12-01,149117.6820334589
2025-01-01,149007.2796457768
2025-02-01,147262.5448893892
2025-03-01,149435.1796680122
2025-04-01,144109.8717649013
2025-05-01,144092.4281376082
2025-06-01,144250.5828496840
2025-07-01,143598.5886861702
2025-08-01,141883.3115715848
2025-09-01,138806.6007370213
2025-10-01,139041.9029757337
2025-11-01,138657.1914689393
2025-12-01,144531.0578696711
2026-01-01,140116.1439200256
2026-02-01,137397.5488235696
2026-03-01,135365.2443403597
2026-04-01,133341.9544356360
2026-05-01,132252.2196645460
2026-06-01,134307.0395521364
2026-07-01,133983.0890807822
