observation_date,TRESEGZAM052N
1950-12-01,261.0100000000
1951-01-01,
1951-02-01,
1951-03-01,
1951-04-01,
1951-05-01,
1951-06-01,
1951-07-01,
1951-08-01,
1951-09-01,
1951-10-01,
1951-11-01,
1951-12-01,222.0000000000
1952-01-01,
1952-02-01,
1952-03-01,
1952-04-01,
1952-05-01,
1952-06-01,
1952-07-01,
1952-08-01,
1952-09-01,
1952-10-01,
1952-11-01,
1952-12-01,236.0000000000
1953-01-01,
1953-02-01,
1953-03-01,
1953-04-01,
1953-05-01,
1953-06-01,
1953-07-01,
1953-08-01,
1953-09-01,
1953-10-01,
1953-11-01,
1953-12-01,144.0100000000
1954-01-01,
1954-02-01,
1954-03-01,
1954-04-01,
1954-05-01,
1954-06-01,
1954-07-01,
1954-08-01,
1954-09-01,
1954-10-01,
1954-11-01,
1954-12-01,242.0100000000
1955-01-01,
1955-02-01,
1955-03-01,
1955-04-01,
1955-05-01,
1955-06-01,
1955-07-01,
1955-08-01,
1955-09-01,
1955-10-01,
1955-11-01,
1955-12-01,179.0100000000
1956-01-01,
1956-02-01,
1956-03-01,
1956-04-01,
1956-05-01,
1956-06-01,
1956-07-01,
1956-08-01,
1956-09-01,
1956-10-01,
1956-11-01,
1956-12-01,173.0100000000
1957-01-01,178.0100000000
1957-02-01,181.0100000000
1957-03-01,174.0100000000
1957-04-01,155.0100000000
1957-05-01,150.0100000000
1957-06-01,146.0100000000
1957-07-01,126.0100000000
1957-08-01,112.0100000000
1957-09-01,120.0100000000
1957-10-01,109.0100000000
1957-11-01,96.0100000000
1957-12-01,97.0100000000
1958-01-01,104.0200000000
1958-02-01,80.0200000000
1958-03-01,62.0200000000
1958-04-01,43.0200000000
1958-05-01,45.0200000000
1958-06-01,59.0000000000
1958-07-01,56.0000000000
1958-08-01,50.0000000000
1958-09-01,62.0000000000
1958-10-01,70.0000000000
1958-11-01,69.0000000000
1958-12-01,105.0000000000
1959-01-01,99.0000000000
1959-02-01,116.0000000000
1959-03-01,137.0000000000
1959-04-01,143.0000000000
1959-05-01,124.0200000000
1959-06-01,138.0200000000
1959-07-01,160.0200000000
1959-08-01,167.0200000000
1959-09-01,169.5200000000
1959-10-01,194.5200000000
1959-11-01,206.0200000000
1959-12-01,230.5000000000
1960-01-01,229.5000000000
1960-02-01,213.5000000000
1960-03-01,192.5000000000
1960-04-01,146.5000000000
1960-05-01,110.5000000000
1960-06-01,109.5000000000
1960-07-01,108.5000000000
1960-08-01,97.5000000000
1960-09-01,105.5000000000
1960-10-01,102.5000000000
1960-11-01,99.5000000000
1960-12-01,91.0000000000
1961-01-01,92.5000000000
1961-02-01,75.0000000000
1961-03-01,66.0000000000
1961-04-01,59.0000000000
1961-05-01,67.0000000000
1961-06-01,64.0000000000
1961-07-01,69.0000000000
1961-08-01,68.0000000000
1961-09-01,75.0000000000
1961-10-01,95.0000000000
1961-11-01,100.0000000000
1961-12-01,95.0100000000
1962-01-01,86.0000000000
1962-02-01,111.0000000000
1962-03-01,134.5000000000
1962-04-01,156.5000000000
1962-05-01,176.5000000000
1962-06-01,180.5000000000
1962-07-01,185.5000000000
1962-08-01,165.5000000000
1962-09-01,166.5000000000
1962-10-01,175.5000000000
1962-11-01,157.5000000000
1962-12-01,147.5000000000
1963-01-01,165.5000000000
1963-02-01,171.5000000000
1963-03-01,151.5000000000
1963-04-01,123.5000000000
1963-05-01,132.5000000000
1963-06-01,126.5000000000
1963-07-01,138.5000000000
1963-08-01,131.5000000000
1963-09-01,127.5000000000
1963-10-01,135.5000000000
1963-11-01,135.5000000000
1963-12-01,143.5000000000
1964-01-01,144.5000000000
1964-02-01,156.5000000000
1964-03-01,149.5000000000
1964-04-01,149.5000000000
1964-05-01,142.5000000000
1964-06-01,162.5000000000
1964-07-01,147.5000000000
1964-08-01,121.5000000000
1964-09-01,140.5000000000
1964-10-01,131.5000000000
1964-11-01,128.5000000000
1964-12-01,130.5100000000
1965-01-01,130.5000000000
1965-02-01,126.5000000000
1965-03-01,141.5000000000
1965-04-01,123.5000000000
1965-05-01,130.5000000000
1965-06-01,125.5000000000
1965-07-01,152.5000000000
1965-08-01,154.5000000000
1965-09-01,147.5000000000
1965-10-01,143.5000000000
1965-11-01,162.5000000000
1965-12-01,174.5100000000
1966-01-01,164.5000000000
1966-02-01,165.5000000000
1966-03-01,186.0100000000
1966-04-01,165.0100000000
1966-05-01,179.0100000000
1966-06-01,174.0100000000
1966-07-01,175.0100000000
1966-08-01,180.0100000000
1966-09-01,182.0100000000
1966-10-01,177.0100000000
1966-11-01,178.0100000000
1966-12-01,194.0200000000
1967-01-01,189.0100000000
1967-02-01,184.0100000000
1967-03-01,195.0100000000
1967-04-01,165.0100000000
1967-05-01,178.0200000000
1967-06-01,211.0200000000
1967-07-01,206.0200000000
1967-08-01,205.0200000000
1967-09-01,210.0200000000
1967-10-01,218.0200000000
1967-11-01,191.0200000000
1967-12-01,196.0200000000
1968-01-01,200.0200000000
1968-02-01,185.0200000000
1968-03-01,238.0200000000
1968-04-01,228.0200000000
1968-05-01,220.0200000000
1968-06-01,259.0200000000
1968-07-01,311.0000000000
1968-08-01,327.0000000000
1968-09-01,270.0000000000
1968-10-01,222.1600000000
1968-11-01,216.1600000000
1968-12-01,228.1600000000
1969-01-01,247.1600000000
1969-02-01,267.1600000000
1969-03-01,310.1700000000
1969-04-01,250.0000000000
1969-05-01,288.0000000000
1969-06-01,294.0000000000
1969-07-01,323.7900000000
1969-08-01,309.0000000000
1969-09-01,313.0000000000
1969-10-01,279.1500000000
1969-11-01,275.1500000000
1969-12-01,283.1600000000
1970-01-01,367.7600000000
1970-02-01,381.7600000000
1970-03-01,381.7600000000
1970-04-01,376.2700000000
1970-05-01,358.2700000000
1970-06-01,403.2700000000
1970-07-01,342.2700000000
1970-08-01,293.2700000000
1970-09-01,268.5300000000
1970-10-01,295.5300000000
1970-11-01,313.5300000000
1970-12-01,345.5300000000
1971-01-01,333.9300000000
1971-02-01,322.9400000000
1971-03-01,313.9400000000
1971-04-01,293.9100000000
1971-05-01,283.9100000000
1971-06-01,302.9100000000
1971-07-01,330.9100000000
1971-08-01,281.9100000000
1971-09-01,274.9100000000
1971-10-01,270.9900000000
1971-11-01,223.9900000000
1971-12-01,265.9431085044
1972-01-01,327.7706423373
1972-02-01,344.7706423373
1972-03-01,402.7706423373
1972-04-01,466.0214973389
1972-05-01,521.0323545128
1972-06-01,562.0323545128
1972-07-01,648.0323545128
1972-08-01,632.2895066796
1972-09-01,637.2895066796
1972-10-01,626.2895066796
1972-11-01,602.2895066796
1972-12-01,608.9289399370
1973-01-01,643.9289399370
1973-02-01,732.2535136537
1973-03-01,843.2535136537
1973-04-01,917.2884373512
1973-05-01,1000.3005008050
1973-06-01,1039.3005008050
1973-07-01,1136.3005008050
1973-08-01,992.3005008050
1973-09-01,850.3005008050
1973-10-01,830.3005008050
1973-11-01,631.3005008050
1973-12-01,448.8720671921
1974-01-01,424.8720671921
1974-02-01,527.8720671921
1974-03-01,660.8720671921
1974-04-01,519.7019121753
1974-05-01,480.7139756291
1974-06-01,441.7139756291
1974-07-01,449.4400925049
1974-08-01,364.9522372223
1974-09-01,377.3443974706
1974-10-01,391.0066446354
1974-11-01,500.9789515533
1974-12-01,377.0483864881
1975-01-01,403.5843504461
1975-02-01,426.1785711702
1975-03-01,436.6199946990
1975-04-01,384.9335586341
1975-05-01,440.6006684911
1975-06-01,388.2937105495
1975-07-01,451.7100187660
1975-08-01,493.1854570617
1975-09-01,469.5524444360
1975-10-01,522.4863695724
1975-11-01,526.8454729154
1975-12-01,488.8299970158
1976-01-01,511.1230453427
1976-02-01,396.1223894161
1976-03-01,960.4919578352
1976-04-01,805.1506030254
1976-05-01,661.8888991032
1976-06-01,508.1586650914
1976-07-01,377.1969515102
1976-08-01,309.7273125408
1976-09-01,369.0737758621
1976-10-01,387.9687998556
1976-11-01,430.8332758995
1976-12-01,425.2276260857
1977-01-01,402.7178184715
1977-02-01,317.8706187551
1977-03-01,320.7089916942
1977-04-01,548.7693130676
1977-05-01,529.4959401983
1977-06-01,535.4694251483
1977-07-01,547.6660809895
1977-08-01,499.4290030226
1977-09-01,489.2537088269
1977-10-01,467.9788545205
1977-11-01,442.7917919656
1977-12-01,416.0297362228
1978-01-01,401.0460776320
1978-02-01,409.7630368905
1978-03-01,414.1104845825
1978-04-01,417.3629230510
1978-05-01,423.4120912383
1978-06-01,419.9670286516
1978-07-01,432.7377731508
1978-08-01,429.0895921402
1978-09-01,438.5342045293
1978-10-01,540.4696727296
1978-11-01,667.9675536002
1978-12-01,423.1607911243
1979-01-01,476.7362299065
1979-02-01,732.4447596370
1979-03-01,736.3532319110
1979-04-01,717.9948584086
1979-05-01,760.1765452830
1979-06-01,566.8958350013
1979-07-01,403.2015008417
1979-08-01,483.2667577365
1979-09-01,814.7666794547
1979-10-01,812.8498875434
1979-11-01,535.2243296707
1979-12-01,434.4602363735
1980-01-01,667.4437589193
1980-02-01,971.6701435315
1980-03-01,649.0933387782
1980-04-01,679.2706675436
1980-05-01,846.2771382377
1980-06-01,846.6788909342
1980-07-01,1068.4298087017
1980-08-01,1106.2773155037
1980-09-01,1224.9593409152
1980-10-01,1038.2564472480
1980-11-01,1005.0538010508
1980-12-01,725.8384565095
1981-01-01,934.4121309728
1981-02-01,1088.8904550196
1981-03-01,1196.4629544398
1981-04-01,806.9533994858
1981-05-01,891.9551600744
1981-06-01,736.8126361954
1981-07-01,681.8151570185
1981-08-01,920.0096509526
1981-09-01,406.8781121555
1981-10-01,716.2962658842
1981-11-01,676.9348008866
1981-12-01,666.2243409214
1982-01-01,587.6359047930
1982-02-01,862.1555106267
1982-03-01,647.5618879436
1982-04-01,440.5601948595
1982-05-01,502.9635792423
1982-06-01,458.9211403025
1982-07-01,734.9205836143
1982-08-01,303.8883112424
1982-09-01,601.8497008213
1982-10-01,250.8139149506
1982-11-01,907.9813134703
1982-12-01,485.3179487820
1983-01-01,903.6670687697
1983-02-01,1128.6941623738
1983-03-01,498.7146063336
1983-04-01,734.5843510493
1983-05-01,435.5048157350
1983-06-01,446.9922865548
1983-07-01,587.2660192761
1983-08-01,1026.8163585562
1983-09-01,915.3528566785
1983-10-01,491.4598958163
1983-11-01,656.6386653800
1983-12-01,822.8269382839
1984-01-01,922.5759905076
1984-02-01,899.7645662855
1984-03-01,617.0940543873
1984-04-01,584.4659686864
1984-05-01,654.0536319438
1984-06-01,574.3296897074
1984-07-01,698.7907483407
1984-08-01,648.6623968118
1984-09-01,531.4195804196
1984-10-01,289.1492359782
1984-11-01,555.5296259287
1984-12-01,241.8691518941
1985-01-01,599.0667382509
1985-02-01,485.8573347405
1985-03-01,326.1439334567
1985-04-01,487.9463975974
1985-05-01,359.0455764075
1985-06-01,503.4271453101
1985-07-01,362.8213863358
1985-08-01,380.6931997018
1985-09-01,269.3805155043
1985-10-01,368.9944702831
1985-11-01,315.0475315930
1985-12-01,314.5601933216
1986-01-01,594.0117781704
1986-02-01,650.0577921102
1986-03-01,367.0569132528
1986-04-01,310.0030574926
1986-05-01,258.0124374128
1986-06-01,275.1332532589
1986-07-01,344.7315264087
1986-08-01,468.9189456661
1986-09-01,753.9293306800
1986-10-01,787.7647882477
1986-11-01,619.0242060418
1986-12-01,370.0244639340
1987-01-01,748.0253517556
1987-02-01,1066.6282268464
1987-03-01,1055.6897522595
1987-04-01,967.5212790971
1987-05-01,940.1836603409
1987-06-01,763.8275694604
1987-07-01,868.1482138558
1987-08-01,871.2715564061
1987-09-01,731.2687243272
1987-10-01,847.2039764846
1987-11-01,628.6073415670
1987-12-01,640.6598334492
1988-01-01,658.9029296021
1988-02-01,581.4971078598
1988-03-01,474.5260186174
1988-04-01,450.2355872379
1988-05-01,560.3958017716
1988-06-01,736.4849279161
1988-07-01,567.0173728154
1988-08-01,512.7729070322
1988-09-01,596.7742335088
1988-10-01,664.1912004199
1988-11-01,830.1204175605
1988-12-01,780.1034705494
1989-01-01,772.7774835479
1989-02-01,772.4404271065
1989-03-01,569.4090515403
1989-04-01,567.0872364960
1989-05-01,530.4550429051
1989-06-01,572.4582710141
1989-07-01,663.4288657139
1989-08-01,726.5706218915
1989-09-01,809.6125523120
1989-10-01,867.6158348028
1989-11-01,944.7384137940
1989-12-01,959.7741214813
1990-01-01,1086.4175084175
1990-02-01,1010.9752176031
1990-03-01,1041.9512448942
1990-04-01,859.4009534105
1990-05-01,876.0598538422
1990-06-01,860.0784791358
1990-07-01,901.9722229809
1990-08-01,1071.2868072014
1990-09-01,976.2977301212
1990-10-01,1170.5146797917
1990-11-01,1228.3398821498
1990-12-01,1008.3331578723
1991-01-01,1173.6702918305
1991-02-01,1172.6421955793
1991-03-01,1129.5041399087
1991-04-01,949.8034914591
1991-05-01,980.0514883347
1991-06-01,857.0111996214
1991-07-01,826.0430618180
1991-08-01,887.4010963300
1991-09-01,940.4103967168
1991-10-01,969.2425149291
1991-11-01,1136.6982851462
1991-12-01,898.7594301163
1992-01-01,1270.3366163630
1992-02-01,1283.4559772593
1992-03-01,1064.7814158764
1992-04-01,1334.9269389413
1992-05-01,1605.7354101752
1992-06-01,1570.3338952062
1992-07-01,1919.7625803773
1992-08-01,2154.9306768509
1992-09-01,1732.3437727955
1992-10-01,1695.2099023742
1992-11-01,1384.1469414041
1992-12-01,991.6160323908
1993-01-01,888.9086513170
1993-02-01,882.7652950848
1993-03-01,719.7587198517
1993-04-01,886.8218483757
1993-05-01,729.9449714041
1993-06-01,588.2420267977
1993-07-01,475.4220195844
1993-08-01,518.0890364840
1993-09-01,517.1288338498
1993-10-01,585.7499404031
1993-11-01,594.3829335049
1993-12-01,1019.7209667098
1994-01-01,1038.6910653707
1994-02-01,955.9724934542
1994-03-01,588.0793485556
1994-04-01,531.7896804270
1994-05-01,446.9996160633
1994-06-01,474.5432706300
1994-07-01,620.0848669499
1994-08-01,906.2340545050
1994-09-01,964.2802824319
1994-10-01,1312.6978646084
1994-11-01,1307.6633181999
1994-12-01,1685.2185353340
1995-01-01,1690.3420059856
1995-02-01,1889.0145040606
1995-03-01,1834.8515196251
1995-04-01,1242.8408214022
1995-05-01,1878.1252786023
1995-06-01,1788.5510299962
1995-07-01,1728.2965691681
1995-08-01,1654.5151351889
1995-09-01,1663.8151009081
1995-10-01,1755.3685907897
1995-11-01,2186.0375596456
1995-12-01,2819.8692271040
1996-01-01,2624.8290153156
1996-02-01,2097.5817845510
1996-03-01,1824.3653149775
1996-04-01,1043.0214642335
1996-05-01,875.9756534264
1996-06-01,1068.9669256977
1996-07-01,855.0929664166
1996-08-01,852.0928269825
1996-09-01,895.8535531486
1996-10-01,866.8299310175
1996-11-01,1093.4881152645
1996-12-01,941.5569327149
1997-01-01,1366.2162106689
1997-02-01,1606.2704861037
1997-03-01,1824.0861050034
1997-04-01,2048.7485347630
1997-05-01,3698.8078326746
1997-06-01,4240.7831318100
1997-07-01,4253.5183685421
1997-08-01,4351.3270972434
1997-09-01,4523.5800923985
1997-10-01,4598.0855816174
1997-11-01,4399.6823647984
1997-12-01,4799.4149244435
1998-01-01,4527.8322476697
1998-02-01,5195.5600344601
1998-03-01,5449.6937878090
1998-04-01,5392.3152781781
1998-05-01,5291.2020899979
1998-06-01,4609.9544217198
1998-07-01,4256.1799016565
1998-08-01,4052.7926200456
1998-09-01,4144.7802001897
1998-10-01,4326.0321658970
1998-11-01,4358.6553161198
1998-12-01,4356.8532707168
1999-01-01,4350.3763017869
1999-02-01,4269.2984233427
1999-03-01,4303.1102156432
1999-04-01,4505.5087522684
1999-05-01,4541.1364959662
1999-06-01,4858.1336310257
1999-07-01,4868.0634829961
1999-08-01,5225.0431297904
1999-09-01,5480.2500665738
1999-10-01,6191.1403083622
1999-11-01,6583.0979186366
1999-12-01,6353.0954796089
2000-01-01,6344.7626325292
2000-02-01,6356.3962651578
2000-03-01,6378.0743075006
2000-04-01,6329.1310380501
2000-05-01,6310.8417877212
2000-06-01,6506.1446777792
2000-07-01,6236.0282932369
2000-08-01,6056.5724744299
2000-09-01,6114.5603632095
2000-10-01,6092.5102967905
2000-11-01,6091.1077227567
2000-12-01,6082.8061317716
2001-01-01,6052.8262362194
2001-02-01,6103.0134889847
2001-03-01,6154.2633607454
2001-04-01,6105.0420321115
2001-05-01,6056.0188746976
2001-06-01,6058.6039849784
2001-07-01,6062.5790811139
2001-08-01,6042.1041579717
2001-09-01,5984.5681098185
2001-10-01,6109.3265917924
2001-11-01,6108.8148593289
2001-12-01,6045.2769191502
2002-01-01,5980.5251931909
2002-02-01,6026.5846465809
2002-03-01,5995.7071977004
2002-04-01,5955.0474928172
2002-05-01,5913.6298545807
2002-06-01,5963.8177278175
2002-07-01,5970.4763873271
2002-08-01,6010.5269658038
2002-09-01,5972.3357921618
2002-10-01,5950.6997775930
2002-11-01,5946.9717079033
2002-12-01,5904.2398584102
2003-01-01,5909.2140702000
2003-02-01,6074.7693633253
2003-03-01,6103.8520919596
2003-04-01,5935.5987374097
2003-05-01,5967.3813266350
2003-06-01,6429.5919142647
2003-07-01,6473.5618101876
2003-08-01,6461.2533263630
2003-09-01,6506.6660317715
2003-10-01,6440.7727504220
2003-11-01,6467.8166670553
2003-12-01,6495.5202825803
2004-01-01,6516.0611162028
2004-02-01,6768.1071354178
2004-03-01,8271.2703568532
2004-04-01,8600.4802659883
2004-05-01,8866.5193701970
2004-06-01,9775.4487871217
2004-07-01,10243.8863670400
2004-08-01,10408.6098813346
2004-09-01,10668.7399940958
2004-10-01,11217.6876045679
2004-11-01,12610.5305899093
2004-12-01,13141.2516281943
2005-01-01,13438.3275965479
2005-02-01,13762.8222777058
2005-03-01,14148.4693273072
2005-04-01,14303.9524401909
2005-05-01,15518.2593282501
2005-06-01,16917.3605637190
2005-07-01,17159.1608270659
2005-08-01,17220.0138901759
2005-09-01,17627.4122974477
2005-10-01,17790.6778512840
2005-11-01,18014.9418766166
2005-12-01,18579.1296952026
2006-01-01,19865.1604254283
2006-02-01,20356.7216401039
2006-03-01,20607.2286984976
2006-04-01,21761.1342030730
2006-05-01,21457.1968094953
2006-06-01,21511.6213060421
2006-07-01,21604.9357692542
2006-08-01,21919.9716899278
2006-09-01,22228.7485340998
2006-10-01,22122.4483214384
2006-11-01,22851.8224719318
2006-12-01,23056.9184311639
2007-01-01,23634.8934746051
2007-02-01,23612.4548569217
2007-03-01,23849.2601289772
2007-04-01,24278.4625629450
2007-05-01,25196.5367383897
2007-06-01,25494.8344988105
2007-07-01,26638.4143861238
2007-08-01,27116.9383717775
2007-09-01,27533.6688708360
2007-10-01,28586.6915084047
2007-11-01,29137.9044289764
2007-12-01,29588.5724005640
2008-01-01,29884.5087832997
2008-02-01,30304.3090077931
2008-03-01,30615.4241711847
2008-04-01,30763.4180631298
2008-05-01,30831.4291483572
2008-06-01,31102.6726680102
2008-07-01,31299.8200409668
2008-08-01,30966.3228488357
2008-09-01,30832.1749110905
2008-10-01,29934.9873858178
2008-11-01,29938.4158916079
2008-12-01,30583.5438569593
2009-01-01,30009.1769698851
2009-02-01,29931.7612603460
2009-03-01,30375.9301977581
2009-04-01,30475.8818135348
2009-05-01,31904.5324623148
2009-06-01,31949.1395615800
2009-07-01,31961.1647981809
2009-08-01,34122.5434090036
2009-09-01,35086.6410740136
2009-10-01,35566.9641559915
2009-11-01,35752.1445291026
2009-12-01,35237.4195764756
2010-01-01,35091.1487655921
2010-02-01,34953.1444637653
2010-03-01,37496.3844030910
2010-04-01,37592.0579318973
2010-05-01,37039.4882551308
2010-06-01,37202.2390160835
2010-07-01,38397.5378396002
2010-08-01,38122.9856113594
2010-09-01,38764.9408610545
2010-10-01,38750.6735005725
2010-11-01,37833.3735792569
2010-12-01,38175.0577490238
2011-01-01,40133.7128823627
2011-02-01,41638.8929870836
2011-03-01,43511.7305787111
2011-04-01,44426.2644340198
2011-05-01,43965.9887865012
2011-06-01,43984.0633800532
2011-07-01,43610.6429206695
2011-08-01,44113.4207734307
2011-09-01,43208.2172238232
2011-10-01,43261.3033797042
2011-11-01,42759.0951904206
2011-12-01,42595.1712460381
2012-01-01,44467.9391249436
2012-02-01,44714.3023539469
2012-03-01,43982.3229302450
2012-04-01,43275.4334173054
2012-05-01,42625.5855824130
2012-06-01,42916.9825454740
2012-07-01,42866.7659607493
2012-08-01,43315.2679262201
2012-09-01,43849.1687039041
2012-10-01,43754.1463564728
2012-11-01,43854.9409778610
2012-12-01,43995.4704050297
2013-01-01,44489.7794623765
2013-02-01,43979.4171958908
2013-03-01,43569.1289229810
2013-04-01,44598.6978842757
2013-05-01,42500.3206232729
2013-06-01,41819.9867818684
2013-07-01,42179.1652073542
2013-08-01,42348.3625059008
2013-09-01,44731.0769658182
2013-10-01,44901.1174502429
2013-11-01,44594.9999234864
2013-12-01,44863.6758935691
2014-01-01,44418.4056886917
2014-02-01,44902.3559440188
2014-03-01,44347.2579638144
2014-04-01,44442.6201070064
2014-05-01,44453.8251259290
2014-06-01,43478.6519860339
2014-07-01,44810.3473358652
2014-08-01,44591.7089076675
2014-09-01,44267.1051061538
2014-10-01,43974.3706744888
2014-11-01,44009.2070683981
2014-12-01,44267.4183804854
2015-01-01,42525.0380273623
2015-02-01,42306.4109326950
2015-03-01,41656.5467817398
2015-04-01,42175.3626229458
2015-05-01,41657.8558938385
2015-06-01,42112.0210687698
2015-07-01,41450.9334813646
2015-08-01,41525.5550823537
2015-09-01,41610.7282783594
2015-10-01,41430.8560974804
2015-11-01,40884.0870655991
2015-12-01,41619.5057567249
2016-01-01,40623.8543647026
2016-02-01,40767.6696292443
2016-03-01,41797.6703545391
2016-04-01,41519.3634968546
2016-05-01,41058.4905652294
2016-06-01,40944.6515792175
2016-07-01,40722.4809510934
2016-08-01,40386.6355883171
2016-09-01,41839.1352305756
2016-10-01,41829.7500348606
2016-11-01,42222.0233319829
2016-12-01,42565.5880008565
2017-01-01,41755.9127356013
2017-02-01,41627.6412542770
2017-03-01,41546.1689704711
2017-04-01,41541.3263654716
2017-05-01,42104.0715951026
2017-06-01,42297.8721758769
2017-07-01,41636.0388552750
2017-08-01,41660.3765142703
2017-09-01,44195.1924258656
2017-10-01,43771.4671717917
2017-11-01,45139.1905039596
2017-12-01,45499.2928632361
2018-01-01,45089.9156384237
2018-02-01,44734.3854792465
2018-03-01,44649.4277981803
2018-04-01,44248.2989530904
2018-05-01,45903.2199337007
2018-06-01,45542.8766013829
2018-07-01,45583.1561973614
2018-08-01,44997.4931878505
2018-09-01,45623.1140171086
2018-10-01,45266.9016575838
2018-11-01,45746.6626064392
2018-12-01,46478.2741166735
2019-01-01,45505.3773395151
2019-02-01,45498.4802745624
2019-03-01,44454.4975837497
2019-04-01,44369.4083735896
2019-05-01,43099.8316521787
2019-06-01,44109.8589880650
2019-07-01,43599.7133520023
2019-08-01,43796.8741086981
2019-09-01,48880.7426528028
2019-10-01,48455.8148472049
2019-11-01,49026.2682674684
2019-12-01,48919.7266568670
2020-01-01,48252.5890295521
2020-02-01,48187.4392687003
2020-03-01,45976.7224641706
2020-04-01,46087.0902153313
2020-05-01,45808.6028376092
2020-06-01,45186.7762376101
2020-07-01,49947.1677679177
2020-08-01,47834.4354728172
2020-09-01,46824.0520619558
2020-10-01,46085.3308163795
2020-11-01,46630.7670678079
2020-12-01,47387.3589955568
2021-01-01,47285.5133101268
2021-02-01,46674.2997239478
2021-03-01,46203.5980714641
2021-04-01,46555.1118978726
2021-05-01,46467.9186060118
2021-06-01,47377.5198729342
2021-07-01,47097.5902383477
2021-08-01,51105.0392809786
2021-09-01,50100.2458410117
2021-10-01,50306.3247490531
2021-11-01,50403.2545890066
2021-12-01,50262.1466172517
2022-01-01,49978.4478018881
2022-02-01,50007.1742170631
2022-03-01,50385.8265683320
2022-04-01,52558.5558517503
2022-05-01,51795.3090801115
2022-06-01,51650.9782111066
2022-07-01,52421.7335675221
2022-08-01,52852.4924287774
2022-09-01,52187.4601643622
2022-10-01,52096.1558559888
2022-11-01,52777.2400229834
2022-12-01,53247.5301562544
2023-01-01,54194.0619499934
2023-02-01,53732.8394362230
2023-03-01,53866.6645950116
2023-04-01,53723.6127432360
2023-05-01,53390.6534774252
2023-06-01,53868.9183454414
2023-07-01,54315.2996963621
2023-08-01,54108.0101075523
2023-09-01,53543.4623745841
2023-10-01,52904.2225858000
2023-11-01,53506.4740882662
2023-12-01,54176.0790203129
2024-01-01,52969.5674909734
2024-02-01,53480.4287529256
2024-03-01,53414.7700537167
2024-04-01,52474.8073503557
2024-05-01,52691.4422301635
2024-06-01,52686.7161367801
2024-07-01,52512.3042152149
2024-08-01,53051.9276913257
2024-09-01,52977.6867052509
2024-10-01,51824.6491756519
2024-11-01,55128.3064297427
2024-12-01,54912.4568592265
2025-01-01,54560.8784939255
2025-02-01,54700.6249260413
2025-03-01,54862.6359640615
2025-04-01,54393.5312930143
2025-05-01,54842.7789012832
2025-06-01,55176.0815320143
2025-07-01,55828.6002078433
2025-08-01,56701.1841960115
2025-09-01,54356.1701555643
2025-10-01,55339.4785000061
2025-11-01,55279.6804950616
2025-12-01,58399.3253336109
2026-01-01,59520.3817595905
2026-02-01,60177.3660614493
2026-03-01,59256.5546225098
2026-04-01,58389.0061727040
2026-05-01,58355.4583283146
2026-06-01,57852.0699315304
2026-07-01,57075.8232127979
2026-08-01,57962.4564464509
