observation_date,TRESEGINM052N
1950-12-01,1810.0000000000
1951-01-01,
1951-02-01,
1951-03-01,
1951-04-01,
1951-05-01,
1951-06-01,
1951-07-01,
1951-08-01,
1951-09-01,
1951-10-01,
1951-11-01,
1951-12-01,1699.0000000000
1952-01-01,
1952-02-01,
1952-03-01,
1952-04-01,
1952-05-01,
1952-06-01,
1952-07-01,
1952-08-01,
1952-09-01,
1952-10-01,
1952-11-01,
1952-12-01,1550.0000000000
1953-01-01,
1953-02-01,
1953-03-01,
1953-04-01,
1953-05-01,
1953-06-01,
1953-07-01,
1953-08-01,
1953-09-01,
1953-10-01,
1953-11-01,
1953-12-01,1615.0000000000
1954-01-01,
1954-02-01,
1954-03-01,
1954-04-01,
1954-05-01,
1954-06-01,
1954-07-01,
1954-08-01,
1954-09-01,
1954-10-01,
1954-11-01,
1954-12-01,1621.0000000000
1955-01-01,
1955-02-01,
1955-03-01,
1955-04-01,
1955-05-01,
1955-06-01,
1955-07-01,
1955-08-01,
1955-09-01,
1955-10-01,
1955-11-01,
1955-12-01,1635.0000000000
1956-01-01,
1956-02-01,
1956-03-01,
1956-04-01,
1956-05-01,
1956-06-01,
1956-07-01,
1956-08-01,
1956-09-01,
1956-10-01,
1956-11-01,
1956-12-01,1216.5100000000
1957-01-01,1168.5100000000
1957-02-01,1159.0000000000
1957-03-01,1184.0000000000
1957-04-01,1121.0000000000
1957-05-01,1033.0000000000
1957-06-01,1027.0000000000
1957-07-01,921.0000000000
1957-08-01,876.0000000000
1957-09-01,815.0000000000
1957-10-01,770.0000000000
1957-11-01,735.0000000000
1957-12-01,695.0000000000
1958-01-01,672.0000000000
1958-02-01,664.0000000000
1958-03-01,638.0000000000
1958-04-01,629.0000000000
1958-05-01,585.0000000000
1958-06-01,534.0000000000
1958-07-01,480.0000000000
1958-08-01,468.0000000000
1958-09-01,457.0000000000
1958-10-01,447.0000000000
1958-11-01,458.0000000000
1958-12-01,475.0000000000
1959-01-01,482.0000000000
1959-02-01,532.0000000000
1959-03-01,549.0000000000
1959-04-01,523.0000000000
1959-05-01,511.0000000000
1959-06-01,501.0000000000
1959-07-01,487.0000000000
1959-08-01,492.0000000000
1959-09-01,492.0000000000
1959-10-01,536.0000000000
1959-11-01,546.0000000000
1959-12-01,567.0000000000
1960-01-01,565.0000000000
1960-02-01,525.0000000000
1960-03-01,515.0000000000
1960-04-01,496.0000000000
1960-05-01,465.0000000000
1960-06-01,440.0000000000
1960-07-01,426.0000000000
1960-08-01,406.0000000000
1960-09-01,400.0000000000
1960-10-01,409.0000000000
1960-11-01,430.0000000000
1960-12-01,423.0000000000
1961-01-01,418.0000000000
1961-02-01,427.0000000000
1961-03-01,391.0000000000
1961-04-01,360.0000000000
1961-05-01,374.0000000000
1961-06-01,345.1500000000
1961-07-01,299.1500000000
1961-08-01,388.0000000000
1961-09-01,367.0000000000
1961-10-01,389.0000000000
1961-11-01,406.0000000000
1961-12-01,418.0000000000
1962-01-01,392.0000000000
1962-02-01,388.0000000000
1962-03-01,378.0000000000
1962-04-01,329.0000000000
1962-05-01,279.0000000000
1962-06-01,260.0000000000
1962-07-01,264.0000000000
1962-08-01,258.0000000000
1962-09-01,269.0000000000
1962-10-01,269.0000000000
1962-11-01,256.0000000000
1962-12-01,265.0000000000
1963-01-01,287.0000000000
1963-02-01,338.0000000000
1963-03-01,373.0000000000
1963-04-01,372.0000000000
1963-05-01,397.0000000000
1963-06-01,360.0000000000
1963-07-01,304.0000000000
1963-08-01,293.0000000000
1963-09-01,314.0000000000
1963-10-01,337.0000000000
1963-11-01,328.0000000000
1963-12-01,360.0000000000
1964-01-01,353.0000000000
1964-02-01,373.0000000000
1964-03-01,395.0000000000
1964-04-01,398.0000000000
1964-05-01,418.0000000000
1964-06-01,338.0000000000
1964-07-01,269.0000000000
1964-08-01,268.0000000000
1964-09-01,279.0000000000
1964-10-01,274.0000000000
1964-11-01,255.0000000000
1964-12-01,251.0000000000
1965-01-01,210.0000000000
1965-02-01,219.0000000000
1965-03-01,244.0000000000
1965-04-01,244.0000000000
1965-05-01,230.0000000000
1965-06-01,238.0000000000
1965-07-01,205.0000000000
1965-08-01,213.0000000000
1965-09-01,226.0000000000
1965-10-01,262.0000000000
1965-11-01,298.0000000000
1965-12-01,319.0000000000
1966-01-01,337.0000000000
1966-02-01,370.0000000000
1966-03-01,383.0000000000
1966-04-01,567.0000000000
1966-05-01,554.0000000000
1966-06-01,532.0000000000
1966-07-01,438.0000000000
1966-08-01,417.0000000000
1966-09-01,414.0000000000
1966-10-01,387.0000000000
1966-11-01,363.0000000000
1966-12-01,365.0000000000
1967-01-01,350.0000000000
1967-02-01,379.0000000000
1967-03-01,395.0000000000
1967-04-01,400.0000000000
1967-05-01,391.0000000000
1967-06-01,372.0000000000
1967-07-01,350.0000000000
1967-08-01,346.0000000000
1967-09-01,336.0000000000
1967-10-01,341.0000000000
1967-11-01,334.0000000000
1967-12-01,419.0000000000
1968-01-01,458.0000000000
1968-02-01,484.0000000000
1968-03-01,475.0000000000
1968-04-01,483.0000000000
1968-05-01,495.0000000000
1968-06-01,477.0000000000
1968-07-01,476.0000000000
1968-08-01,471.0000000000
1968-09-01,511.0000000000
1968-10-01,533.0000000000
1968-11-01,490.0000000000
1968-12-01,439.0000000000
1969-01-01,435.0000000000
1969-02-01,466.0000000000
1969-03-01,526.0000000000
1969-04-01,596.0000000000
1969-05-01,611.0000000000
1969-06-01,595.0000000000
1969-07-01,617.0000000000
1969-08-01,626.0000000000
1969-09-01,647.0000000000
1969-10-01,671.0000000000
1969-11-01,722.0000000000
1969-12-01,683.0000000000
1970-01-01,778.0000000000
1970-02-01,783.0000000000
1970-03-01,851.7300000000
1970-04-01,852.2000000000
1970-05-01,883.9000000000
1970-06-01,873.3600000000
1970-07-01,854.3600000000
1970-08-01,842.5100000000
1970-09-01,837.5100000000
1970-10-01,882.5100000000
1970-11-01,869.1800000000
1970-12-01,763.3200000000
1971-01-01,840.2000000000
1971-02-01,819.5600000000
1971-03-01,809.0600000000
1971-04-01,865.2000000000
1971-05-01,886.2000000000
1971-06-01,883.2000000000
1971-07-01,880.2000000000
1971-08-01,874.2000000000
1971-09-01,885.2000000000
1971-10-01,916.2100000000
1971-11-01,891.2100000000
1971-12-01,942.4395529487
1972-01-01,1050.6204335830
1972-02-01,1040.6204335830
1972-03-01,1012.6204335830
1972-04-01,1018.3067155424
1972-05-01,1019.3067155424
1972-06-01,989.3175727163
1972-07-01,955.3175727163
1972-08-01,929.3175727163
1972-09-01,924.3175727163
1972-10-01,911.3175727163
1972-11-01,905.3175727163
1972-12-01,916.3175727163
1973-01-01,950.3284298902
1973-02-01,985.2514631633
1973-03-01,1018.2514631633
1973-04-01,1013.7797218020
1973-05-01,1041.7797218020
1973-06-01,1110.7797218020
1973-07-01,1118.7797218020
1973-08-01,1063.7917852558
1973-09-01,1026.7917852558
1973-10-01,960.7917852558
1973-11-01,881.7917852558
1973-12-01,848.7917852558
1974-01-01,882.7917852558
1974-02-01,1027.4178181886
1974-03-01,1123.4178181886
1974-04-01,1145.9863686519
1974-05-01,1272.5628811057
1974-06-01,1261.5628811057
1974-07-01,1167.7428547442
1974-08-01,1092.2288760406
1974-09-01,1049.8426348135
1974-10-01,1179.5704728705
1974-11-01,1214.4333304666
1974-12-01,1027.7337777239
1975-01-01,923.2236335558
1975-02-01,1027.3783419700
1975-03-01,1075.0939850466
1975-04-01,1102.9078362882
1975-05-01,1000.1679720240
1975-06-01,908.8130544144
1975-07-01,909.5321807793
1975-08-01,1102.5435750796
1975-09-01,1165.5344451183
1975-10-01,1291.2737602851
1975-11-01,1303.0214532976
1975-12-01,1089.1327998035
1976-01-01,1319.7267948946
1976-02-01,1552.7238996385
1976-03-01,1891.4676868150
1976-04-01,1718.4359755920
1976-05-01,1979.7711501071
1976-06-01,2170.3220407520
1976-07-01,2386.4815632906
1976-08-01,2532.2098554837
1976-09-01,2405.3470334830
1976-10-01,2506.9003027839
1976-11-01,2724.3309189678
1976-12-01,2791.7023390221
1977-01-01,2911.9048411725
1977-02-01,3191.6026082246
1977-03-01,3457.2622845023
1977-04-01,3842.6732333969
1977-05-01,4140.6610059691
1977-06-01,4268.2542177786
1977-07-01,4102.4254087383
1977-08-01,4235.4091349314
1977-09-01,4383.8017920330
1977-10-01,4561.7751164335
1977-11-01,4773.4338360872
1977-12-01,4872.0164717227
1978-01-01,5099.3049482348
1978-02-01,5248.2605284636
1978-03-01,5504.8713860650
1978-04-01,5749.1128007664
1978-05-01,5808.6228702046
1978-06-01,5784.5752891982
1978-07-01,5756.5379851432
1978-08-01,5988.4656250406
1978-09-01,6155.5534209333
1978-10-01,6429.6689961029
1978-11-01,6336.3442638271
1978-12-01,6426.3508173537
1979-01-01,6686.4361469843
1979-02-01,6796.0340344824
1979-03-01,6979.6210453586
1979-04-01,7183.8817427621
1979-05-01,7212.7265351970
1979-06-01,7327.5419224566
1979-07-01,7333.9686195635
1979-08-01,7506.4692161023
1979-09-01,7654.6095650989
1979-10-01,7364.5711998374
1979-11-01,7416.1759328962
1979-12-01,7432.4793649161
1980-01-01,7638.4656406595
1980-02-01,7409.7196882461
1980-03-01,7203.9109164705
1980-04-01,6966.7383969738
1980-05-01,7146.8607633571
1980-06-01,7077.0197345015
1980-07-01,6764.3198647616
1980-08-01,7710.4073720980
1980-09-01,7629.3882207659
1980-10-01,7370.5090766084
1980-11-01,7214.7822956640
1980-12-01,6943.8621800639
1981-01-01,6995.1119763908
1981-02-01,6992.3395733218
1981-03-01,6857.6290875903
1981-04-01,6486.3659039354
1981-05-01,6241.8643688188
1981-06-01,5853.0119328198
1981-07-01,5418.0824917589
1981-08-01,5187.7782621016
1981-09-01,5009.3692365806
1981-10-01,4886.6849022985
1981-11-01,5066.2627351905
1981-12-01,4692.8823718240
1982-01-01,4771.1657494412
1982-02-01,4346.4748714103
1982-03-01,4460.5841505772
1982-04-01,4765.2424406178
1982-05-01,4570.4640297409
1982-06-01,4279.1822410935
1982-07-01,4524.2314354428
1982-08-01,4603.6338280756
1982-09-01,4219.8325871039
1982-10-01,3979.6020469469
1982-11-01,4235.5349397726
1982-12-01,4315.1464052774
1983-01-01,4421.9389858131
1983-02-01,4877.5355110646
1983-03-01,4965.3819783667
1983-04-01,4927.7275920140
1983-05-01,5374.2581506855
1983-06-01,5389.0144448025
1983-07-01,5297.4571947149
1983-08-01,5366.9491282972
1983-09-01,5351.0258930534
1983-10-01,5572.7086569697
1983-11-01,5230.1382560882
1983-12-01,4937.2744601573
1984-01-01,4943.2337679268
1984-02-01,5549.5474522364
1984-03-01,5847.4116772361
1984-04-01,5925.3403150820
1984-05-01,5839.5594906030
1984-06-01,5957.2347148175
1984-07-01,5919.9611896438
1984-08-01,5966.8967508438
1984-09-01,5933.1428571429
1984-10-01,5913.2951848665
1984-11-01,5914.9348417543
1984-12-01,5842.3004154210
1985-01-01,5435.4792089801
1985-02-01,5361.7904633983
1985-03-01,6109.9738309159
1985-04-01,6374.3547690081
1985-05-01,6271.7334922053
1985-06-01,6198.3523140199
1985-07-01,6063.3753812320
1985-08-01,6005.9034208565
1985-09-01,6367.1627133368
1985-10-01,6502.7582142015
1985-11-01,6575.7086011631
1985-12-01,6420.3532513181
1986-01-01,5937.2794315366
1986-02-01,5857.0597339251
1986-03-01,6657.4859822658
1986-04-01,6956.4328233592
1986-05-01,6642.2675644162
1986-06-01,6427.9896021008
1986-07-01,5976.8754006840
1986-08-01,5961.1473605445
1986-09-01,6119.7971169247
1986-10-01,5869.7609910648
1986-11-01,5936.1650852053
1986-12-01,6395.7326581288
1987-01-01,6254.9173532767
1987-02-01,6128.1291497054
1987-03-01,6729.5616265765
1987-04-01,6496.0825038535
1987-05-01,6430.5422965584
1987-06-01,6427.0644122383
1987-07-01,5955.1822766844
1987-08-01,5762.5998551699
1987-09-01,5944.3442102704
1987-10-01,6140.9701433384
1987-11-01,6057.6664972318
1987-12-01,6453.5582431301
1988-01-01,5646.5549846961
1988-02-01,5738.9176590677
1988-03-01,6390.5538615207
1988-04-01,6197.8948024085
1988-05-01,5563.9054033766
1988-06-01,4876.6788990826
1988-07-01,4674.9900430431
1988-08-01,4418.0767754319
1988-09-01,4515.3812325797
1988-10-01,5081.5773025209
1988-11-01,4892.8130678946
1988-12-01,4899.2885037209
1989-01-01,4382.7063789623
1989-02-01,4362.9428057934
1989-03-01,4958.6292384658
1989-04-01,4535.2961350591
1989-05-01,4019.4250715085
1989-06-01,4399.1680127630
1989-07-01,4262.8842538947
1989-08-01,3567.2229535171
1989-09-01,3664.4099338342
1989-10-01,3861.5954662782
1989-11-01,3698.3751625739
1989-12-01,3858.5548137830
1990-01-01,3615.2029481163
1990-02-01,4001.4633992178
1990-03-01,4108.3673543721
1990-04-01,3772.6060278469
1990-05-01,3849.2373817552
1990-06-01,3835.0798559627
1990-07-01,3533.2248108595
1990-08-01,3578.7251950716
1990-09-01,2992.9974933853
1990-10-01,2533.4943054999
1990-11-01,2047.9398907104
1990-12-01,1520.9721728244
1991-01-01,2734.0041034176
1991-02-01,2441.8899369282
1991-03-01,2338.2119902527
1991-04-01,1448.8423212035
1991-05-01,1335.0117994100
1991-06-01,1186.7546862266
1991-07-01,1403.1260105120
1991-08-01,1190.2546293201
1991-09-01,1905.9808481532
1991-10-01,2464.2773746567
1991-11-01,2751.9700383840
1991-12-01,3626.5891373071
1992-01-01,3902.4426744917
1992-02-01,4253.0434158197
1992-03-01,5721.6995884774
1992-04-01,5636.0827329261
1992-05-01,5570.4593322814
1992-06-01,6336.3092038413
1992-07-01,6557.6018138756
1992-08-01,6344.1127719205
1992-09-01,5811.9210557323
1992-10-01,5497.1695980429
1992-11-01,4853.6685420528
1992-12-01,5757.1348605057
1993-01-01,5625.9725696124
1993-02-01,5558.0359162779
1993-03-01,6748.9067020756
1993-04-01,7329.7186829673
1993-05-01,6878.5615949741
1993-06-01,7038.3941037431
1993-07-01,7201.5727910816
1993-08-01,7647.9746072499
1993-09-01,7991.7419970242
1993-10-01,8372.3007788317
1993-11-01,8615.0716951058
1993-12-01,10199.1234718080
1994-01-01,10937.1723136228
1994-02-01,13506.5645040545
1994-03-01,15476.4100373491
1994-04-01,15435.7791869983
1994-05-01,15830.2342144426
1994-06-01,16724.7965100111
1994-07-01,17886.3165952730
1994-08-01,17992.3872602244
1994-09-01,19170.6063719578
1994-10-01,20163.0890530129
1994-11-01,19804.8062709771
1994-12-01,19698.4712694689
1995-01-01,20081.4376432402
1995-02-01,20268.2679047233
1995-03-01,21160.0838127964
1995-04-01,20890.9322935592
1995-05-01,20628.0589059402
1995-06-01,20029.2477241245
1995-07-01,20233.6515542345
1995-08-01,19353.5688621235
1995-09-01,19433.0269314776
1995-10-01,18109.6781911714
1995-11-01,17668.7502154916
1995-12-01,17921.8069130466
1996-01-01,16666.6954342944
1996-02-01,16304.7878119850
1996-03-01,17436.2940375385
1996-04-01,17407.9025780528
1996-05-01,17418.0408874057
1996-06-01,17961.1043448892
1996-07-01,18342.7436226995
1996-08-01,18295.8758587415
1996-09-01,18795.6618865024
1996-10-01,19560.2502888844
1996-11-01,19712.1413341038
1996-12-01,20170.1565055965
1997-01-01,20172.7864874251
1997-02-01,19991.3870574598
1997-03-01,22663.8038677520
1997-04-01,22991.6297359890
1997-05-01,24463.7190036980
1997-06-01,25702.4539366925
1997-07-01,26348.0718925389
1997-08-01,26790.2463217548
1997-09-01,26017.2569301571
1997-10-01,26570.5750738161
1997-11-01,24668.9396405561
1997-12-01,24688.3142945037
1998-01-01,24807.5770804324
1998-02-01,24335.1455525970
1998-03-01,26260.3260603259
1998-04-01,26554.0639553987
1998-05-01,25856.9033155774
1998-06-01,24297.3324704930
1998-07-01,24339.6206211636
1998-08-01,25109.6108956101
1998-09-01,26490.1070536722
1998-10-01,26994.9566805765
1998-11-01,26919.3275973672
1998-12-01,27340.7245834008
1999-01-01,27772.1355211169
1999-02-01,28454.1434566256
1999-03-01,30193.3252437665
1999-04-01,30278.9038954476
1999-05-01,31270.9014599177
1999-06-01,31211.9369868577
1999-07-01,31434.9714907793
1999-08-01,31271.4600604928
1999-09-01,31164.1899292416
1999-10-01,31263.4424184685
1999-11-01,31990.3234797829
1999-12-01,32666.7420418314
2000-01-01,32611.5002381062
2000-02-01,33452.9077718403
2000-03-01,35719.6383320314
2000-04-01,35645.5270714879
2000-05-01,35038.7159379962
2000-06-01,34435.8680065313
2000-07-01,33949.0225777304
2000-08-01,33426.3167058541
2000-09-01,33237.9321021544
2000-10-01,32724.2856057243
2000-11-01,36913.9859560645
2000-12-01,37902.2446457003
2001-01-01,39003.2263072309
2001-02-01,39529.8994867579
2001-03-01,40172.2909582334
2001-04-01,40449.3107887279
2001-05-01,40788.1234157568
2001-06-01,41265.0743639410
2001-07-01,41574.5514603240
2001-08-01,43171.1317005492
2001-09-01,42582.5166965287
2001-10-01,42943.2474662141
2001-11-01,44648.0788373863
2001-12-01,45870.4710839043
2002-01-01,47173.2317068778
2002-02-01,48332.8544417901
2002-03-01,51670.4896512511
2002-04-01,52738.7569806269
2002-05-01,53530.0880242334
2002-06-01,55362.8935974040
2002-07-01,57359.9350369568
2002-08-01,58931.7892532471
2002-09-01,60319.4399384683
2002-10-01,61880.9248333750
2002-11-01,64274.9540002357
2002-12-01,67665.4824920604
2003-01-01,70567.8882936109
2003-02-01,69822.1373410503
2003-03-01,72565.5839439824
2003-04-01,74933.4921774342
2003-05-01,78634.6148918919
2003-06-01,79519.4430130784
2003-07-01,81920.4370798059
2003-08-01,83583.2849164550
2003-09-01,88423.3845070503
2003-10-01,89886.0674940438
2003-11-01,93373.5539279319
2003-12-01,98937.9107823485
2004-01-01,102096.7704439642
2004-02-01,105384.1541792843
2004-03-01,108763.5435995985
2004-04-01,114300.9945657934
2004-05-01,115406.8069501586
2004-06-01,115453.4997074887
2004-07-01,114261.9788523381
2004-08-01,114014.2026576569
2004-09-01,115387.5391516266
2004-10-01,116985.8861273062
2004-11-01,123686.4705567041
2004-12-01,126593.2876433426
2005-01-01,125068.9191857451
2005-02-01,131519.8217989846
2005-03-01,137008.3404009730
2005-04-01,137392.9342536149
2005-05-01,134348.7812522585
2005-06-01,133787.2169407042
2005-07-01,136017.5285550848
2005-08-01,139545.5368258473
2005-09-01,138348.3381368584
2005-10-01,138710.7242344505
2005-11-01,137895.9602495087
2005-12-01,131924.3262870537
2006-01-01,134686.5560937254
2006-02-01,136640.0981472366
2006-03-01,145854.1178337754
2006-04-01,154362.6510361425
2006-05-01,156844.6422467700
2006-06-01,156731.9927644076
2006-07-01,158019.9918936485
2006-08-01,159707.6340074367
2006-09-01,159103.3515823042
2006-10-01,161326.2434135613
2006-11-01,168150.2163317000
2006-12-01,170737.9984444485
2007-01-01,173635.7206290830
2007-02-01,187683.4055843040
2007-03-01,192398.1227871997
2007-04-01,197375.9749119403
2007-05-01,201161.1605489250
2007-06-01,206578.9927510313
2007-07-01,220222.9674568807
2007-08-01,221969.3132507962
2007-09-01,240396.4620496416
2007-10-01,256883.7856342319
2007-11-01,265163.0825605063
2007-12-01,266988.3466732616
2008-01-01,284034.4837705690
2008-02-01,291676.7560959504
2008-03-01,299684.0687071608
2008-04-01,304725.2303526688
2008-05-01,305407.2672919280
2008-06-01,302874.4073094510
2008-07-01,296437.8545468986
2008-08-01,286613.4982519431
2008-09-01,277769.9945201341
2008-10-01,244499.4006867001
2008-11-01,239758.7270871370
2008-12-01,247418.9018571030
2009-01-01,239684.6946899486
2009-02-01,239490.8975530232
2009-03-01,242345.2240443858
2009-04-01,242657.8427247346
2009-05-01,252608.2688606662
2009-06-01,255248.3774160401
2009-07-01,261864.8659056383
2009-08-01,267318.2995063770
2009-09-01,270855.2546897478
2009-10-01,273460.3208256621
2009-11-01,269968.5849225825
2009-12-01,265181.7316772251
2010-01-01,262903.9151084593
2010-02-01,260441.9291011551
2010-03-01,261393.4781335354
2010-04-01,261413.6859716938
2010-05-01,254636.4863233939
2010-06-01,256334.1998816883
2010-07-01,265512.7823663934
2010-08-01,263145.0779202359
2010-09-01,272490.4213496505
2010-10-01,276456.9892630211
2010-11-01,270429.7639340620
2010-12-01,275276.6055056858
2011-01-01,277726.3266154872
2011-02-01,279878.0268625847
2011-03-01,282517.2570871742
2011-04-01,290407.5009090821
2011-05-01,287804.8738450456
2011-06-01,291724.4598331533
2011-07-01,294418.7487423708
2011-08-01,294347.9786524024
2011-09-01,283820.5334846859
2011-10-01,290334.8244488356
2011-11-01,280841.4406684727
2011-12-01,271285.4215521384
2012-01-01,267267.9411380310
2012-02-01,269029.4349784646
2012-03-01,268720.6809690771
2012-04-01,269568.9600107918
2012-05-01,261740.3432446359
2012-06-01,265327.6954002835
2012-07-01,265145.8385760742
2012-08-01,266324.6092834965
2012-09-01,268824.5439437317
2012-10-01,269208.1922272034
2012-11-01,268828.8317078456
2012-12-01,270586.5069171846
2013-01-01,270765.0327519005
2013-02-01,266795.0405032266
2013-03-01,268506.7833584399
2013-04-01,272057.7115785939
2013-05-01,267186.3985828406
2013-06-01,263126.4412126116
2013-07-01,259061.2931137395
2013-08-01,256039.5298162577
2013-09-01,257753.2810602818
2013-10-01,262567.8217465063
2013-11-01,272378.0091624218
2013-12-01,276493.2670923738
2014-01-01,273388.1592724818
2014-02-01,275731.1048558130
2014-03-01,285031.6676485117
2014-04-01,292401.9494356026
2014-05-01,293860.5460018609
2014-06-01,298024.4460089414
2014-07-01,301131.7971170087
2014-08-01,299915.8891835650
2014-09-01,296204.4844455284
2014-10-01,298472.8806980663
2014-11-01,298852.1735298734
2014-12-01,303454.8749272700
2015-01-01,310606.5163301843
2015-02-01,319300.4885468092
2015-03-01,323824.8291685807
2015-04-01,333725.5036945151
2015-05-01,334317.6921386608
2015-06-01,338106.6663673441
2015-07-01,336336.7366987448
2015-08-01,334620.8091691186
2015-09-01,333344.7986545899
2015-10-01,336654.2461370837
2015-11-01,333851.9540050084
2015-12-01,334310.9930251884
2016-01-01,333077.5921737024
2016-02-01,330199.4053241946
2016-03-01,341189.2700798519
2016-04-01,344140.7161690705
2016-05-01,342399.0705308493
2016-06-01,344029.5470949927
2016-07-01,346011.7643496187
2016-08-01,346250.4561215532
2016-09-01,351667.2923203448
2016-10-01,346822.9983555302
2016-11-01,341975.7173939801
2016-12-01,341145.1946923631
2017-01-01,344544.9247719886
2017-02-01,345181.1758998174
2017-03-01,350923.6076402506
2017-04-01,353698.2653010083
2017-05-01,360819.6896978859
2017-06-01,366986.7619843135
2017-07-01,374514.7350025762
2017-08-01,377934.6603293904
2017-09-01,379771.1357678860
2017-10-01,379329.7434796033
2017-11-01,382005.6833289219
2017-12-01,389350.1479121338
2018-01-01,401550.0659680832
2018-02-01,400132.9039010464
2018-03-01,403750.6607822373
2018-04-01,399532.8232140700
2018-05-01,391849.9983583844
2018-06-01,385400.0775111541
2018-07-01,383776.8959723016
2018-08-01,380573.7399033883
2018-09-01,380813.0694537453
2018-10-01,371888.8060877125
2018-11-01,373187.9689807842
2018-12-01,374425.1871835080
2019-01-01,378006.4287110781
2019-02-01,379583.8342397808
2019-03-01,390267.6777629451
2019-04-01,396238.1766839887
2019-05-01,399309.6083261927
2019-06-01,405936.7702127024
2019-07-01,403714.7365460517
2019-08-01,401408.3857197943
2019-09-01,407452.4531192852
2019-10-01,418505.1218817366
2019-11-01,424853.3076903011
2019-12-01,432378.3845239692
2020-01-01,442647.7139312240
2020-02-01,451702.9054675404
2020-03-01,447527.4441196710
2020-04-01,449107.9959661214
2020-05-01,460963.5369406314
2020-06-01,472094.3074183697
2020-07-01,497249.2625508705
2020-08-01,505303.5654792023
2020-09-01,508526.9454232154
2020-10-01,523969.5585234248
2020-11-01,539921.5085992950
2020-12-01,549086.8680748652
2021-01-01,554103.7987820038
2021-02-01,549399.4096628075
2021-03-01,543284.1055792198
2021-04-01,552737.3451469374
2021-05-01,560787.7258979689
2021-06-01,575510.5792210300
2021-07-01,582672.0864731920
2021-08-01,603136.2428272762
2021-09-01,598057.1210068922
2021-10-01,602272.9253405688
2021-11-01,599403.7303765339
2021-12-01,594356.4840085487
2022-01-01,591020.1800199442
2022-02-01,590657.7179543489
2022-03-01,564868.3496422351
2022-04-01,554647.5255724041
2022-05-01,562226.7185950290
2022-06-01,548773.9848661596
2022-07-01,534690.4129986393
2022-08-01,520844.7558656284
2022-09-01,495189.2496051697
2022-10-01,496564.0139463198
2022-11-01,513369.4160423274
2022-12-01,521419.3839576100
2023-01-01,530592.7187835735
2023-02-01,521182.6282926304
2023-03-01,533279.8183173318
2023-04-01,544545.9525229732
2023-05-01,545704.7296607002
2023-06-01,551201.1058225575
2023-07-01,560733.7501759918
2023-08-01,553212.3304774089
2023-09-01,544405.4482623904
2023-10-01,542079.5440715100
2023-11-01,556543.0689485712
2023-12-01,574508.7890798830
2024-01-01,572003.9131293512
2024-02-01,577133.1148335566
2024-03-01,593744.0118690542
2024-04-01,584311.1562429786
2024-05-01,595021.5549090067
2024-06-01,595473.4339699339
2024-07-01,612132.4834865757
2024-08-01,620488.4630147265
2024-09-01,640051.7040876840
2024-10-01,612406.9933615507
2024-11-01,592220.8181869639
2024-12-01,569544.2795053157
2025-01-01,559693.6301498095
2025-02-01,565369.2043951096
2025-03-01,590192.6469987696
2025-04-01,604297.1721817167
2025-05-01,607890.8349966489
2025-06-01,614818.1658092883
2025-07-01,605883.8946697812
2025-08-01,608042.1458108865
2025-09-01,602643.6848127457
2025-10-01,587985.1497333471
2025-11-01,581189.4126638076
2025-12-01,576448.9513667090
2026-01-01,584638.9998012318
2026-02-01,596852.3033294611
2026-03-01,575692.8475779619
2026-04-01,575504.3959861646
2026-05-01,570524.1366495116
2026-06-01,566002.4051291485
2026-07-01,588163.2609846845
