observation_date,TRESEGBRM052N
1950-12-01,348.0000000000
1951-01-01,
1951-02-01,
1951-03-01,
1951-04-01,
1951-05-01,
1951-06-01,
1951-07-01,
1951-08-01,
1951-09-01,
1951-10-01,
1951-11-01,
1951-12-01,198.0000000000
1952-01-01,
1952-02-01,
1952-03-01,
1952-04-01,
1952-05-01,
1952-06-01,
1952-07-01,
1952-08-01,
1952-09-01,
1952-10-01,
1952-11-01,
1952-12-01,209.0000000000
1953-01-01,
1953-02-01,
1953-03-01,
1953-04-01,
1953-05-01,
1953-06-01,
1953-07-01,
1953-08-01,
1953-09-01,
1953-10-01,
1953-11-01,
1953-12-01,284.0000000000
1954-01-01,
1954-02-01,
1954-03-01,
1954-04-01,
1954-05-01,
1954-06-01,
1954-07-01,
1954-08-01,
1954-09-01,
1954-10-01,
1954-11-01,
1954-12-01,161.0000000000
1955-01-01,
1955-02-01,
1955-03-01,
1955-04-01,
1955-05-01,
1955-06-01,
1955-07-01,
1955-08-01,
1955-09-01,
1955-10-01,
1955-11-01,
1955-12-01,168.0000000000
1956-01-01,
1956-02-01,
1956-03-01,
1956-04-01,
1956-05-01,
1956-06-01,
1956-07-01,
1956-08-01,
1956-09-01,
1956-10-01,
1956-11-01,
1956-12-01,287.0000000000
1957-01-01,283.0000000000
1957-02-01,277.0000000000
1957-03-01,249.0000000000
1957-04-01,209.0000000000
1957-05-01,175.0000000000
1957-06-01,126.0000000000
1957-07-01,90.0000000000
1957-08-01,113.0000000000
1957-09-01,124.0000000000
1957-10-01,159.0000000000
1957-11-01,141.0000000000
1957-12-01,152.0000000000
1958-01-01,112.0000000000
1958-02-01,106.0000000000
1958-03-01,96.0000000000
1958-04-01,97.0000000000
1958-05-01,138.0000000000
1958-06-01,120.0000000000
1958-07-01,126.0000000000
1958-08-01,180.0000000000
1958-09-01,152.0000000000
1958-10-01,141.0000000000
1958-11-01,130.0000000000
1958-12-01,140.0000000000
1959-01-01,173.0000000000
1959-02-01,185.0000000000
1959-03-01,152.0000000000
1959-04-01,114.0000000000
1959-05-01,124.0000000000
1959-06-01,114.0000000000
1959-07-01,134.0000000000
1959-08-01,147.0000000000
1959-09-01,150.0000000000
1959-10-01,124.0000000000
1959-11-01,118.0000000000
1959-12-01,111.0000000000
1960-01-01,98.0000000000
1960-02-01,112.0000000000
1960-03-01,96.0000000000
1960-04-01,122.0000000000
1960-05-01,131.0000000000
1960-06-01,130.0000000000
1960-07-01,130.0000000000
1960-08-01,132.0000000000
1960-09-01,139.0000000000
1960-10-01,141.0000000000
1960-11-01,131.0000000000
1960-12-01,141.0000000000
1961-01-01,44.0000000000
1961-02-01,33.0000000000
1961-03-01,40.0000000000
1961-04-01,37.0000000000
1961-05-01,53.0000000000
1961-06-01,49.0000000000
1961-07-01,41.0000000000
1961-08-01,49.0000000000
1961-09-01,81.0000000000
1961-10-01,91.0000000000
1961-11-01,167.0000000000
1961-12-01,185.0000000000
1962-01-01,133.0000000000
1962-02-01,135.0000000000
1962-03-01,132.0000000000
1962-04-01,157.0000000000
1962-05-01,146.0000000000
1962-06-01,122.0000000000
1962-07-01,102.0000000000
1962-08-01,86.0000000000
1962-09-01,82.0000000000
1962-10-01,56.0000000000
1962-11-01,80.0000000000
1962-12-01,60.0000000000
1963-01-01,60.0000000000
1963-02-01,60.0000000000
1963-03-01,60.0000000000
1963-04-01,60.0000000000
1963-05-01,60.0000000000
1963-06-01,60.0000000000
1963-07-01,61.0000000000
1963-08-01,63.0000000000
1963-09-01,64.0000000000
1963-10-01,66.0000000000
1963-11-01,68.0000000000
1963-12-01,69.0000000000
1964-01-01,73.0000000000
1964-02-01,77.0000000000
1964-03-01,81.0000000000
1964-04-01,74.0000000000
1964-05-01,67.0000000000
1964-06-01,61.0000000000
1964-07-01,68.0000000000
1964-08-01,75.0000000000
1964-09-01,83.0000000000
1964-10-01,108.0000000000
1964-11-01,130.0000000000
1964-12-01,154.0000000000
1965-01-01,179.0000000000
1965-02-01,204.0000000000
1965-03-01,228.0000000000
1965-04-01,254.0000000000
1965-05-01,280.0000000000
1965-06-01,311.0000000000
1965-07-01,339.0000000000
1965-08-01,356.0000000000
1965-09-01,366.0000000000
1965-10-01,382.0000000000
1965-11-01,398.0000000000
1965-12-01,421.0000000000
1966-01-01,420.0000000000
1966-02-01,439.0000000000
1966-03-01,383.0000000000
1966-04-01,360.0000000000
1966-05-01,416.0000000000
1966-06-01,358.0000000000
1966-07-01,314.0000000000
1966-08-01,316.0000000000
1966-09-01,375.1200000000
1966-10-01,377.1200000000
1966-11-01,405.1200000000
1966-12-01,380.1200000000
1967-01-01,311.1200000000
1967-02-01,327.1200000000
1967-03-01,351.1200000000
1967-04-01,317.1200000000
1967-05-01,340.1200000000
1967-06-01,228.1200000000
1967-07-01,197.1200000000
1967-08-01,169.4500000000
1967-09-01,186.5000000000
1967-10-01,197.3300000000
1967-11-01,166.3400000000
1967-12-01,154.4600000000
1968-01-01,183.4600000000
1968-02-01,198.4600000000
1968-03-01,266.3400000000
1968-04-01,303.3200000000
1968-05-01,240.3200000000
1968-06-01,166.3100000000
1968-07-01,148.3300000000
1968-08-01,216.3300000000
1968-09-01,206.3300000000
1968-10-01,225.3300000000
1968-11-01,244.3300000000
1968-12-01,212.3300000000
1969-01-01,204.3300000000
1969-02-01,223.3300000000
1969-03-01,251.3300000000
1969-04-01,282.3300000000
1969-05-01,346.3300000000
1969-06-01,331.3300000000
1969-07-01,359.3100000000
1969-08-01,423.3100000000
1969-09-01,460.3100000000
1969-10-01,517.3100000000
1969-11-01,585.3100000000
1969-12-01,611.3300000000
1970-01-01,714.1300000000
1970-02-01,799.1300000000
1970-03-01,865.1300000000
1970-04-01,890.1100000000
1970-05-01,946.1100000000
1970-06-01,968.0100000000
1970-07-01,987.0100000000
1970-08-01,1009.7800000000
1970-09-01,1031.7800000000
1970-10-01,1067.1600000000
1970-11-01,1135.6600000000
1970-12-01,1141.6600000000
1971-01-01,1183.7400000000
1971-02-01,1234.7200000000
1971-03-01,1273.7200000000
1971-04-01,1333.0500000000
1971-05-01,1320.1200000000
1971-06-01,1390.1200000000
1971-07-01,1412.7200000000
1971-08-01,1497.7200000000
1971-09-01,1534.7200000000
1971-10-01,1529.7500000000
1971-11-01,1596.7500000000
1971-12-01,1696.1864179428
1972-01-01,1773.8242769631
1972-02-01,1894.8242769631
1972-03-01,2026.6939908764
1972-04-01,2162.7482767458
1972-05-01,2397.7482767458
1972-06-01,2435.7482767458
1972-07-01,2638.7482767458
1972-08-01,2961.7482767458
1972-09-01,3297.7482767458
1972-10-01,3530.7482767458
1972-11-01,3866.7482767458
1972-12-01,4132.7482767458
1973-01-01,4242.7482767458
1973-02-01,4419.7183187523
1973-03-01,4902.7183187523
1973-04-01,5125.7906994750
1973-05-01,5526.8992705590
1973-06-01,5962.8992705590
1973-07-01,6101.9113340128
1973-08-01,6230.9113340128
1973-09-01,6405.9113340128
1973-10-01,6423.9113340128
1973-11-01,6448.9113340128
1973-12-01,6359.9113340128
1974-01-01,5852.9113340128
1974-02-01,6041.9113340128
1974-03-01,6479.9113340128
1974-04-01,6468.9716512817
1974-05-01,6282.0922858195
1974-06-01,6460.0922858195
1974-07-01,6106.1670680507
1974-08-01,6056.1408724832
1974-09-01,5646.3627032437
1974-10-01,5474.5763287048
1974-11-01,5255.8856815884
1974-12-01,5215.7527796926
1975-01-01,4936.8131500747
1975-02-01,4774.8105397610
1975-03-01,4445.2073804898
1975-04-01,4259.9684183471
1975-05-01,4140.6609151023
1975-06-01,3743.7634248022
1975-07-01,3696.0594068089
1975-08-01,3832.9445437551
1975-09-01,3712.5870816798
1975-10-01,3631.6021015873
1975-11-01,3618.4743551542
1975-12-01,3980.3746813788
1976-01-01,3807.8390177028
1976-02-01,3612.8351978388
1976-03-01,3489.3658263935
1976-04-01,3471.8024490723
1976-05-01,3347.6973571048
1976-06-01,3662.8788126000
1976-07-01,3891.9242225085
1976-08-01,4351.8657280557
1976-09-01,4537.2951961982
1976-10-01,4954.0702759256
1976-11-01,5085.8415549889
1976-12-01,6488.0409317738
1977-01-01,6134.9143019519
1977-02-01,5819.6353467882
1977-03-01,5761.6858319752
1977-04-01,5733.1522615357
1977-05-01,5747.8099020698
1977-06-01,5649.2552322948
1977-07-01,6085.1491248148
1977-08-01,6136.5941654602
1977-09-01,5926.1429407029
1977-10-01,5981.6203011264
1977-11-01,5934.7539944543
1977-12-01,7192.0216223762
1978-01-01,6693.1594250087
1978-02-01,6797.0212102811
1978-03-01,7207.3444886502
1978-04-01,7490.4374698350
1978-05-01,7547.6481212994
1978-06-01,8048.0606876941
1978-07-01,8853.9879310820
1978-08-01,9745.1752451508
1978-09-01,9962.4775818761
1978-10-01,10233.2806280389
1978-11-01,11129.7803188848
1978-12-01,11826.3991771808
1979-01-01,11268.9355363673
1979-02-01,11252.4349626382
1979-03-01,11067.4943064914
1979-04-01,11342.5373794443
1979-05-01,10791.9275451799
1979-06-01,10037.8548048504
1979-07-01,10090.4601856547
1979-08-01,9769.1753469387
1979-09-01,9259.8842760761
1979-10-01,9202.5255552498
1979-11-01,8870.6193598661
1979-12-01,8966.2573548290
1980-01-01,7840.6030955641
1980-02-01,7702.6401574285
1980-03-01,6914.5430668254
1980-04-01,6618.0897271471
1980-05-01,5789.3052280132
1980-06-01,5621.6413720538
1980-07-01,6158.6612447923
1980-08-01,5847.0459834748
1980-09-01,5308.3654366149
1980-10-01,5567.7639108231
1980-11-01,4994.9888935283
1980-12-01,5769.3295420342
1981-01-01,5538.7651642884
1981-02-01,5585.2180150638
1981-03-01,5505.5817771184
1981-04-01,5287.2555383309
1981-05-01,5394.7062576402
1981-06-01,5200.7324282366
1981-07-01,5343.1629532179
1981-08-01,5439.5069556109
1981-09-01,5457.7649807121
1981-10-01,5469.4765859701
1981-11-01,5656.7220827056
1981-12-01,6603.5178442577
1982-01-01,6402.6129484683
1982-02-01,6231.3811141620
1982-03-01,6292.7199473494
1982-04-01,6235.5507627869
1982-05-01,6077.8732022739
1982-06-01,6126.8804551350
1982-07-01,6160.4352620003
1982-08-01,6101.1630715473
1982-09-01,4185.3792442913
1982-10-01,3619.2310768002
1982-11-01,3537.1892525268
1982-12-01,3927.9072179486
1983-01-01,3006.5744492059
1983-02-01,3064.0000000000
1983-03-01,3389.3343868320
1983-04-01,3509.5548657345
1983-05-01,3327.1185063887
1983-06-01,3758.1175188566
1983-07-01,3777.0105563180
1983-08-01,4135.0104460462
1983-09-01,3853.0105683668
1983-10-01,3676.2486759367
1983-11-01,4100.5470342336
1983-12-01,4355.0837564781
1984-01-01,4370.3959132999
1984-02-01,5086.1449410580
1984-03-01,5618.0000000000
1984-04-01,6516.7958115715
1984-05-01,6808.9789117428
1984-06-01,7570.9693419818
1984-07-01,7969.9119927041
1984-08-01,8966.3012890895
1984-09-01,9234.2787212787
1984-10-01,9459.2751798216
1984-11-01,10093.9299840716
1984-12-01,11507.9213969956
1985-01-01,9888.3064885695
1985-02-01,9877.9859925166
1985-03-01,10660.0000000000
1985-04-01,10603.3742950313
1985-05-01,10544.0128090557
1985-06-01,10759.0182486124
1985-07-01,11094.7220274280
1985-08-01,11234.4641762611
1985-09-01,10888.5213734069
1985-10-01,10826.5505283237
1985-11-01,10865.5793869430
1985-12-01,10604.5821616872
1986-01-01,9887.1690689690
1986-02-01,9658.1614249223
1986-03-01,10122.8285556555
1986-04-01,10294.0101355880
1986-05-01,10364.7265849699
1986-06-01,10900.3730184524
1986-07-01,9896.8824129991
1986-08-01,9425.0602283425
1986-09-01,9198.7565257487
1986-10-01,8121.0282023899
1986-11-01,7695.9121030209
1986-12-01,7233.5122319670
1987-01-01,5291.2892255039
1987-02-01,4663.9690955981
1987-03-01,4701.1923607986
1987-04-01,4953.4195992371
1987-05-01,5488.8076230299
1987-06-01,5248.7174679856
1987-07-01,6001.0388719222
1987-08-01,6890.2509594993
1987-09-01,6898.4920252857
1987-10-01,6813.1735253319
1987-11-01,7439.2785935074
1987-12-01,6956.7844259388
1988-01-01,6283.9558810669
1988-02-01,6277.0402517863
1988-03-01,5982.9468224131
1988-04-01,6679.7838881584
1988-05-01,7777.6701019531
1988-06-01,6511.6398427261
1988-07-01,6941.8186900379
1988-08-01,8015.5735717322
1988-09-01,8394.8742128626
1988-10-01,8331.1903148091
1988-11-01,8548.1372361212
1988-12-01,7996.1306226534
1989-01-01,8366.5307569282
1989-02-01,8258.4301617507
1989-03-01,9395.6576237445
1989-04-01,8721.6873129397
1989-05-01,7613.8233428678
1989-06-01,7496.2240602253
1989-07-01,8375.4209990988
1989-08-01,9005.0082956259
1989-09-01,8859.3327488898
1989-10-01,9069.1322344042
1989-11-01,8275.2000000000
1989-12-01,8484.9000000000
1990-01-01,7807.7109334818
1990-02-01,7618.0756060626
1990-03-01,6051.1455602675
1990-04-01,7587.9574768485
1990-05-01,8611.5548931369
1990-06-01,8790.7250370684
1990-07-01,9065.4638680250
1990-08-01,8976.1670561169
1990-09-01,8456.5098872023
1990-10-01,8181.7571395868
1990-11-01,7064.4574968968
1990-12-01,8238.5260075970
1991-01-01,8122.6467961778
1991-02-01,8402.6796124780
1991-03-01,7221.1954736998
1991-04-01,7653.2254994503
1991-05-01,8497.9258246179
1991-06-01,9112.6248442306
1991-07-01,8810.2598489902
1991-08-01,7990.5096530517
1991-09-01,6828.9046511628
1991-10-01,7105.6953620574
1991-11-01,7132.1022119128
1991-12-01,8675.9451401107
1992-01-01,10788.7931041710
1992-02-01,13169.4293857711
1992-03-01,15844.4993141289
1992-04-01,17314.2105963893
1992-05-01,19554.5549659997
1992-06-01,21104.6432112547
1992-07-01,22094.0880365086
1992-08-01,22502.2965968237
1992-09-01,21286.0759043243
1992-10-01,23407.2387841467
1992-11-01,23780.0031682994
1992-12-01,23007.5000041250
1993-01-01,22576.8697091135
1993-02-01,22058.4320769517
1993-03-01,21418.7482912852
1993-04-01,21782.7133130928
1993-05-01,23225.3132347879
1993-06-01,23630.2518710032
1993-07-01,24927.9164875649
1993-08-01,26104.1949739527
1993-09-01,25929.5049293707
1993-10-01,27995.4814956101
1993-11-01,29974.7834114366
1993-12-01,31104.5691185912
1994-01-01,34262.2808732486
1994-02-01,35307.6696128847
1994-03-01,36990.9769283361
1994-04-01,37127.7813494878
1994-05-01,40200.2811211112
1994-06-01,41600.1347075454
1994-07-01,41781.0261335427
1994-08-01,41583.8842200507
1994-09-01,41952.1000539996
1994-10-01,41423.5140853016
1994-11-01,40512.2360680240
1994-12-01,37388.5369980861
1995-01-01,36883.8420438168
1995-02-01,36573.8154631056
1995-03-01,32223.8515342038
1995-04-01,30331.8264348018
1995-05-01,32101.0498712482
1995-06-01,31864.2425221234
1995-07-01,40119.2293408150
1995-08-01,45901.9130757291
1995-09-01,46899.9215343365
1995-10-01,47836.9143366572
1995-11-01,49393.0081530139
1995-12-01,50073.0083808018
1996-01-01,51827.9847761424
1996-02-01,54053.1040870518
1996-03-01,53966.0068589130
1996-04-01,55009.7645212136
1996-05-01,57626.9030707017
1996-06-01,58373.9655012651
1996-07-01,57912.1649216962
1996-08-01,57966.8752698485
1996-09-01,57136.7890452050
1996-10-01,56958.8213775918
1996-11-01,58653.9479591173
1996-12-01,58789.9435875830
1997-01-01,57807.7964843429
1997-02-01,58135.1691565578
1997-03-01,57678.1693944433
1997-04-01,54542.0707902851
1997-05-01,57891.3075336432
1997-06-01,56253.3289597704
1997-07-01,59258.3219635266
1997-08-01,62120.5004090727
1997-09-01,60976.5010095742
1997-10-01,52735.0422432901
1997-11-01,51019.5094967867
1997-12-01,51329.5047871422
1998-01-01,52679.0193113098
1998-02-01,57082.4052742867
1998-03-01,67644.4290197137
1998-04-01,73697.1909343101
1998-05-01,71877.9421720244
1998-06-01,70115.9577407964
1998-07-01,68481.7424209187
1998-08-01,66173.3707468384
1998-09-01,44379.3787853647
1998-10-01,40986.5999062039
1998-11-01,39809.4035368111
1998-12-01,43164.7527720479
1999-01-01,33469.9767123600
1999-02-01,32779.6256042313
1999-03-01,31214.9768178451
1999-04-01,41759.8340686016
1999-05-01,41953.1792082601
1999-06-01,39070.5683531078
1999-07-01,39977.4167844563
1999-08-01,39725.8477253759
1999-09-01,41049.6909189518
1999-10-01,38679.9713170637
1999-11-01,40914.9439544924
1999-12-01,35279.3244434703
2000-01-01,36543.2998004469
2000-02-01,37300.4749061082
2000-03-01,38169.9490539654
2000-04-01,27666.3798636200
2000-05-01,27529.3656894818
2000-06-01,27159.5138128798
2000-07-01,28152.6721234085
2000-08-01,30332.8652490630
2000-09-01,30381.8627118100
2000-10-01,29409.8906909300
2000-11-01,31750.7731770470
2000-12-01,32433.9847506899
2001-01-01,35071.9894544223
2001-02-01,35050.9199868426
2001-03-01,34142.0956256043
2001-04-01,34358.5626465439
2001-05-01,35155.1803590847
2001-06-01,37016.3507900523
2001-07-01,35252.1138672537
2001-08-01,35993.7396949751
2001-09-01,39725.6024238463
2001-10-01,37179.9122634379
2001-11-01,36931.5353719856
2001-12-01,35563.0403980627
2002-01-01,35857.5244000639
2002-02-01,35580.2816431961
2002-03-01,36395.8286401778
2002-04-01,32669.0929392083
2002-05-01,32530.0744777155
2002-06-01,41648.7549075577
2002-07-01,38728.0999711711
2002-08-01,37302.9884532676
2002-09-01,38033.1407751854
2002-10-01,35513.4153893426
2002-11-01,35245.8400610907
2002-12-01,37461.9904399980
2003-01-01,38380.2703415938
2003-02-01,38150.8349114511
2003-03-01,41974.0863930916
2003-04-01,41136.3851830776
2003-05-01,42982.5161344112
2003-06-01,47580.4257920023
2003-07-01,47262.6723554851
2003-08-01,47387.1918425127
2003-09-01,52259.4700691129
2003-10-01,53676.4476265907
2003-11-01,53996.8393651226
2003-12-01,48846.5964570736
2004-01-01,52830.2257788741
2004-02-01,52532.1715079146
2004-03-01,51154.5803595712
2004-04-01,50078.4223217279
2004-05-01,50114.9321421643
2004-06-01,49377.2390316620
2004-07-01,49243.3290143852
2004-08-01,49154.6718699992
2004-09-01,49047.2862605381
2004-10-01,48957.0943475112
2004-11-01,49645.9291384951
2004-12-01,52461.7848599627
2005-01-01,53566.3580670493
2005-02-01,58547.0885960421
2005-03-01,61497.7840615226
2005-04-01,61121.4407415204
2005-05-01,60258.7047566236
2005-06-01,59412.5363139285
2005-07-01,54224.3525185297
2005-08-01,54607.9037397867
2005-09-01,56496.9270464224
2005-10-01,59736.7836423499
2005-11-01,63741.6320203396
2005-12-01,53245.2097607774
2006-01-01,56309.3732262336
2006-02-01,56816.3268650159
2006-03-01,59195.8701539372
2006-04-01,55856.3886096575
2006-05-01,62675.5280265676
2006-06-01,62007.8316478194
2006-07-01,66136.1539691791
2006-08-01,70804.2957904633
2006-09-01,72745.6438456585
2006-10-01,77518.7088442649
2006-11-01,82415.4220937738
2006-12-01,85156.1834637377
2007-01-01,90383.4359329340
2007-02-01,100352.2537253690
2007-03-01,108816.5228772477
2007-04-01,121099.0210997773
2007-05-01,135701.4486920686
2007-06-01,146398.3255498604
2007-07-01,155190.6182181846
2007-08-01,160370.5677886779
2007-09-01,162159.5495264500
2007-10-01,167013.7755756796
2007-11-01,176213.1580888633
2007-12-01,179432.8658556243
2008-01-01,186506.5096514349
2008-02-01,191852.1566416216
2008-03-01,194222.8336732171
2008-04-01,194825.5703195739
2008-05-01,196949.0016497108
2008-06-01,199821.6100718638
2008-07-01,202569.2981894502
2008-08-01,204216.4728708947
2008-09-01,205538.6200948006
2008-10-01,196439.6347485875
2008-11-01,193788.3851061736
2008-12-01,192843.6336084464
2009-01-01,187108.1816037691
2009-02-01,185851.8423097852
2009-03-01,189397.5933149707
2009-04-01,189591.6046978460
2009-05-01,194210.0141134583
2009-06-01,200457.7373755839
2009-07-01,206348.5688865916
2009-08-01,214711.6689120006
2009-09-01,220552.8370572247
2009-10-01,229998.9400970238
2009-11-01,235389.8788216204
2009-12-01,237364.4647894934
2010-01-01,239318.2766982469
2010-02-01,239884.9688935033
2010-03-01,242560.9939573275
2010-04-01,246017.6552576724
2010-05-01,248541.2940518156
2010-06-01,251769.4510392562
2010-07-01,256035.8713682258
2010-08-01,259973.4544924736
2010-09-01,273793.3620759445
2010-10-01,283475.0956550550
2010-11-01,283966.2344578410
2010-12-01,287056.0372535401
2011-01-01,296262.6629175339
2011-02-01,305991.7792311794
2011-03-01,315590.8098661000
2011-04-01,326402.6279162791
2011-05-01,331356.7307783669
2011-06-01,334143.7257476391
2011-07-01,344376.9727527992
2011-08-01,351435.5891057730
2011-09-01,347954.5027810957
2011-10-01,351062.7067899494
2011-11-01,350184.9486301463
2011-12-01,350356.0387647951
2012-01-01,353188.5980495612
2012-02-01,354416.9410898262
2012-03-01,363417.8438124431
2012-04-01,372485.8369356165
2012-05-01,370725.2402138545
2012-06-01,372182.3356580726
2012-07-01,374399.4710740094
2012-08-01,375439.7633926906
2012-09-01,376706.4990357851
2012-10-01,374848.8973452960
2012-11-01,374830.4788839101
2012-12-01,369565.9723926358
2013-01-01,369819.0821364318
2013-02-01,370309.6662520412
2013-03-01,373486.4446728946
2013-04-01,375490.1040653284
2013-05-01,371403.4732272190
2013-06-01,366764.4398118071
2013-07-01,369136.3694900888
2013-08-01,363979.3410776224
2013-09-01,365777.6706188218
2013-10-01,361643.2510510448
2013-11-01,359703.9171293042
2013-12-01,356214.1486129279
2014-01-01,358231.2124767022
2014-02-01,359825.6851047083
2014-03-01,361129.6947028196
2014-04-01,363922.7948778622
2014-05-01,366067.1984649633
2014-06-01,370666.0077585228
2014-07-01,374011.2685712011
2014-08-01,376374.9963360823
2014-09-01,372904.8891091904
2014-10-01,373318.1563179158
2014-11-01,372869.9357242777
2014-12-01,360964.7115417409
2015-01-01,359044.9427721982
2015-02-01,359916.5012452289
2015-03-01,360179.5064819509
2015-04-01,361922.9003725453
2015-05-01,364075.7555133492
2015-06-01,366124.8225496484
2015-07-01,365885.9653127651
2015-08-01,365707.8418330977
2015-09-01,358962.3494373499
2015-10-01,358765.0017841941
2015-11-01,354723.5604841038
2015-12-01,354174.8929182883
2016-01-01,355104.6581247074
2016-02-01,356707.3332475994
2016-03-01,355029.8237915575
2016-04-01,359411.2898053512
2016-05-01,360823.0628645252
2016-06-01,361299.9505337141
2016-07-01,366423.9687904660
2016-08-01,366715.2363869771
2016-09-01,367565.4650572308
2016-10-01,364775.4910172720
2016-11-01,363012.3832921637
2016-12-01,362504.9536204391
2017-01-01,365080.0670141734
2017-02-01,366258.6221825378
2017-03-01,367412.2350924304
2017-04-01,372199.6112335742
2017-05-01,373748.0183392972
2017-06-01,374481.6855658618
2017-07-01,378277.4767927489
2017-08-01,378989.9824261564
2017-09-01,378461.9333858114
2017-10-01,377596.9038262515
2017-11-01,378283.2556966277
2017-12-01,371150.6192061925
2018-01-01,372782.4276347181
2018-02-01,374178.5084431732
2018-03-01,376708.7571283374
2018-04-01,377122.8287867099
2018-05-01,379737.5018197432
2018-06-01,376783.1136377709
2018-07-01,376784.2742887153
2018-08-01,378792.1077445470
2018-09-01,378148.6168919757
2018-10-01,377644.4042239870
2018-11-01,377089.7453626442
2018-12-01,371933.9018184237
2019-01-01,374117.1018256866
2019-02-01,375599.5483400255
2019-03-01,381359.2356786252
2019-04-01,381019.7215089436
2019-05-01,383343.2605526000
2019-06-01,385035.6305185426
2019-07-01,382636.9882653680
2019-08-01,383171.2981415803
2019-09-01,373250.6398262496
2019-10-01,366565.2122204111
2019-11-01,363210.4336010000
2019-12-01,353587.9043374988
2020-01-01,355954.6283468956
2020-02-01,359034.0228714792
2020-03-01,339690.5504358721
2020-04-01,335653.3488725881
2020-05-01,341948.9313312144
2020-06-01,344919.6750868684
2020-07-01,350392.6537202818
2020-08-01,351822.1673717817
2020-09-01,352500.5668185916
2020-10-01,350475.4961084035
2020-11-01,352166.9987443676
2020-12-01,351518.5453520038
2021-01-01,351392.6232079734
2021-02-01,352322.8462875713
2021-03-01,343713.7377246893
2021-04-01,347167.9184971748
2021-05-01,348598.3871020004
2021-06-01,345613.1672601210
2021-07-01,348075.3734866196
2021-08-01,362858.8875067248
2021-09-01,361560.2743062549
2021-10-01,360510.5760463375
2021-11-01,360334.7744282775
2021-12-01,354623.0619246613
2022-01-01,350909.1609141938
2022-02-01,349879.0108811167
2022-03-01,345066.4968789622
2022-04-01,337141.2406995646
2022-05-01,338732.3209108650
2022-06-01,334400.7197539423
2022-07-01,339041.9721790480
2022-08-01,332500.0132557579
2022-09-01,320616.2842712296
2022-10-01,318715.2069987396
2022-11-01,324207.0817631624
2022-12-01,317118.7381034217
2023-01-01,323085.4769259742
2023-02-01,320494.9229218591
2023-03-01,332907.3817364098
2023-04-01,337421.9522258987
2023-05-01,335282.7854815702
2023-06-01,335621.0868308900
2023-07-01,337262.2758256839
2023-08-01,336086.2404276194
2023-09-01,332595.2274819447
2023-10-01,331937.0100669299
2023-11-01,339911.4243365212
2023-12-01,346424.3599994937
2024-01-01,346509.2697477751
2024-02-01,344171.9156127546
2024-03-01,345780.2873040053
2024-04-01,342027.9500908209
2024-05-01,345846.3333311685
2024-06-01,348121.4483465432
2024-07-01,353181.3326821441
2024-08-01,358784.5836908885
2024-09-01,361036.8778865510
2024-10-01,354674.1503416958
2024-11-01,351918.3454912557
2024-12-01,318856.5103319018
2025-01-01,316592.6002073827
2025-02-01,320621.4203500519
2025-03-01,323167.0359152577
2025-04-01,326997.3935500410
2025-05-01,327746.5871188131
2025-06-01,330727.8037104880
2025-07-01,331375.4020261782
2025-08-01,336407.0901812325
2025-09-01,338657.8394111785
2025-10-01,336315.4888925369
2025-11-01,337322.5418216599
2025-12-01,334296.8281211384
2026-01-01,336523.7168096272
2026-02-01,342024.3027220042
2026-03-01,336420.2501603699
2026-04-01,341327.9449955951
2026-05-01,345811.3257917302
2026-06-01,345222.6493789863
2026-07-01,347324.4001705178
2026-08-01,348057.4385982212
