observation_date,TRESEGCNM052N
1977-12-01,2345.0000000000
1978-01-01,
1978-02-01,
1978-03-01,2645.0000000000
1978-04-01,
1978-05-01,
1978-06-01,2612.0000000000
1978-07-01,
1978-08-01,
1978-09-01,2359.0000000000
1978-10-01,
1978-11-01,
1978-12-01,1557.0000000000
1979-01-01,
1979-02-01,
1979-03-01,1865.0000000000
1979-04-01,
1979-05-01,
1979-06-01,1888.0000000000
1979-07-01,
1979-08-01,
1979-09-01,1690.0000000000
1979-10-01,
1979-11-01,
1979-12-01,2154.0000000000
1980-01-01,
1980-02-01,
1980-03-01,2272.0000000000
1980-04-01,
1980-05-01,
1980-06-01,3761.0389636643
1980-07-01,3972.2883761366
1980-08-01,4004.0201505899
1980-09-01,4170.4008980909
1980-10-01,3721.4274936935
1980-11-01,3484.4690910853
1980-12-01,2545.1798590455
1981-01-01,2934.5287719173
1981-02-01,2973.3365633251
1981-03-01,2376.1476062546
1981-04-01,2573.9463035945
1981-05-01,3216.3099966210
1981-06-01,3822.1043366341
1981-07-01,4247.5815158146
1981-08-01,4960.1559966893
1981-09-01,3936.3856606252
1981-10-01,4429.0657090287
1981-11-01,4112.7506790490
1981-12-01,5058.0890428511
1982-01-01,5476.2809920469
1982-02-01,5175.3389680621
1982-03-01,5460.1758684942
1982-04-01,6076.6822903533
1982-05-01,6555.7796765229
1982-06-01,7287.1251709116
1982-07-01,8382.0927837543
1982-08-01,8804.1028509424
1982-09-01,9443.9371182104
1982-10-01,10165.9298199428
1982-11-01,10681.2990621153
1982-12-01,11348.8704733587
1983-01-01,11955.6406790420
1983-02-01,12308.1651918332
1983-03-01,12609.0635660749
1983-04-01,13192.4841272836
1983-05-01,13368.7325636075
1983-06-01,13212.1348263821
1983-07-01,13183.9391958323
1983-08-01,13749.0525439142
1983-09-01,14379.8170830397
1983-10-01,14596.5417570384
1983-11-01,14805.2163977446
1983-12-01,14986.6527775854
1984-01-01,15276.3793889583
1984-02-01,15470.2531597620
1984-03-01,16057.9337752285
1984-04-01,16553.4293199732
1984-05-01,16834.3402766085
1984-06-01,17108.9686098192
1984-07-01,17612.0745300704
1984-08-01,17204.2582652190
1984-09-01,17302.1718281718
1984-10-01,16967.4320873363
1984-11-01,16158.4074220644
1984-12-01,17366.0337296592
1985-01-01,15801.8573594324
1985-02-01,15507.1719274681
1985-03-01,14375.8703417088
1985-04-01,14033.7526439425
1985-05-01,14161.8506603118
1985-06-01,14298.4684342930
1985-07-01,12715.8124234943
1985-08-01,12224.2052513874
1985-09-01,13365.9980718909
1985-10-01,13008.9478963500
1985-11-01,13562.0756045302
1985-12-01,12728.1471880492
1986-01-01,11970.6163761014
1986-02-01,12005.6449021580
1986-03-01,11199.4808486904
1986-04-01,11816.6637110905
1986-05-01,11795.0512814651
1986-06-01,11362.0380471262
1986-07-01,11475.7746624505
1986-08-01,11447.2577421613
1986-09-01,11295.2271999223
1986-10-01,10900.8395808859
1986-11-01,11413.1005034857
1986-12-01,11452.9991804582
1987-01-01,10867.0764355432
1987-02-01,11170.0678364643
1987-03-01,11784.4668243704
1987-04-01,12487.1901141678
1987-05-01,12907.8871019621
1987-06-01,13550.7653809779
1987-07-01,13142.5432311533
1987-08-01,14348.1548130140
1987-09-01,14948.9431456102
1987-10-01,16196.3302728053
1987-11-01,16664.1417070792
1987-12-01,16304.9469278895
1988-01-01,16709.5829689550
1988-02-01,17406.5440626063
1988-03-01,18148.2325513644
1988-04-01,18569.8329988235
1988-05-01,18814.9202664155
1988-06-01,19143.2044560944
1988-07-01,19053.6528548462
1988-08-01,19006.7124270569
1988-09-01,18970.3526375555
1988-10-01,19036.5464138145
1988-11-01,19520.5944225067
1988-12-01,18541.3388058296
1989-01-01,18282.6725833093
1989-02-01,18889.4780632202
1989-03-01,18637.4043331567
1989-04-01,19103.4976872546
1989-05-01,18469.7184429797
1989-06-01,15092.7234021338
1989-07-01,14521.5993305008
1989-08-01,14482.7849245229
1989-09-01,15107.7528187670
1989-10-01,15952.3276342355
1989-11-01,16415.9899172000
1989-12-01,17959.8663232318
1990-01-01,18843.0218987778
1990-02-01,19916.0912418852
1990-03-01,22271.7908265473
1990-04-01,24113.8877658674
1990-05-01,25250.3873050027
1990-06-01,24369.2848972675
1990-07-01,25455.6318247617
1990-08-01,26122.9388798803
1990-09-01,26843.5717866592
1990-10-01,26666.3020088136
1990-11-01,26980.0206166446
1990-12-01,29586.1611586121
1991-01-01,30733.6025997877
1991-02-01,32348.3545656003
1991-03-01,34093.6081828830
1991-04-01,33924.7161513502
1991-05-01,35585.4363100027
1991-06-01,36140.0262113206
1991-07-01,38575.8464822177
1991-08-01,39853.3141252758
1991-09-01,40921.0943912449
1991-10-01,41480.0568469096
1991-11-01,43060.1884682296
1991-12-01,43674.2991031198
1992-01-01,42863.9209809264
1992-02-01,44381.4210119311
1992-03-01,44455.8984910837
1992-04-01,46311.4130619401
1992-05-01,48828.9408799587
1992-06-01,46123.9488929916
1992-07-01,26454.2775114089
1992-08-01,25433.7855183356
1992-09-01,24300.5398845293
1992-10-01,23845.1823217625
1992-11-01,23275.9666401906
1992-12-01,20620.3619151072
1993-01-01,21291.1956056105
1993-02-01,21434.8941089048
1993-03-01,20965.0289328395
1993-04-01,20815.6974929863
1993-05-01,20654.1157818953
1993-06-01,20059.1708690550
1993-07-01,20207.8625090571
1993-08-01,20375.7540928919
1993-09-01,20847.1158649625
1993-10-01,20911.0794697216
1993-11-01,22076.2418031411
1993-12-01,22386.8492435518
1994-01-01,26355.0026288031
1994-02-01,29065.1142945099
1994-03-01,29826.4625859565
1994-04-01,31368.8510292933
1994-05-01,31779.9440153072
1994-06-01,33100.3238783834
1994-07-01,36373.3989423732
1994-08-01,37561.6590662324
1994-09-01,41242.2886662382
1994-10-01,45004.1762384763
1994-11-01,50293.5046571998
1994-12-01,52914.0628843961
1995-01-01,56098.0045807343
1995-02-01,58718.6180460184
1995-03-01,59351.5649143833
1995-04-01,61406.2619837506
1995-05-01,62157.7948307000
1995-06-01,64226.8603476054
1995-07-01,67194.7521256488
1995-08-01,69086.9732410973
1995-09-01,71426.1819783994
1995-10-01,74656.3172369884
1995-11-01,76150.9534196291
1995-12-01,75376.7028695104
1996-01-01,77862.6213822107
1996-02-01,81560.6824941767
1996-03-01,82701.2262608403
1996-04-01,83681.8711771112
1996-05-01,86895.1129462122
1996-06-01,88605.8899337074
1996-07-01,91713.4961324380
1996-08-01,95214.9781541121
1996-09-01,97362.3188014037
1996-10-01,100858.8404273320
1996-11-01,104325.7391108382
1996-12-01,107039.4250394000
1997-01-01,110628.8925484749
1997-02-01,112219.4373917150
1997-03-01,113962.1156095579
1997-04-01,116285.6792581911
1997-05-01,119475.7538778868
1997-06-01,122825.2957888030
1997-07-01,127821.0813349220
1997-08-01,132289.3700116995
1997-09-01,136024.3370080288
1997-10-01,139901.3065215526
1997-11-01,141254.7688032564
1997-12-01,142762.4677461573
1998-01-01,143686.9886330461
1998-02-01,143734.2125971494
1998-03-01,143982.0680086084
1998-04-01,143375.2745333836
1998-05-01,144253.3097298690
1998-06-01,143956.9165122076
1998-07-01,144240.9172805580
1998-08-01,144566.4171823031
1998-09-01,145015.6922066364
1998-10-01,147711.1667556274
1998-11-01,148636.6110377323
1998-12-01,149187.8957231261
1999-01-01,149207.7681132833
1999-02-01,150410.6736260375
1999-03-01,150496.5203683009
1999-04-01,150727.0439931952
1999-05-01,150372.7694379471
1999-06-01,150565.3320526762
1999-07-01,152327.5583417232
1999-08-01,153996.0990501422
1999-09-01,154730.8137023484
1999-10-01,156021.7443887554
1999-11-01,156816.4561993409
1999-12-01,157727.8744919989
2000-01-01,159038.6792871966
2000-02-01,159491.0717813760
2000-03-01,159768.6976227676
2000-04-01,159503.2214424231
2000-05-01,160700.9531117380
2000-06-01,161285.0292783908
2000-07-01,161366.8525992430
2000-08-01,161723.9184514132
2000-09-01,162584.7380623273
2000-10-01,163801.1161733306
2000-11-01,166363.1928986786
2000-12-01,168277.5832258434
2001-01-01,171297.9964648215
2001-02-01,178004.3362750078
2001-03-01,178890.6071219213
2001-04-01,180226.3917994377
2001-05-01,182044.2446642126
2001-06-01,183861.4262694710
2001-07-01,187518.4670204557
2001-08-01,193173.3256907148
2001-09-01,199284.4593266219
2001-10-01,206519.6012095713
2001-11-01,211793.1868591273
2001-12-01,215605.1276171398
2002-01-01,220749.3520211147
2002-02-01,226702.7144410948
2002-03-01,230869.7799898003
2002-04-01,237171.0814932571
2002-05-01,241895.9958324621
2002-06-01,246749.0332123941
2002-07-01,250497.7044447354
2002-08-01,257203.8443583331
2002-09-01,262963.7520835731
2002-10-01,269869.2811367112
2002-11-01,278983.3172939041
2002-12-01,291127.8282052119
2003-01-01,309214.8046769393
2003-02-01,312923.7578576951
2003-03-01,320871.1320554351
2003-04-01,331066.1257160018
2003-05-01,344978.6555763657
2003-06-01,351364.0714409790
2003-07-01,361340.2617083648
2003-08-01,369553.4574507352
2003-09-01,388880.9473149920
2003-10-01,405995.3537810410
2003-11-01,425427.3301436031
2003-12-01,408150.6590485927
2004-01-01,420607.5083123851
2004-02-01,431539.4300383931
2004-03-01,444427.2179195253
2004-04-01,453536.5266084482
2004-05-01,463079.6045365949
2004-06-01,475113.8266427184
2004-07-01,487419.5012901138
2004-08-01,500639.9105797940
2004-09-01,519001.1072923797
2004-10-01,546984.9833815440
2004-11-01,578446.7364525513
2004-12-01,614499.5243496005
2005-01-01,627984.7387578477
2005-02-01,647002.5820227163
2005-03-01,663190.3526341235
2005-04-01,674843.1534891271
2005-05-01,695037.3457096037
2005-06-01,714950.1543063316
2005-07-01,736337.7275448841
2005-08-01,756562.1619353351
2005-09-01,772265.4612790074
2005-10-01,788161.7623846977
2005-11-01,797452.7106286137
2005-12-01,821513.8496955663
2006-01-01,847811.0454259660
2006-02-01,856228.3096773915
2006-03-01,877636.6743343655
2006-04-01,897492.4276156586
2006-05-01,927527.6356051358
2006-06-01,943610.1280482392
2006-07-01,957068.5473634696
2006-08-01,974583.8495294772
2006-09-01,990451.0427823750
2006-10-01,1012004.3669889200
2006-11-01,1040927.0942917450
2006-12-01,1068493.0298698989
2007-01-01,1106814.5568138140
2007-02-01,1159368.9648941809
2007-03-01,1204035.0130255071
2007-04-01,1248568.5048228670
2007-05-01,1294638.1743885111
2007-06-01,1334590.6434710480
2007-07-01,1387187.8061076270
2007-08-01,1410611.6631667470
2007-09-01,1435612.7581914840
2007-10-01,1456922.1537596809
2007-11-01,1498941.8915144871
2007-12-01,1530281.6230433681
2008-01-01,1591861.8280048820
2008-02-01,1649221.3133672839
2008-03-01,1684280.1845489470
2008-04-01,1758731.6594154071
2008-05-01,1799217.1786937900
2008-06-01,1811063.3777328352
2008-07-01,1847384.5750338761
2008-08-01,1886314.0799098259
2008-09-01,1907729.4604130688
2008-10-01,1881712.8947387219
2008-11-01,1887930.4642269928
2008-12-01,1949259.9535701140
2009-01-01,1916573.5645927952
2009-02-01,1915104.6679119701
2009-03-01,1956829.6215099359
2009-04-01,2011977.4600693199
2009-05-01,2093082.5050389019
2009-06-01,2135201.1113039320
2009-07-01,2178216.9848022140
2009-08-01,2223850.5640738928
2009-09-01,2288469.2964997999
2009-10-01,2344287.1667254926
2009-11-01,2405300.4002421070
2009-12-01,2416043.6870677918
2010-01-01,2431961.0706139058
2010-02-01,2441208.1817403561
2010-03-01,2463547.3333921153
2010-04-01,2506900.0726974350
2010-05-01,2456191.4101249487
2010-06-01,2471211.2385355970
2010-07-01,2556433.0435921689
2010-08-01,2565270.1578376526
2010-09-01,2666868.0353093394
2010-10-01,2779799.8196984688
2010-11-01,2786104.3411668530
2010-12-01,2866079.3163153739
2011-01-01,2952375.2317932751
2011-02-01,3012155.3305857410
2011-03-01,3067170.8217437700
2011-04-01,3168475.7120790738
2011-05-01,3188318.6646630382
2011-06-01,3219760.4399831952
2011-07-01,3267381.8288761433
2011-08-01,3284372.7118407059
2011-09-01,3222986.8602971151
2011-10-01,3295496.0150280073
2011-11-01,3242161.7118867859
2011-12-01,3202788.4735634900
2012-01-01,3275782.9090769487
2012-02-01,3331301.9130992242
2012-03-01,3326601.4600351327
2012-04-01,3320613.1044184370
2012-05-01,3226641.2413435848
2012-06-01,3260684.0079959566
2012-07-01,3260210.0871649990
2012-08-01,3292652.8986871098
2012-09-01,3305307.0332110380
2012-10-01,3307207.4343590448
2012-11-01,3317109.7715939321
2012-12-01,3331120.0137738152
2013-01-01,3430093.7307533431
2013-02-01,3414507.2581058559
2013-03-01,3461598.8126694090
2013-04-01,3553491.2294236678
2013-05-01,3533032.6979294526
2013-06-01,3515214.9912920808
2013-07-01,3566613.0267362362
2013-08-01,3571166.0004864032
2013-09-01,3681034.3660614714
2013-10-01,3754808.1251057400
2013-11-01,3807719.5922812871
2013-12-01,3839547.7602529288
2014-01-01,3884644.3047216577
2014-02-01,3931977.4257489122
2014-03-01,3966050.5506524718
2014-04-01,3996796.5276130112
2014-05-01,4001511.5003658193
2014-06-01,4010833.6082830713
2014-07-01,3984242.5736623504
2014-08-01,3986410.9099006974
2014-09-01,3904950.2869828520
2014-10-01,3869760.7707181722
2014-11-01,3864037.2215673234
2014-12-01,3859167.9629910872
2015-01-01,3829024.2703294568
2015-02-01,3816861.9884070554
2015-03-01,3744729.0009252946
2015-04-01,3763465.0106367273
2015-05-01,3726293.5446872409
2015-06-01,3708950.6109749246
2015-07-01,3666142.4393124129
2015-08-01,3572636.7998686042
2015-09-01,3529276.3754823590
2015-10-01,3540505.9583480009
2015-11-01,3453059.0877829231
2015-12-01,3345193.7638881379
2016-01-01,3244925.2301881481
2016-02-01,3223325.3179758769
2016-03-01,3233786.8044248209
2016-04-01,3240866.5288199880
2016-05-01,3212599.1154877809
2016-06-01,3226017.2141308421
2016-07-01,3221190.1219403101
2016-08-01,3205213.4062221129
2016-09-01,3186399.5897647766
2016-10-01,3140566.6129125329
2016-11-01,3071217.0116274660
2016-12-01,3029775.3053784021
2017-01-01,3017673.9281057394
2017-02-01,3024529.8639703440
2017-03-01,3028475.1720741601
2017-04-01,3049091.0761946421
2017-05-01,3073321.2764848219
2017-06-01,3076295.0763885700
2017-07-01,3099711.3581397440
2017-08-01,3110825.1107433159
2017-09-01,3127808.2178552952
2017-10-01,3128204.7240340328
2017-11-01,3138006.4338709558
2017-12-01,3158876.9472130407
2018-01-01,3180492.3352518780
2018-02-01,3153325.3841042081
2018-03-01,3161783.5507209711
2018-04-01,3143582.2224237113
2018-05-01,3128983.6253991420
2018-06-01,3131516.9895407259
2018-07-01,3137279.0522175129
2018-08-01,3129124.6015095762
2018-09-01,3106349.9690575218
2018-10-01,3072488.0447504781
2018-11-01,3081044.6726292898
2018-12-01,3091881.2571990849
2019-01-01,3107195.1416959646
2019-02-01,3109442.7891992400
2019-03-01,3117892.6341654048
2019-04-01,3114006.7053141100
2019-05-01,3119969.2471379959
2019-06-01,3138278.5713560819
2019-07-01,3123085.5671795141
2019-08-01,3126444.1226688633
2019-09-01,3111631.0465323632
2019-10-01,3124582.8497250881
2019-11-01,3114954.9500099542
2019-12-01,3127493.8580363598
2020-01-01,3134967.8678759970
2020-02-01,3125925.0997620099
2020-03-01,3079722.2077564220
2020-04-01,3111307.0199467381
2020-05-01,3121640.2610581280
2020-06-01,3132890.9442870799
2020-07-01,3175529.5784775601
2020-08-01,3185741.0473576300
2020-09-01,3163405.4723116034
2020-10-01,3148891.6875984622
2020-11-01,3199686.2234492418
2020-12-01,3238782.3714337153
2021-01-01,3232949.7605531528
2021-02-01,3227245.9175642920
2021-03-01,3191634.6298325001
2021-04-01,3220011.8269678410
2021-05-01,3243778.6956389830
2021-06-01,3235723.8131969860
2021-07-01,3257656.7584847594
2021-08-01,3295312.4621140799
2021-09-01,3264064.2611089512
2021-10-01,3281736.3474022113
2021-11-01,3286139.7658345941
2021-12-01,3313920.3306288519
2022-01-01,3285770.4366578846
2022-02-01,3278104.5465382282
2022-03-01,3251625.7770107002
2022-04-01,3182038.7253764048
2022-05-01,3190404.2495826050
2022-06-01,3133187.6832723441
2022-07-01,3165993.7087672530
2022-08-01,3116343.1604740019
2022-09-01,3089365.6205064999
2022-10-01,3113218.6119397618
2022-11-01,3178709.0374059230
2022-12-01,3189689.1088137794
2023-01-01,3247415.1921716006
2023-02-01,3195596.1632891162
2023-03-01,3247256.6196656558
2023-04-01,3268238.7913672938
2023-05-01,3239253.4595189798
2023-06-01,3254813.1228722138
2023-07-01,3265263.5798248006
2023-08-01,3222723.0595268342
2023-09-01,3176997.4486620119
2023-10-01,3163119.2476674081
2023-11-01,3234727.8336886540
2023-12-01,3301319.7275189846
2024-01-01,3282504.8519891752
2024-02-01,3289057.6205634447
2024-03-01,3308705.3967817659
2024-04-01,3263670.2126940321
2024-05-01,3295323.2077757921
2024-06-01,3285272.7845860021
2024-07-01,3319868.8621151401
2024-08-01,3352918.4686564114
2024-09-01,3381380.8362832158
2024-10-01,3324874.8773351870
2024-11-01,3328994.4280569400
2024-12-01,3264803.8697391208
2025-01-01,3271795.6502293432
2025-02-01,3290388.6225711438
2025-03-01,3304657.8900637510
2025-04-01,3347899.0103335911
2025-05-01,3351776.6839303300
2025-06-01,3384637.8156292941
2025-07-01,3358432.8683853261
2025-08-01,3389507.3829092141
2025-09-01,3406001.3822121751
2025-10-01,3409962.9275731049
2025-11-01,3413146.8859184594
2025-12-01,3424872.5828179442
2026-01-01,3466509.6001627841
2026-02-01,3495039.9951319569
2026-03-01,3408368.8632948622
2026-04-01,3477516.9231382422
2026-05-01,3509458.1626256518
2026-06-01,3482385.6201134520
