observation_date,XTEXVA01BRM664S
1990-01-01,13422.770000000000
1990-02-01,21171.820000000000
1990-03-01,32229.710000000003
1990-04-01,46171.510000000002
1990-05-01,56543.820000000000
1990-06-01,49622.910000000003
1990-07-01,68385.470000000001
1990-08-01,70113.539999999994
1990-09-01,71377.520000000004
1990-10-01,77894.440000000002
1990-11-01,120731.399999999994
1990-12-01,164096.500000000000
1991-01-01,232346.100000000006
1991-02-01,227119.200000000012
1991-03-01,235510.100000000006
1991-04-01,279157.000000000000
1991-05-01,266230.700000000012
1991-06-01,298418.000000000000
1991-07-01,273832.900000000023
1991-08-01,342196.400000000023
1991-09-01,315707.900000000023
1991-10-01,542345.599999999977
1991-11-01,688171.300000000047
1991-12-01,863028.400000000023
1992-01-01,1262435.000000000000
1992-02-01,1511201.000000000000
1992-03-01,1987976.000000000000
1992-04-01,2155274.000000000000
1992-05-01,2712274.000000000000
1992-06-01,3151792.000000000000
1992-07-01,4284092.000000000000
1992-08-01,4775859.000000000000
1992-09-01,6017706.000000000000
1992-10-01,8309253.000000001863
1992-11-01,11219800.000000000000
1992-12-01,13344290.000000000000
1993-01-01,17187610.000000000000
1993-02-01,23179810.000000000000
1993-03-01,29058540.000000000000
1993-04-01,31809720.000000000000
1993-05-01,37821010.000000000000
1993-06-01,52908280.000000000000
1993-07-01,71788910.000000000000
1993-08-01,95338590.000000000000
1993-09-01,131945300.000000000000
1993-10-01,179328600.000000000000
1993-11-01,241017000.000000000000
1993-12-01,334409100.000000000000
1994-01-01,468592300.000000000000
1994-02-01,687173100.000000000000
1994-03-01,948634600.000000000000
1994-04-01,1513097000.000000000000
1994-05-01,2105504000.000000000000
1994-06-01,2910326000.000000000000
1994-07-01,3290461000.000000000000
1994-08-01,3387012000.000000000000
1994-09-01,3398698000.000000000000
1994-10-01,3258031000.000000000000
1994-11-01,3176291000.000000000000
1994-12-01,3140372000.000000000000
1995-01-01,2957064000.000000000000
1995-02-01,3062548000.000000000000
1995-03-01,3422357000.000000000000
1995-04-01,3259161000.000000000000
1995-05-01,3462677000.000000000000
1995-06-01,3518305000.000000000000
1995-07-01,3501511000.000000000000
1995-08-01,3773679000.000000000000
1995-09-01,3838320000.000000000000
1995-10-01,4109268000.000000000000
1995-11-01,3977131000.000000000000
1995-12-01,3844719000.000000000000
1996-01-01,3869468000.000000000000
1996-02-01,3817318000.000000000000
1996-03-01,3596312000.000000000000
1996-04-01,4237604000.000000000000
1996-05-01,4111811000.000000953674
1996-06-01,3794144000.000000000000
1996-07-01,3999932000.000000000000
1996-08-01,4012862000.000000000000
1996-09-01,4052063000.000000953674
1996-10-01,4055028000.000000000000
1996-11-01,4238365000.000000000000
1996-12-01,3930022000.000000000000
1997-01-01,4399712000.000000000000
1997-02-01,4067588000.000000000000
1997-03-01,4317324000.000000000000
1997-04-01,4915917000.000000000000
1997-05-01,4680825000.000000000000
1997-06-01,4994205000.000000000000
1997-07-01,5032892000.000000000000
1997-08-01,5129187000.000000000000
1997-09-01,4706917000.000000000000
1997-10-01,4967315000.000000000000
1997-11-01,4770624000.000000000000
1997-12-01,4913905000.000000000000
1998-01-01,5163840000.000000000000
1998-02-01,5144691000.000000000000
1998-03-01,5018998000.000000000000
1998-04-01,5234185000.000000000000
1998-05-01,5113238000.000000000000
1998-06-01,5265485000.000000000000
1998-07-01,5128362000.000000000000
1998-08-01,4332073000.000000000000
1998-09-01,5002838000.000000000000
1998-10-01,4609518000.000000000000
1998-11-01,4668384000.000000000000
1998-12-01,4619160000.000000000000
1999-01-01,5361099000.000000000000
1999-02-01,7661671000.000000000000
1999-03-01,7319710000.000000000000
1999-04-01,6324781000.000000000000
1999-05-01,7124749000.000000000000
1999-06-01,7109372000.000000000000
1999-07-01,6761660000.000000000000
1999-08-01,7258295000.000000000000
1999-09-01,7417611000.000000000000
1999-10-01,8395466000.000001907349
1999-11-01,7966884000.000000000000
1999-12-01,8402759000.000000000000
2000-01-01,7596582000.000000000000
2000-02-01,8308418000.000000000000
2000-03-01,7813562000.000000000000
2000-04-01,7857146000.000000000000
2000-05-01,8496783000.000001907349
2000-06-01,8239041000.000000000000
2000-07-01,8441188000.000000000000
2000-08-01,8772351000.000000000000
2000-09-01,8283720000.000001907349
2000-10-01,8390468000.000000000000
2000-11-01,8810369000.000000000000
2000-12-01,9398144000.000000000000
2001-01-01,10229100000.000000000000
2001-02-01,9969129000.000000000000
2001-03-01,11083730000.000000000000
2001-04-01,10738020000.000000000000
2001-05-01,11328240000.000000000000
2001-06-01,11590550000.000000000000
2001-07-01,11142810000.000000000000
2001-08-01,12585870000.000000000000
2001-09-01,12338910000.000000000000
2001-10-01,12667870000.000000000000
2001-11-01,11836240000.000000000000
2001-12-01,10578840000.000000000000
2002-01-01,10852320000.000000000000
2002-02-01,10868990000.000000000000
2002-03-01,10539600000.000000000000
2002-04-01,10847550000.000000000000
2002-05-01,10123510000.000000000000
2002-06-01,10956180000.000000000000
2002-07-01,16101500000.000001907349
2002-08-01,16144870000.000000000000
2002-09-01,20485530000.000000000000
2002-10-01,22732380000.000000000000
2002-11-01,19385320000.000000000000
2002-12-01,19044990000.000000000000
2003-01-01,18996500000.000000000000
2003-02-01,21955530000.000000000000
2003-03-01,19012610000.000000000000
2003-04-01,18031090000.000000000000
2003-05-01,17937060000.000000000000
2003-06-01,16322209999.999998092651
2003-07-01,15515020000.000000000000
2003-08-01,17767890000.000000000000
2003-09-01,19624280000.000000000000
2003-10-01,20078330000.000000000000
2003-11-01,18819330000.000000000000
2003-12-01,19203430000.000000000000
2004-01-01,19671710000.000000000000
2004-02-01,19622730000.000000000000
2004-03-01,22902570000.000000000000
2004-04-01,19446110000.000000000000
2004-05-01,23903550000.000000000000
2004-06-01,27332260000.000000000000
2004-07-01,24809450000.000000000000
2004-08-01,24639640000.000000000000
2004-09-01,23888270000.000000000000
2004-10-01,22980180000.000000000000
2004-11-01,23528350000.000000000000
2004-12-01,22945750000.000000000000
2005-01-01,24722930000.000000000000
2005-02-01,24910710000.000000000000
2005-03-01,24927980000.000000000000
2005-04-01,24937800000.000000000000
2005-05-01,22972570000.000000000000
2005-06-01,23146550000.000000000000
2005-07-01,24549690000.000000000000
2005-08-01,23574710000.000000000000
2005-09-01,22764140000.000000000000
2005-10-01,22071680000.000000000000
2005-11-01,24757890000.000000000000
2005-12-01,24856020000.000000000000
2006-01-01,25258630000.000000000000
2006-02-01,23285900000.000000000000
2006-03-01,24406310000.000000000000
2006-04-01,22454180000.000000000000
2006-05-01,20652330000.000000000000
2006-06-01,24126770000.000000000000
2006-07-01,27883100000.000000000000
2006-08-01,25854230000.000000000000
2006-09-01,26001170000.000000000000
2006-10-01,26083100000.000000000000
2006-11-01,26527150000.000000000000
2006-12-01,26916950000.000000000000
2007-01-01,27417380000.000000000000
2007-02-01,26161100000.000000000000
2007-03-01,27480610000.000000000000
2007-04-01,26350320000.000000000000
2007-05-01,24895110000.000000000000
2007-06-01,24304300000.000000000000
2007-07-01,24151300000.000000000000
2007-08-01,26018250000.000000000000
2007-09-01,25412550000.000000000000
2007-10-01,26481760000.000000000000
2007-11-01,25673630000.000000000000
2007-12-01,25889180000.000000000000
2008-01-01,27561310000.000000000000
2008-02-01,25295920000.000000000000
2008-03-01,22601710000.000000000000
2008-04-01,24003070000.000000000000
2008-05-01,30069830000.000000000000
2008-06-01,28793830000.000000000000
2008-07-01,28822170000.000000000000
2008-08-01,29443250000.000000000000
2008-09-01,31926010000.000000000000
2008-10-01,37483680000.000000000000
2008-11-01,34964670000.000000000000
2008-12-01,31722030000.000000000000
2009-01-01,27114650000.000000000000
2009-02-01,27253040000.000000000000
2009-03-01,27442210000.000000000000
2009-04-01,27195710000.000000000000
2009-05-01,23761800000.000000000000
2009-06-01,26147430000.000000000000
2009-07-01,24196800000.000000000000
2009-08-01,23657880000.000000000000
2009-09-01,23454030000.000000000000
2009-10-01,23456040000.000000000000
2009-11-01,23067440000.000000000000
2009-12-01,24314260000.000000000000
2010-01-01,24836940000.000000000000
2010-02-01,27458300000.000000000000
2010-03-01,27643760000.000000000000
2010-04-01,26671240000.000000000000
2010-05-01,30725070000.000000000000
2010-06-01,28581680000.000000000000
2010-07-01,28520240000.000000000000
2010-08-01,30443060000.000000000000
2010-09-01,30106950000.000000000000
2010-10-01,30264410000.000000000000
2010-11-01,31249800000.000000000000
2010-12-01,33987250000.000003814697
2011-01-01,31574850000.000000000000
2011-02-01,34223830000.000000000000
2011-03-01,31333390000.000000000000
2011-04-01,32718070000.000000000000
2011-05-01,34678080000.000000000000
2011-06-01,33222480000.000000000000
2011-07-01,32787710000.000000000000
2011-08-01,36835420000.000000000000
2011-09-01,38061220000.000000000000
2011-10-01,38823910000.000000000000
2011-11-01,40167980000.000000000000
2011-12-01,40126790000.000000000000
2012-01-01,34887180000.000000000000
2012-02-01,35168670000.000000000000
2012-03-01,37526240000.000000000000
2012-04-01,36902230000.000000000000
2012-05-01,41544060000.000000000000
2012-06-01,37522680000.000000000000
2012-07-01,38971080000.000000000000
2012-08-01,40095380000.000000000000
2012-09-01,40000510000.000000000000
2012-10-01,40565850000.000000000000
2012-11-01,42302140000.000000000000
2012-12-01,41748920000.000000000000
2013-01-01,38075390000.000000000000
2013-02-01,37718350000.000000000000
2013-03-01,37558290000.000000000000
2013-04-01,40757100000.000000000000
2013-05-01,39953890000.000000000000
2013-06-01,41084020000.000000000000
2013-07-01,41190440000.000000000000
2013-08-01,45584590000.000000000000
2013-09-01,45607440000.000000000000
2013-10-01,42747270000.000000000000
2013-11-01,46437800000.000000000000
2013-12-01,45689130000.000000000000
2014-01-01,44588610000.000000000000
2014-02-01,46571740000.000000000000
2014-03-01,41631080000.000000000000
2014-04-01,43146800000.000000000000
2014-05-01,42379810000.000000000000
2014-06-01,43029850000.000000000000
2014-07-01,43814180000.000000000000
2014-08-01,41283630000.000000000000
2014-09-01,42724310000.000000000000
2014-10-01,42241110000.000000000000
2014-11-01,43502280000.000000000000
2014-12-01,44428380000.000000000000
2015-01-01,43373680000.000000000000
2015-02-01,41763280000.000000000000
2015-03-01,52061040000.000000000000
2015-04-01,44875240000.000000000000
2015-05-01,48507460000.000000000000
2015-06-01,53708640000.000000000000
2015-07-01,53167030000.000000000000
2015-08-01,51210770000.000000000000
2015-09-01,57272570000.000000000000
2015-10-01,59768060000.000000000000
2015-11-01,55235220000.000000000000
2015-12-01,59331440000.000000000000
2016-01-01,55810680000.000000000000
2016-02-01,59208850000.000000000000
2016-03-01,56161670000.000000000000
2016-04-01,53979890000.000000000000
2016-05-01,54558480000.000000000000
2016-06-01,52317860000.000000000000
2016-07-01,47235390000.000000000000
2016-08-01,48952010000.000000000000
2016-09-01,48626110000.000000000000
2016-10-01,43707540000.000000000000
2016-11-01,49723540000.000000000000
2016-12-01,53168980000.000000000000
2017-01-01,57554240000.000000000000
2017-02-01,58215070000.000000000000
2017-03-01,59089860000.000000000000
2017-04-01,56257190000.000000000000
2017-05-01,57227420000.000000000000
2017-06-01,59239400000.000000000000
2017-07-01,54011980000.000000000000
2017-08-01,55286960000.000000000000
2017-09-01,56953160000.000000000000
2017-10-01,58592060000.000000000000
2017-11-01,56645500000.000000000000
2017-12-01,59627350000.000000000000
2018-01-01,63606690000.000000000000
2018-02-01,62973950000.000000000000
2018-03-01,64650270000.000007629395
2018-04-01,66667530000.000000000000
2018-05-01,63357040000.000000000000
2018-06-01,70788730000.000000000000
2018-07-01,74895170000.000000000000
2018-08-01,71791330000.000000000000
2018-09-01,79167690000.000000000000
2018-10-01,77900240000.000000000000
2018-11-01,75976360000.000000000000
2018-12-01,77691740000.000000000000
2019-01-01,73541860000.000000000000
2019-02-01,71477580000.000000000000
2019-03-01,66327220000.000000000000
2019-04-01,71739010000.000000000000
2019-05-01,74105850000.000000000000
2019-06-01,68678380000.000007629395
2019-07-01,68113400000.000000000000
2019-08-01,73605900000.000000000000
2019-09-01,75575700000.000000000000
2019-10-01,76314460000.000000000000
2019-11-01,78635990000.000000000000
2019-12-01,76903660000.000000000000
2020-01-01,70559700000.000000000000
2020-02-01,78115680000.000000000000
2020-03-01,86481560000.000000000000
2020-04-01,89722540000.000000000000
2020-05-01,94023920000.000000000000
2020-06-01,83309160000.000000000000
2020-07-01,92784970000.000000000000
2020-08-01,91482110000.000000000000
2020-09-01,94446550000.000000000000
2020-10-01,97967900000.000000000000
2020-11-01,101375300000.000000000000
2020-12-01,94120410000.000000000000
2021-01-01,99562840000.000000000000
2021-02-01,109309600000.000000000000
2021-03-01,128805500000.000000000000
2021-04-01,138668500000.000000000000
2021-05-01,131806500000.000000000000
2021-06-01,130567000000.000000000000
2021-07-01,122313900000.000000000000
2021-08-01,133936500000.000000000000
2021-09-01,123711400000.000000000000
2021-10-01,127203900000.000000000000
2021-11-01,119235000000.000000000000
2021-12-01,137294999999.999984741211
2022-01-01,136060300000.000015258789
2022-02-01,150967700000.000000000000
2022-03-01,136918399999.999984741211
2022-04-01,134975699999.999984741211
2022-05-01,135927000000.000000000000
2022-06-01,151780800000.000000000000
2022-07-01,153144900000.000000000000
2022-08-01,144555300000.000000000000
2022-09-01,144096400000.000000000000
2022-10-01,143105400000.000000000000
2022-11-01,152146600000.000000000000
2022-12-01,141285500000.000000000000
2023-01-01,142957900000.000000000000
2023-02-01,129887100000.000000000000
2023-03-01,159828500000.000000000000
2023-04-01,137147300000.000000000000
2023-05-01,146771300000.000000000000
2023-06-01,132090800000.000000000000
2023-07-01,130003500000.000000000000
2023-08-01,139434000000.000000000000
2023-09-01,140258500000.000000000000
2023-10-01,148392800000.000000000000
2023-11-01,142296100000.000000000000
2023-12-01,148271400000.000000000000
2024-01-01,153324100000.000000000000
2024-02-01,133261599999.999984741211
2024-03-01,135896800000.000015258789
2024-04-01,148379900000.000000000000
2024-05-01,140012400000.000000000000
2024-06-01,150502600000.000000000000
2024-07-01,154964700000.000000000000
2024-08-01,150099500000.000000000000
2024-09-01,156070300000.000000000000
2024-10-01,158223200000.000000000000
2024-11-01,172566100000.000000000000
2024-12-01,155630700000.000000000000
2025-01-01,178711700000.000000000000
2025-02-01,162916500000.000000000000
2025-03-01,163137400000.000000000000
2025-04-01,165030300000.000000000000
2025-05-01,157386000000.000000000000
2025-06-01,152461200000.000000000000
2025-07-01,161034800000.000000000000
2025-08-01,155722800000.000000000000
2025-09-01,157554500000.000000000000
2025-10-01,162880700000.000000000000
2025-11-01,164768700000.000000000000
2025-12-01,167289400000.000000000000
2026-01-01,157428000000.000000000000
2026-02-01,169764400000.000000000000
2026-03-01,159486300000.000000000000
2026-04-01,164869800000.000000000000
2026-05-01,150221800000.000000000000
2026-06-01,169606900000.000000000000
2026-07-01,158187100000.000000000000
