observation_date,XTEXVA01NOM664S
1955-01-01,361268700.00000000
1955-02-01,403711600.00000000
1955-03-01,366855900.00000000
1955-04-01,390749300.00000000
1955-05-01,343831500.00000000
1955-06-01,371008500.00000000
1955-07-01,396609000.00000000
1955-08-01,391469000.00000000
1955-09-01,390290000.00000000
1955-10-01,383116800.00000000
1955-11-01,360732000.00000000
1955-12-01,374683800.00000000
1956-01-01,495644000.00000000
1956-02-01,413359400.00000000
1956-03-01,427769700.00000000
1956-04-01,418770600.00000000
1956-05-01,473501700.00000000
1956-06-01,464577300.00000000
1956-07-01,469633700.00000000
1956-08-01,448957700.00000000
1956-09-01,490561800.00000000
1956-10-01,485593600.00000000
1956-11-01,451098900.00000000
1956-12-01,473887800.00000000
1957-01-01,451333100.00000000
1957-02-01,511256200.00000006
1957-03-01,532039400.00000006
1957-04-01,495324500.00000000
1957-05-01,471319200.00000000
1957-06-01,438167600.00000000
1957-07-01,525391500.00000000
1957-08-01,512716200.00000000
1957-09-01,457873400.00000000
1957-10-01,525254700.00000000
1957-11-01,442881400.00000000
1957-12-01,495164800.00000000
1958-01-01,465622900.00000000
1958-02-01,432093500.00000000
1958-03-01,432796500.00000000
1958-04-01,447768600.00000000
1958-05-01,454556800.00000000
1958-06-01,412783700.00000000
1958-07-01,430813200.00000000
1958-08-01,441941600.00000000
1958-09-01,475150400.00000000
1958-10-01,460309700.00000000
1958-11-01,472721300.00000000
1958-12-01,412172200.00000000
1959-01-01,423757800.00000000
1959-02-01,463090200.00000000
1959-03-01,486031200.00000000
1959-04-01,491737300.00000000
1959-05-01,495708800.00000000
1959-06-01,444034600.00000000
1959-07-01,499526600.00000000
1959-08-01,463596900.00000000
1959-09-01,520014800.00000000
1959-10-01,475180100.00000000
1959-11-01,487350300.00000000
1959-12-01,530466700.00000000
1960-01-01,508769000.00000000
1960-02-01,502186400.00000006
1960-03-01,536491200.00000000
1960-04-01,538168100.00000000
1960-05-01,516763600.00000000
1960-06-01,531090300.00000000
1960-07-01,510438000.00000000
1960-08-01,526683800.00000006
1960-09-01,500594000.00000000
1960-10-01,504556400.00000000
1960-11-01,537935400.00000000
1960-12-01,561961100.00000000
1961-01-01,547632500.00000000
1961-02-01,515487400.00000006
1961-03-01,581832600.00000000
1961-04-01,511791800.00000000
1961-05-01,529313100.00000000
1961-06-01,549759200.00000000
1961-07-01,546785300.00000000
1961-08-01,656405300.00000000
1961-09-01,588097900.00000000
1961-10-01,560561000.00000000
1961-11-01,552676100.00000000
1961-12-01,526527600.00000000
1962-01-01,587270000.00000000
1962-02-01,552355900.00000000
1962-03-01,561252900.00000000
1962-04-01,565242500.00000000
1962-05-01,528827500.00000000
1962-06-01,570104400.00000000
1962-07-01,601539100.00000000
1962-08-01,592304000.00000000
1962-09-01,593475900.00000000
1962-10-01,620702000.00000000
1962-11-01,579937000.00000000
1962-12-01,582363400.00000000
1963-01-01,585927500.00000000
1963-02-01,584640600.00000000
1963-03-01,585882900.00000000
1963-04-01,606782100.00000000
1963-05-01,605618800.00000000
1963-06-01,609662800.00000000
1963-07-01,634098400.00000000
1963-08-01,646154200.00000000
1963-09-01,680347000.00000000
1963-10-01,712292600.00000000
1963-11-01,676608700.00000000
1963-12-01,720159400.00000000
1964-01-01,685684900.00000000
1964-02-01,759481400.00000000
1964-03-01,691776400.00000000
1964-04-01,726396700.00000000
1964-05-01,810668500.00000000
1964-06-01,799871900.00000000
1964-07-01,783644400.00000000
1964-08-01,749172400.00000000
1964-09-01,826511000.00000000
1964-10-01,745755300.00000000
1964-11-01,850498300.00000000
1964-12-01,761552100.00000000
1965-01-01,814937500.00000000
1965-02-01,766913200.00000000
1965-03-01,843137600.00000000
1965-04-01,797600900.00000000
1965-05-01,849171200.00000000
1965-06-01,937609100.00000000
1965-07-01,922007100.00000000
1965-08-01,844704000.00000000
1965-09-01,819447000.00000000
1965-10-01,908517200.00000000
1965-11-01,870254300.00000000
1965-12-01,916603600.00000000
1966-01-01,927089900.00000000
1966-02-01,851990300.00000000
1966-03-01,922489600.00000000
1966-04-01,898039500.00000000
1966-05-01,918954500.00000000
1966-06-01,949786500.00000000
1966-07-01,978695300.00000000
1966-08-01,912180300.00000000
1966-09-01,968847600.00000000
1966-10-01,895654100.00000000
1966-11-01,1007599000.00000000
1966-12-01,947440300.00000000
1967-01-01,1004979000.00000000
1967-02-01,948443700.00000000
1967-03-01,945360300.00000000
1967-04-01,1054083000.00000000
1967-05-01,1051900000.00000000
1967-06-01,1035430000.00000000
1967-07-01,1006136000.00000000
1967-08-01,1096788000.00000000
1967-09-01,998143700.00000000
1967-10-01,1033487000.00000000
1967-11-01,1120924000.00000000
1967-12-01,1131852000.00000000
1968-01-01,1013253000.00000000
1968-02-01,1104852000.00000000
1968-03-01,1097448000.00000000
1968-04-01,1100946000.00000000
1968-05-01,1127316000.00000000
1968-06-01,1204722000.00000000
1968-07-01,1023881000.00000000
1968-08-01,1222874000.00000000
1968-09-01,1134779000.00000000
1968-10-01,1244818000.00000000
1968-11-01,1294677000.00000000
1968-12-01,1213701000.00000000
1969-01-01,1325910000.00000000
1969-02-01,1352442000.00000000
1969-03-01,1346075000.00000000
1969-04-01,1330690000.00000000
1969-05-01,1298258000.00000000
1969-06-01,1294886000.00000000
1969-07-01,1282963000.00000000
1969-08-01,1299785000.00000000
1969-09-01,1329967000.00000000
1969-10-01,1245516000.00000000
1969-11-01,1337565000.00000000
1969-12-01,1285371000.00000000
1970-01-01,1419409000.00000000
1970-02-01,1417199000.00000000
1970-03-01,1341436000.00000000
1970-04-01,1525410000.00000000
1970-05-01,1438818000.00000000
1970-06-01,1440354000.00000000
1970-07-01,1303206000.00000000
1970-08-01,1480150000.00000000
1970-09-01,1701687000.00000000
1970-10-01,1519173000.00000000
1970-11-01,1427053000.00000000
1970-12-01,1477885000.00000000
1971-01-01,1402004000.00000000
1971-02-01,1313709000.00000000
1971-03-01,1594659000.00000000
1971-04-01,1433193000.00000000
1971-05-01,1476221000.00000000
1971-06-01,1556331000.00000000
1971-07-01,1494789000.00000000
1971-08-01,1444575000.00000000
1971-09-01,1548514000.00000000
1971-10-01,1403127000.00000000
1971-11-01,1565640000.00000000
1971-12-01,1682502000.00000000
1972-01-01,1542313000.00000000
1972-02-01,1551683000.00000000
1972-03-01,1745338000.00000000
1972-04-01,1741117000.00000000
1972-05-01,1854805000.00000000
1972-06-01,1735612000.00000000
1972-07-01,1950798000.00000000
1972-08-01,1705180000.00000000
1972-09-01,2046915000.00000000
1972-10-01,1967544000.00000000
1972-11-01,1805388000.00000000
1972-12-01,1989960000.00000000
1973-01-01,2022143000.00000000
1973-02-01,2073075000.00000000
1973-03-01,2036197000.00000000
1973-04-01,1869073000.00000000
1973-05-01,2334871000.00000000
1973-06-01,2468581000.00000000
1973-07-01,2176391000.00000000
1973-08-01,2294930000.00000000
1973-09-01,2119663000.00000000
1973-10-01,2544124000.00000000
1973-11-01,2734153000.00000000
1973-12-01,2326890000.00000000
1974-01-01,2613015000.00000000
1974-02-01,2785089000.00000000
1974-03-01,2766650000.00000000
1974-04-01,2886632000.00000000
1974-05-01,3133337000.00000000
1974-06-01,2664482000.00000000
1974-07-01,3025367000.00000000
1974-08-01,2958901000.00000000
1974-09-01,2849188000.00000000
1974-10-01,3260155000.00000000
1974-11-01,2960629000.00000000
1974-12-01,2802883000.00000000
1975-01-01,2761478000.00000000
1975-02-01,3226032000.00000000
1975-03-01,2300669000.00000000
1975-04-01,2910138000.00000000
1975-05-01,2433089000.00000000
1975-06-01,2926474000.00000000
1975-07-01,3871065000.00000000
1975-08-01,3953585000.00000000
1975-09-01,2979700000.00000000
1975-10-01,3448425000.00000000
1975-11-01,3739866000.00000000
1975-12-01,3448272000.00000000
1976-01-01,2876395000.00000000
1976-02-01,3641063000.00000000
1976-03-01,3370429000.00000000
1976-04-01,3142357000.00000000
1976-05-01,3669666000.00000000
1976-06-01,3734466000.00000000
1976-07-01,4967477000.00000000
1976-08-01,3529405000.00000000
1976-09-01,3566297000.00000000
1976-10-01,3498951000.00000000
1976-11-01,3418883000.00000000
1976-12-01,3890849000.00000000
1977-01-01,3395467000.00000000
1977-02-01,3702833000.00000000
1977-03-01,3427928000.00000000
1977-04-01,3175822000.00000000
1977-05-01,3056020000.00000000
1977-06-01,5410411000.00000000
1977-07-01,4385779000.00000000
1977-08-01,4117949000.00000095
1977-09-01,3864748000.00000000
1977-10-01,4111434000.00000000
1977-11-01,3738872000.00000000
1977-12-01,4896677000.00000000
1978-01-01,3926323000.00000000
1978-02-01,3936911000.00000000
1978-03-01,4164549000.00000000
1978-04-01,3990883000.00000000
1978-05-01,6467912000.00000000
1978-06-01,6703209000.00000000
1978-07-01,4377182000.00000000
1978-08-01,4940876000.00000000
1978-09-01,4799451000.00000000
1978-10-01,4305073000.00000000
1978-11-01,4717121000.00000000
1978-12-01,4821073000.00000000
1979-01-01,4868062000.00000000
1979-02-01,4944941000.00000000
1979-03-01,5177124000.00000000
1979-04-01,5396354000.00000000
1979-05-01,5894208000.00000000
1979-06-01,5138240000.00000000
1979-07-01,5695358000.00000000
1979-08-01,6433871000.00000000
1979-09-01,6630854000.00000000
1979-10-01,5830249000.00000000
1979-11-01,6458435000.00000000
1979-12-01,6120103000.00000000
1980-01-01,7846419000.00000000
1980-02-01,7567626000.00000000
1980-03-01,7487434000.00000000
1980-04-01,7573261000.00000000
1980-05-01,7580962000.00000000
1980-06-01,7825638000.00000000
1980-07-01,6421037000.00000000
1980-08-01,7953309000.00000000
1980-09-01,7415463000.00000000
1980-10-01,7665368000.00000000
1980-11-01,7555551000.00000000
1980-12-01,8280238000.00000191
1981-01-01,8214700000.00000191
1981-02-01,7786264000.00000000
1981-03-01,8281910000.00000000
1981-04-01,8815309000.00000000
1981-05-01,8870834000.00000000
1981-06-01,9686537000.00000000
1981-07-01,9152907000.00000000
1981-08-01,7445409000.00000000
1981-09-01,9146347000.00000000
1981-10-01,8749860000.00000000
1981-11-01,9227235000.00000000
1981-12-01,8640636000.00000000
1982-01-01,8994957000.00000000
1982-02-01,8923812000.00000000
1982-03-01,9293080000.00000000
1982-04-01,10015820000.00000000
1982-05-01,8655557000.00000000
1982-06-01,8926662000.00000000
1982-07-01,10378060000.00000000
1982-08-01,9046276000.00000000
1982-09-01,9699646000.00000000
1982-10-01,8903073000.00000000
1982-11-01,10117160000.00000000
1982-12-01,10083450000.00000000
1983-01-01,9922561000.00000000
1983-02-01,9999505000.00000000
1983-03-01,10678020000.00000000
1983-04-01,11014540000.00000000
1983-05-01,10976200000.00000000
1983-06-01,10078640000.00000000
1983-07-01,12148360000.00000000
1983-08-01,10901440000.00000000
1983-09-01,10413510000.00000000
1983-10-01,11995130000.00000000
1983-11-01,11358030000.00000000
1983-12-01,12108360000.00000000
1984-01-01,12987290000.00000000
1984-02-01,12090940000.00000000
1984-03-01,11900770000.00000000
1984-04-01,11677190000.00000000
1984-05-01,12257820000.00000000
1984-06-01,12742750000.00000000
1984-07-01,13715350000.00000000
1984-08-01,12815480000.00000000
1984-09-01,13080370000.00000000
1984-10-01,12832150000.00000000
1984-11-01,14276330000.00000000
1984-12-01,13468870000.00000000
1985-01-01,13673600000.00000000
1985-02-01,13696010000.00000000
1985-03-01,14578460000.00000000
1985-04-01,14598590000.00000000
1985-05-01,14249650000.00000000
1985-06-01,13481200000.00000000
1985-07-01,14482450000.00000000
1985-08-01,14630080000.00000000
1985-09-01,13939170000.00000000
1985-10-01,15021840000.00000000
1985-11-01,13669820000.00000000
1985-12-01,14544490000.00000000
1986-01-01,13376420000.00000000
1986-02-01,12425640000.00000000
1986-03-01,12047240000.00000000
1986-04-01,7898644000.00000000
1986-05-01,10373330000.00000000
1986-06-01,11133780000.00000000
1986-07-01,10428410000.00000000
1986-08-01,11068090000.00000000
1986-09-01,10607030000.00000000
1986-10-01,11421730000.00000000
1986-11-01,11653490000.00000000
1986-12-01,11446640000.00000000
1987-01-01,11755030000.00000000
1987-02-01,13761850000.00000000
1987-03-01,11781900000.00000000
1987-04-01,12631700000.00000000
1987-05-01,12682190000.00000000
1987-06-01,11376920000.00000000
1987-07-01,12163990000.00000000
1987-08-01,9994411000.00000000
1987-09-01,11415120000.00000000
1987-10-01,11761540000.00000000
1987-11-01,11475160000.00000000
1987-12-01,13389860000.00000000
1988-01-01,10351330000.00000000
1988-02-01,11781850000.00000000
1988-03-01,11602020000.00000000
1988-04-01,11778280000.00000000
1988-05-01,11992130000.00000000
1988-06-01,11947750000.00000000
1988-07-01,12261810000.00000000
1988-08-01,12965900000.00000000
1988-09-01,12872480000.00000000
1988-10-01,13367990000.00000000
1988-11-01,12518340000.00000000
1988-12-01,12579130000.00000000
1989-01-01,14635130000.00000000
1989-02-01,14014490000.00000000
1989-03-01,15041510000.00000000
1989-04-01,16092870000.00000191
1989-05-01,16026560000.00000000
1989-06-01,15537360000.00000000
1989-07-01,16731130000.00000000
1989-08-01,17467750000.00000000
1989-09-01,15671300000.00000000
1989-10-01,15543170000.00000000
1989-11-01,16011399999.99999809
1989-12-01,14989480000.00000000
1990-01-01,16787590000.00000191
1990-02-01,15526780000.00000000
1990-03-01,15614630000.00000000
1990-04-01,15916030000.00000000
1990-05-01,15554890000.00000000
1990-06-01,16942039999.99999809
1990-07-01,16289100000.00000191
1990-08-01,17708080000.00000000
1990-09-01,19974520000.00000000
1990-10-01,20958920000.00000000
1990-11-01,20734160000.00000000
1990-12-01,19024290000.00000000
1991-01-01,19168230000.00000000
1991-02-01,17379680000.00000000
1991-03-01,18123770000.00000000
1991-04-01,18414370000.00000000
1991-05-01,18535320000.00000000
1991-06-01,19383060000.00000000
1991-07-01,18971270000.00000000
1991-08-01,16085470000.00000000
1991-09-01,20944160000.00000000
1991-10-01,17578150000.00000000
1991-11-01,17391700000.00000000
1991-12-01,18212740000.00000000
1992-01-01,18025140000.00000000
1992-02-01,16919670000.00000000
1992-03-01,19498110000.00000000
1992-04-01,18059090000.00000000
1992-05-01,18480580000.00000000
1992-06-01,18642800000.00000000
1992-07-01,18006640000.00000000
1992-08-01,17724220000.00000000
1992-09-01,18113560000.00000000
1992-10-01,17459600000.00000000
1992-11-01,18441550000.00000000
1992-12-01,18132830000.00000000
1993-01-01,17413940000.00000000
1993-02-01,18400060000.00000000
1993-03-01,17540370000.00000000
1993-04-01,20693300000.00000000
1993-05-01,19921760000.00000000
1993-06-01,19770030000.00000000
1993-07-01,19100280000.00000000
1993-08-01,21039330000.00000000
1993-09-01,17096800000.00000191
1993-10-01,19616860000.00000000
1993-11-01,18559820000.00000000
1993-12-01,17877220000.00000000
1994-01-01,18114140000.00000000
1994-02-01,20109840000.00000000
1994-03-01,18898470000.00000000
1994-04-01,18403880000.00000000
1994-05-01,20203050000.00000000
1994-06-01,21343740000.00000000
1994-07-01,21840850000.00000000
1994-08-01,18822370000.00000000
1994-09-01,21595670000.00000000
1994-10-01,21942720000.00000000
1994-11-01,20705320000.00000000
1994-12-01,23034360000.00000000
1995-01-01,22229090000.00000000
1995-02-01,22085200000.00000000
1995-03-01,21670140000.00000000
1995-04-01,21855710000.00000000
1995-05-01,23267970000.00000000
1995-06-01,20860660000.00000000
1995-07-01,23132760000.00000000
1995-08-01,22200410000.00000000
1995-09-01,22810930000.00000000
1995-10-01,22775750000.00000000
1995-11-01,20991480000.00000000
1995-12-01,22684890000.00000000
1996-01-01,23977280000.00000000
1996-02-01,24964200000.00000000
1996-03-01,25899230000.00000000
1996-04-01,26367370000.00000000
1996-05-01,24998050000.00000000
1996-06-01,26450940000.00000000
1996-07-01,25137400000.00000000
1996-08-01,28752420000.00000000
1996-09-01,27822730000.00000000
1996-10-01,27857980000.00000000
1996-11-01,29702980000.00000000
1996-12-01,27304140000.00000000
1997-01-01,30125130000.00000000
1997-02-01,27279250000.00000000
1997-03-01,28269150000.00000000
1997-04-01,26912720000.00000000
1997-05-01,29047710000.00000000
1997-06-01,27473000000.00000000
1997-07-01,29586160000.00000000
1997-08-01,29210850000.00000000
1997-09-01,29881500000.00000000
1997-10-01,27617160000.00000000
1997-11-01,29464620000.00000000
1997-12-01,27710260000.00000000
1998-01-01,29264190000.00000000
1998-02-01,26505070000.00000000
1998-03-01,27533900000.00000000
1998-04-01,25998160000.00000000
1998-05-01,25830920000.00000000
1998-06-01,25677030000.00000000
1998-07-01,24159260000.00000000
1998-08-01,23404090000.00000000
1998-09-01,25622810000.00000000
1998-10-01,24576130000.00000000
1998-11-01,23650550000.00000000
1998-12-01,22331910000.00000000
1999-01-01,22267990000.00000000
1999-02-01,23794600000.00000000
1999-03-01,25715880000.00000000
1999-04-01,25226350000.00000000
1999-05-01,26844940000.00000000
1999-06-01,29816340000.00000000
1999-07-01,28756720000.00000000
1999-08-01,33043690000.00000000
1999-09-01,33164940000.00000000
1999-10-01,33151570000.00000000
1999-11-01,36788010000.00000000
1999-12-01,35912540000.00000000
2000-01-01,39398400000.00000000
2000-02-01,38997330000.00000000
2000-03-01,38501040000.00000000
2000-04-01,39745860000.00000000
2000-05-01,43536290000.00000000
2000-06-01,42000960000.00000000
2000-07-01,44669360000.00000000
2000-08-01,50328000000.00000000
2000-09-01,47657960000.00000000
2000-10-01,49196660000.00000000
2000-11-01,50728990000.00000000
2000-12-01,45680160000.00000000
2001-01-01,48335170000.00000000
2001-02-01,44377080000.00000000
2001-03-01,42005040000.00000000
2001-04-01,46254350000.00000000
2001-05-01,47115270000.00000000
2001-06-01,44943250000.00000000
2001-07-01,48787060000.00000000
2001-08-01,43378620000.00000000
2001-09-01,44948240000.00000000
2001-10-01,40808160000.00000000
2001-11-01,37652850000.00000000
2001-12-01,44850600000.00000000
2002-01-01,35152340000.00000000
2002-02-01,38479780000.00000000
2002-03-01,42985740000.00000000
2002-04-01,40120380000.00000000
2002-05-01,38928490000.00000000
2002-06-01,41523270000.00000000
2002-07-01,37390130000.00000000
2002-08-01,40208160000.00000000
2002-09-01,40338370000.00000000
2002-10-01,37317280000.00000000
2002-11-01,40057760000.00000000
2002-12-01,41143520000.00000000
2003-01-01,39363400000.00000000
2003-02-01,42442680000.00000000
2003-03-01,38465820000.00000000
2003-04-01,41605140000.00000000
2003-05-01,40503880000.00000000
2003-06-01,36417520000.00000000
2003-07-01,38851830000.00000000
2003-08-01,41027190000.00000000
2003-09-01,39002220000.00000000
2003-10-01,42484770000.00000000
2003-11-01,41671830000.00000000
2003-12-01,41113430000.00000000
2004-01-01,41623560000.00000000
2004-02-01,45735570000.00000000
2004-03-01,42681240000.00000000
2004-04-01,45898620000.00000000
2004-05-01,46439370000.00000000
2004-06-01,45417640000.00000000
2004-07-01,49810400000.00000000
2004-08-01,45578430000.00000000
2004-09-01,48878140000.00000000
2004-10-01,50054410000.00000000
2004-11-01,48774640000.00000000
2004-12-01,43003800000.00000000
2005-01-01,48826110000.00000000
2005-02-01,51329270000.00000000
2005-03-01,52727650000.00000000
2005-04-01,56918210000.00000000
2005-05-01,54072000000.00000000
2005-06-01,51072590000.00000000
2005-07-01,58494110000.00000000
2005-08-01,59332990000.00000000
2005-09-01,58730350000.00000000
2005-10-01,61791080000.00000000
2005-11-01,55099970000.00000000
2005-12-01,62077140000.00000000
2006-01-01,68503330000.00000763
2006-02-01,63028990000.00000000
2006-03-01,64838150000.00000000
2006-04-01,66880380000.00000000
2006-05-01,63068490000.00000000
2006-06-01,67377200000.00000000
2006-07-01,67908940000.00000000
2006-08-01,67678889999.99999237
2006-09-01,63371810000.00000000
2006-10-01,64624910000.00000000
2006-11-01,64170559999.99999237
2006-12-01,63516010000.00000000
2007-01-01,64089580000.00000000
2007-02-01,61079320000.00000000
2007-03-01,63148540000.00000000
2007-04-01,66265609999.99999237
2007-05-01,64452100000.00000000
2007-06-01,66897499999.99999237
2007-07-01,63070610000.00000000
2007-08-01,65775670000.00000763
2007-09-01,69665330000.00000000
2007-10-01,66459140000.00000763
2007-11-01,68843610000.00000000
2007-12-01,75749410000.00000000
2008-01-01,74352910000.00000000
2008-02-01,78374920000.00000000
2008-03-01,80436040000.00000000
2008-04-01,79490210000.00000000
2008-05-01,86254300000.00000000
2008-06-01,85847110000.00000000
2008-07-01,83194870000.00000000
2008-08-01,85275990000.00000000
2008-09-01,76687840000.00000000
2008-10-01,76881970000.00000000
2008-11-01,77361410000.00000000
2008-12-01,68380359999.99999237
2009-01-01,66228290000.00000000
2009-02-01,66702190000.00000000
2009-03-01,63534250000.00000000
2009-04-01,57081840000.00000000
2009-05-01,57273270000.00000000
2009-06-01,58604290000.00000000
2009-07-01,62410960000.00000000
2009-08-01,59901150000.00000000
2009-09-01,59517320000.00000000
2009-10-01,59497890000.00000000
2009-11-01,61804120000.00000000
2009-12-01,58280450000.00000000
2010-01-01,63410560000.00000000
2010-02-01,67581620000.00000000
2010-03-01,64903340000.00000000
2010-04-01,62807390000.00000000
2010-05-01,63363820000.00000000
2010-06-01,68658840000.00000000
2010-07-01,64095060000.00000000
2010-08-01,60079150000.00000000
2010-09-01,66234140000.00000000
2010-10-01,64820750000.00000763
2010-11-01,68872760000.00000000
2010-12-01,72520420000.00000000
2011-01-01,75641470000.00000000
2011-02-01,72920390000.00000000
2011-03-01,72687900000.00000000
2011-04-01,82500370000.00000000
2011-05-01,72545940000.00000000
2011-06-01,69313490000.00000000
2011-07-01,77847790000.00000000
2011-08-01,74349630000.00000000
2011-09-01,77972930000.00000000
2011-10-01,69763730000.00000000
2011-11-01,76855190000.00000000
2011-12-01,78570310000.00000000
2012-01-01,80161620000.00000000
2012-02-01,84997270000.00000000
2012-03-01,82485730000.00000000
2012-04-01,80333820000.00000000
2012-05-01,83593970000.00000000
2012-06-01,76244350000.00000000
2012-07-01,75843480000.00000000
2012-08-01,76491410000.00000000
2012-09-01,71691830000.00000000
2012-10-01,75235870000.00000000
2012-11-01,72466730000.00000000
2012-12-01,73708420000.00000000
2013-01-01,71929480000.00000000
2013-02-01,76249380000.00000000
2013-03-01,78469810000.00000000
2013-04-01,66562290000.00000763
2013-05-01,74833280000.00000000
2013-06-01,81027440000.00000000
2013-07-01,81893510000.00000000
2013-08-01,77521810000.00000000
2013-09-01,72558820000.00000000
2013-10-01,73560950000.00000000
2013-11-01,83873230000.00000000
2013-12-01,78817990000.00000000
2014-01-01,85433040000.00000000
2014-02-01,79900920000.00000000
2014-03-01,76354570000.00000000
2014-04-01,78167530000.00000000
2014-05-01,75514600000.00000000
2014-06-01,70173650000.00000000
2014-07-01,71943060000.00000000
2014-08-01,73469480000.00000000
2014-09-01,75157310000.00000000
2014-10-01,78132840000.00000000
2014-11-01,72232350000.00000000
2014-12-01,71068520000.00000000
2015-01-01,67307829999.99999237
2015-02-01,70584770000.00000000
2015-03-01,72817660000.00000000
2015-04-01,67277440000.00000000
2015-05-01,72805380000.00000000
2015-06-01,73023460000.00000000
2015-07-01,71796710000.00000000
2015-08-01,73233630000.00000000
2015-09-01,71777470000.00000000
2015-10-01,68986530000.00000000
2015-11-01,64495580000.00000763
2015-12-01,62228230000.00000000
2016-01-01,59818020000.00000000
2016-02-01,59690590000.00000000
2016-03-01,59838840000.00000000
2016-04-01,59945590000.00000000
2016-05-01,61611550000.00000000
2016-06-01,62611740000.00000000
2016-07-01,64534530000.00000000
2016-08-01,61138370000.00000000
2016-09-01,60500910000.00000000
2016-10-01,66044280000.00000000
2016-11-01,65854800000.00000000
2016-12-01,68969570000.00000000
2017-01-01,74313130000.00000000
2017-02-01,72921190000.00000000
2017-03-01,69085300000.00000000
2017-04-01,75092020000.00000000
2017-05-01,70932210000.00000000
2017-06-01,71591060000.00000000
2017-07-01,68488050000.00000000
2017-08-01,70423530000.00000000
2017-09-01,71985820000.00000000
2017-10-01,70172580000.00000000
2017-11-01,73535160000.00000000
2017-12-01,76244900000.00000000
2018-01-01,79906860000.00000000
2018-02-01,78089730000.00000000
2018-03-01,80218460000.00000000
2018-04-01,79625450000.00000000
2018-05-01,83184830000.00000000
2018-06-01,85173130000.00000000
2018-07-01,87108590000.00000000
2018-08-01,89109470000.00000000
2018-09-01,90860880000.00000000
2018-10-01,89081600000.00000000
2018-11-01,80906300000.00000000
2018-12-01,77553230000.00000000
2019-01-01,80978460000.00000000
2019-02-01,78940820000.00000000
2019-03-01,79093280000.00000000
2019-04-01,80929050000.00000000
2019-05-01,78941730000.00000000
2019-06-01,72466720000.00000000
2019-07-01,69448710000.00000000
2019-08-01,68884260000.00000000
2019-09-01,71885940000.00000000
2019-10-01,69602490000.00000000
2019-11-01,82087940000.00000000
2019-12-01,80243020000.00000000
2020-01-01,73198130000.00000000
2020-02-01,75540080000.00000000
2020-03-01,60181790000.00000000
2020-04-01,54710900000.00000000
2020-05-01,55983250000.00000000
2020-06-01,59258110000.00000000
2020-07-01,61114350000.00000000
2020-08-01,62835770000.00000000
2020-09-01,65549139999.99999237
2020-10-01,66746330000.00000000
2020-11-01,66779940000.00000000
2020-12-01,72001680000.00000000
2021-01-01,82655670000.00000000
2021-02-01,82423370000.00000000
2021-03-01,86038230000.00000000
2021-04-01,86452410000.00000000
2021-05-01,99352920000.00000000
2021-06-01,104234600000.00000000
2021-07-01,121258700000.00000000
2021-08-01,129774600000.00000000
2021-09-01,148863500000.00000000
2021-10-01,169703700000.00000000
2021-11-01,163722900000.00000000
2021-12-01,205996900000.00000000
2022-01-01,174711300000.00000000
2022-02-01,179004000000.00000000
2022-03-01,222310200000.00000000
2022-04-01,201297600000.00000000
2022-05-01,211564100000.00000000
2022-06-01,210616500000.00000000
2022-07-01,285306300000.00000000
2022-08-01,325150300000.00000000
2022-09-01,269037400000.00000000
2022-10-01,181792800000.00000000
2022-11-01,184336200000.00000000
2022-12-01,232275600000.00000000
2023-01-01,176136100000.00000000
2023-02-01,170617800000.00000000
2023-03-01,157973800000.00000000
2023-04-01,174505800000.00000000
2023-05-01,145256800000.00000000
2023-06-01,145109400000.00000000
2023-07-01,153915100000.00000000
2023-08-01,146303500000.00000000
2023-09-01,148662400000.00000000
2023-10-01,160426100000.00000000
2023-11-01,154884000000.00000000
2023-12-01,150862300000.00000000
2024-01-01,138881900000.00000000
2024-02-01,131298000000.00000000
2024-03-01,147410900000.00000000
2024-04-01,150187600000.00000000
2024-05-01,155521300000.00000000
2024-06-01,168735400000.00000000
2024-07-01,152220600000.00000000
2024-08-01,157324700000.00000000
2024-09-01,143748400000.00000000
2024-10-01,144984400000.00000000
2024-11-01,156007000000.00000000
2024-12-01,159306100000.00000000
2025-01-01,165172300000.00000000
2025-02-01,174196200000.00000000
2025-03-01,145478000000.00000000
2025-04-01,152086600000.00000000
2025-05-01,146686800000.00000000
2025-06-01,149872400000.00000000
2025-07-01,148127600000.00000000
2025-08-01,153098400000.00000000
2025-09-01,144823800000.00000000
2025-10-01,138699700000.00000000
2025-11-01,135988100000.00000000
2025-12-01,126810000000.00000000
2026-01-01,147178000000.00000000
2026-02-01,137388399999.99998474
2026-03-01,182887500000.00000000
2026-04-01,181589800000.00000000
2026-05-01,173422800000.00000000
2026-06-01,164216800000.00000000
