observation_date,XTEXVA01DEM664S
1950-01-01,260000000.0000000
1950-02-01,270000000.0000000
1950-03-01,290000000.0000000
1950-04-01,290000000.0000000
1950-05-01,310000000.0000000
1950-06-01,330000000.0000000
1950-07-01,360000000.0000000
1950-08-01,380000000.0000000
1950-09-01,360000000.0000000
1950-10-01,450000000.0000000
1950-11-01,500000000.0000000
1950-12-01,440000000.0000000
1951-01-01,530000000.0000000
1951-02-01,560000000.0000000
1951-03-01,560000000.0000000
1951-04-01,590000000.0000000
1951-05-01,590000000.0000000
1951-06-01,630000000.0000000
1951-07-01,660000000.0000000
1951-08-01,660000000.0000000
1951-09-01,740000000.0000000
1951-10-01,610000000.0000000
1951-11-01,590000000.0000000
1951-12-01,700000000.0000000
1952-01-01,750000000.0000000
1952-02-01,710000000.0000000
1952-03-01,690000000.0000000
1952-04-01,690000000.0000000
1952-05-01,710000000.0000000
1952-06-01,740000000.0000000
1952-07-01,720000000.0000000
1952-08-01,710000000.0000000
1952-09-01,750000000.0000000
1952-10-01,710000000.0000000
1952-11-01,710000000.0000000
1952-12-01,760000000.0000000
1953-01-01,720000000.0000000
1953-02-01,700000000.0000000
1953-03-01,740000000.0000000
1953-04-01,810000000.0000000
1953-05-01,760000000.0000000
1953-06-01,780000000.0000000
1953-07-01,760000000.0000000
1953-08-01,790000000.0000000
1953-09-01,780000000.0000000
1953-10-01,830000000.0000000
1953-11-01,850000000.0000000
1953-12-01,920000000.0000000
1954-01-01,880000000.0000000
1954-02-01,850000000.0000000
1954-03-01,930000000.0000000
1954-04-01,880000000.0000000
1954-05-01,930000000.0000000
1954-06-01,880000000.0000000
1954-07-01,940000000.0000000
1954-08-01,980000000.0000000
1954-09-01,960000000.0000000
1954-10-01,980000000.0000000
1954-11-01,1010000000.0000000
1954-12-01,980000000.0000000
1955-01-01,1050000000.0000000
1955-02-01,1070000000.0000000
1955-03-01,1070000000.0000000
1955-04-01,1060000000.0000000
1955-05-01,1090000000.0000000
1955-06-01,1000000000.0000000
1955-07-01,1090000000.0000000
1955-08-01,1040000000.0000000
1955-09-01,1090000000.0000000
1955-10-01,1150000000.0000000
1955-11-01,1150000000.0000000
1955-12-01,1170000000.0000000
1956-01-01,1230000000.0000000
1956-02-01,1100000000.0000000
1956-03-01,1160000000.0000000
1956-04-01,1420000000.0000000
1956-05-01,1260000000.0000000
1956-06-01,1380000000.0000000
1956-07-01,1320000000.0000000
1956-08-01,1280000000.0000000
1956-09-01,1400000000.0000000
1956-10-01,1390000000.0000000
1956-11-01,1400000000.0000000
1956-12-01,1390000000.0000000
1957-01-01,1400000000.0000000
1957-02-01,1500000000.0000000
1957-03-01,1590000000.0000000
1957-04-01,1470000000.0000000
1957-05-01,1560000000.0000000
1957-06-01,1550000000.0000000
1957-07-01,1520000000.0000000
1957-08-01,1640000000.0000000
1957-09-01,1520000000.0000000
1957-10-01,1570000000.0000000
1957-11-01,1570000000.0000000
1957-12-01,1510000000.0000000
1958-01-01,1490000000.0000000
1958-02-01,1620000000.0000000
1958-03-01,1510000000.0000000
1958-04-01,1560000000.0000000
1958-05-01,1510000000.0000000
1958-06-01,1560000000.0000000
1958-07-01,1590000000.0000000
1958-08-01,1610000000.0000000
1958-09-01,1670000000.0000000
1958-10-01,1620000000.0000000
1958-11-01,1640000000.0000000
1958-12-01,1560000000.0000000
1959-01-01,1590000000.0000000
1959-02-01,1690000000.0000000
1959-03-01,1580000000.0000000
1959-04-01,1630000000.0000000
1959-05-01,1750000000.0000000
1959-06-01,1730000000.0000000
1959-07-01,1700000000.0000000
1959-08-01,1850000000.0000000
1959-09-01,1840000000.0000000
1959-10-01,1840000000.0000000
1959-11-01,1930000000.0000000
1959-12-01,1950000000.0000000
1960-01-01,1990000000.0000000
1960-02-01,1940000000.0000000
1960-03-01,2060000000.0000000
1960-04-01,1940000000.0000000
1960-05-01,1930000000.0000000
1960-06-01,2000000000.0000000
1960-07-01,2120000000.0000000
1960-08-01,1930000000.0000000
1960-09-01,2000000000.0000000
1960-10-01,2070000000.0000000
1960-11-01,2100000000.0000000
1960-12-01,2240000000.0000000
1961-01-01,2210000000.0000000
1961-02-01,2200000000.0000000
1961-03-01,2080000000.0000000
1961-04-01,2270000000.0000000
1961-05-01,2010000000.0000000
1961-06-01,2270000000.0000000
1961-07-01,2190000000.0000000
1961-08-01,2210000000.0000000
1961-09-01,2210000000.0000000
1961-10-01,2160000000.0000000
1961-11-01,2100000000.0000000
1961-12-01,2230000000.0000000
1962-01-01,2030000000.0000000
1962-02-01,2220000000.0000000
1962-03-01,2240000000.0000000
1962-04-01,2250000000.0000000
1962-05-01,2210000000.0000000
1962-06-01,2300000000.0000000
1962-07-01,2310000000.0000000
1962-08-01,2300000000.0000000
1962-09-01,2370000000.0000000
1962-10-01,2200000000.0000000
1962-11-01,2310000000.0000000
1962-12-01,2480000000.0000000
1963-01-01,2020000000.0000000
1963-02-01,2220000000.0000000
1963-03-01,2420000000.0000000
1963-04-01,2490000000.0000000
1963-05-01,2480000000.0000000
1963-06-01,2540000000.0000000
1963-07-01,2470000000.0000000
1963-08-01,2710000000.0000000
1963-09-01,2580000000.0000000
1963-10-01,2550000000.0000000
1963-11-01,2770000000.0000000
1963-12-01,2710000000.0000000
1964-01-01,2650000000.0000000
1964-02-01,2840000000.0000000
1964-03-01,2720000000.0000000
1964-04-01,2730000000.0000000
1964-05-01,2790000000.0000000
1964-06-01,2710000000.0000000
1964-07-01,2700000000.0000000
1964-08-01,2760000000.0000000
1964-09-01,2700000000.0000000
1964-10-01,2840000000.0000000
1964-11-01,2830000000.0000000
1964-12-01,2850000000.0000000
1965-01-01,3150000000.0000000
1965-02-01,2950000000.0000000
1965-03-01,2960000000.0000000
1965-04-01,2860000000.0000000
1965-05-01,3040000000.0000000
1965-06-01,2920000000.0000000
1965-07-01,3130000000.0000000
1965-08-01,2950000000.0000000
1965-09-01,3020000000.0000000
1965-10-01,3140000000.0000000
1965-11-01,3140000000.0000000
1965-12-01,3160000000.0000000
1966-01-01,3320000000.0000000
1966-02-01,3280000000.0000000
1966-03-01,3140000000.0000000
1966-04-01,3310000000.0000000
1966-05-01,3360000000.0000000
1966-06-01,3390000000.0000000
1966-07-01,3590000000.0000000
1966-08-01,3390000000.0000000
1966-09-01,3520000000.0000000
1966-10-01,3570000000.0000000
1966-11-01,3490000000.0000000
1966-12-01,3590000000.0000000
1967-01-01,3770000000.0000000
1967-02-01,3580000000.0000000
1967-03-01,3500000000.0000000
1967-04-01,3830000000.0000000
1967-05-01,3500000000.0000000
1967-06-01,3650000000.0000000
1967-07-01,3630000000.0000000
1967-08-01,3660000000.0000000
1967-09-01,3790000000.0000000
1967-10-01,3780000000.0000000
1967-11-01,3880000000.0000000
1967-12-01,3880000000.0000000
1968-01-01,3990000000.0000000
1968-02-01,3920000000.0000000
1968-03-01,4070000000.0000010
1968-04-01,3940000000.0000000
1968-05-01,3840000000.0000000
1968-06-01,4070000000.0000010
1968-07-01,4260000000.0000000
1968-08-01,4420000000.0000000
1968-09-01,4350000000.0000000
1968-10-01,4380000000.0000000
1968-11-01,4880000000.0000000
1968-12-01,4940000000.0000000
1969-01-01,4250000000.0000000
1969-02-01,4280000000.0000010
1969-03-01,4750000000.0000000
1969-04-01,4910000000.0000000
1969-05-01,4880000000.0000000
1969-06-01,5000000000.0000000
1969-07-01,5010000000.0000000
1969-08-01,5050000000.0000000
1969-09-01,5010000000.0000000
1969-10-01,5020000000.0000000
1969-11-01,5130000000.0000000
1969-12-01,4990000000.0000000
1970-01-01,4890000000.0000000
1970-02-01,5080000000.0000000
1970-03-01,5310000000.0000000
1970-04-01,5120000000.0000000
1970-05-01,5340000000.0000000
1970-06-01,5370000000.0000000
1970-07-01,5500000000.0000000
1970-08-01,5330000000.0000000
1970-09-01,5370000000.0000000
1970-10-01,5480000000.0000000
1970-11-01,5360000000.0000000
1970-12-01,5870000000.0000000
1971-01-01,5550000000.0000000
1971-02-01,5770000000.0000000
1971-03-01,5830000000.0000000
1971-04-01,5750000000.0000000
1971-05-01,5620000000.0000000
1971-06-01,5920000000.0000000
1971-07-01,5980000000.0000000
1971-08-01,5870000000.0000000
1971-09-01,5960000000.0000000
1971-10-01,5830000000.0000000
1971-11-01,5610000000.0000000
1971-12-01,5630000000.0000000
1972-01-01,5860000000.0000000
1972-02-01,6150000000.0000000
1972-03-01,6020000000.0000000
1972-04-01,6130000000.0000000
1972-05-01,6200000000.0000000
1972-06-01,6180000000.0000000
1972-07-01,6150000000.0000000
1972-08-01,6310000000.0000000
1972-09-01,6390000000.0000000
1972-10-01,6860000000.0000000
1972-11-01,6760000000.0000000
1972-12-01,6960000000.0000000
1973-01-01,7180000000.0000000
1973-02-01,7250000000.0000000
1973-03-01,6940000000.0000000
1973-04-01,7420000000.0000000
1973-05-01,7580000000.0000000
1973-06-01,7250000000.0000000
1973-07-01,7430000000.0000000
1973-08-01,7800000000.0000000
1973-09-01,8170000000.0000000
1973-10-01,8210000000.0000019
1973-11-01,8400000000.0000000
1973-12-01,7940000000.0000000
1974-01-01,9440000000.0000000
1974-02-01,9340000000.0000000
1974-03-01,9540000000.0000000
1974-04-01,9720000000.0000000
1974-05-01,10090000000.0000000
1974-06-01,9620000000.0000000
1974-07-01,10140000000.0000000
1974-08-01,10480000000.0000000
1974-09-01,9980000000.0000000
1974-10-01,9810000000.0000000
1974-11-01,10270000000.0000000
1974-12-01,10170000000.0000000
1975-01-01,9450000000.0000000
1975-02-01,9510000000.0000000
1975-03-01,9150000000.0000000
1975-04-01,9220000000.0000000
1975-05-01,9310000000.0000000
1975-06-01,9520000000.0000000
1975-07-01,9500000000.0000000
1975-08-01,9220000000.0000000
1975-09-01,9470000000.0000000
1975-10-01,9390000000.0000000
1975-11-01,10040000000.0000000
1975-12-01,10080000000.0000000
1976-01-01,10380000000.0000000
1976-02-01,10120000000.0000000
1976-03-01,10480000000.0000000
1976-04-01,10450000000.0000000
1976-05-01,10670000000.0000000
1976-06-01,10560000000.0000000
1976-07-01,11060000000.0000000
1976-08-01,11050000000.0000000
1976-09-01,11820000000.0000000
1976-10-01,11250000000.0000000
1976-11-01,11090000000.0000000
1976-12-01,11190000000.0000000
1977-01-01,11100000000.0000000
1977-02-01,11240000000.0000000
1977-03-01,11610000000.0000000
1977-04-01,11330000000.0000000
1977-05-01,11410000000.0000000
1977-06-01,11850000000.0000000
1977-07-01,11380000000.0000000
1977-08-01,11680000000.0000000
1977-09-01,11850000000.0000000
1977-10-01,12160000000.0000000
1977-11-01,11660000000.0000000
1977-12-01,11750000000.0000000
1978-01-01,11650000000.0000000
1978-02-01,11560000000.0000000
1978-03-01,11840000000.0000000
1978-04-01,11930000000.0000000
1978-05-01,11630000000.0000000
1978-06-01,12170000000.0000000
1978-07-01,11520000000.0000000
1978-08-01,12320000000.0000000
1978-09-01,13080000000.0000000
1978-10-01,12670000000.0000000
1978-11-01,12570000000.0000000
1978-12-01,12510000000.0000000
1979-01-01,12300000000.0000000
1979-02-01,12430000000.0000000
1979-03-01,12970000000.0000000
1979-04-01,13350000000.0000000
1979-05-01,13140000000.0000000
1979-06-01,13460000000.0000000
1979-07-01,13820000000.0000000
1979-08-01,13960000000.0000000
1979-09-01,13640000000.0000000
1979-10-01,13740000000.0000000
1979-11-01,14190000000.0000000
1979-12-01,14380000000.0000000
1980-01-01,14980000000.0000000
1980-02-01,15260000000.0000000
1980-03-01,14920000000.0000000
1980-04-01,15030000000.0000000
1980-05-01,15110000000.0000000
1980-06-01,14840000000.0000000
1980-07-01,14770000000.0000000
1980-08-01,14740000000.0000000
1980-09-01,14800000000.0000000
1980-10-01,14680000000.0000000
1980-11-01,14920000000.0000000
1980-12-01,15260000000.0000000
1981-01-01,15260000000.0000000
1981-02-01,15880000000.0000000
1981-03-01,15760000000.0000000
1981-04-01,16760000000.0000019
1981-05-01,16340000000.0000000
1981-06-01,16910000000.0000000
1981-07-01,18240000000.0000000
1981-08-01,17000000000.0000000
1981-09-01,17260000000.0000000
1981-10-01,17940000000.0000000
1981-11-01,18090000000.0000000
1981-12-01,17500000000.0000000
1982-01-01,18240000000.0000000
1982-02-01,18370000000.0000000
1982-03-01,18600000000.0000000
1982-04-01,18260000000.0000000
1982-05-01,18620000000.0000000
1982-06-01,18260000000.0000000
1982-07-01,17940000000.0000000
1982-08-01,17960000000.0000000
1982-09-01,18120000000.0000000
1982-10-01,17710000000.0000000
1982-11-01,18150000000.0000000
1982-12-01,17880000000.0000000
1983-01-01,18040000000.0000000
1983-02-01,17640000000.0000000
1983-03-01,17890000000.0000000
1983-04-01,17600000000.0000000
1983-05-01,17940000000.0000000
1983-06-01,18610000000.0000000
1983-07-01,17810000000.0000000
1983-08-01,18490000000.0000000
1983-09-01,18940000000.0000000
1983-10-01,18550000000.0000000
1983-11-01,19190000000.0000000
1983-12-01,19120000000.0000000
1984-01-01,19690000000.0000000
1984-02-01,20840000000.0000000
1984-03-01,19890000000.0000000
1984-04-01,19990000000.0000000
1984-05-01,20250000000.0000000
1984-06-01,18610000000.0000000
1984-07-01,20360000000.0000000
1984-08-01,21610000000.0000000
1984-09-01,21860000000.0000000
1984-10-01,22000000000.0000000
1984-11-01,22290000000.0000000
1984-12-01,22710000000.0000000
1985-01-01,22460000000.0000000
1985-02-01,22990000000.0000000
1985-03-01,23570000000.0000000
1985-04-01,22850000000.0000000
1985-05-01,23670000000.0000000
1985-06-01,23080000000.0000000
1985-07-01,23620000000.0000000
1985-08-01,22970000000.0000000
1985-09-01,23020000000.0000000
1985-10-01,22480000000.0000000
1985-11-01,22790000000.0000000
1985-12-01,23320000000.0000000
1986-01-01,23520000000.0000000
1986-02-01,22960000000.0000000
1986-03-01,22830000000.0000000
1986-04-01,23560000000.0000000
1986-05-01,22040000000.0000000
1986-06-01,22720000000.0000000
1986-07-01,22380000000.0000000
1986-08-01,22090000000.0000000
1986-09-01,22420000000.0000000
1986-10-01,22010000000.0000000
1986-11-01,22040000000.0000000
1986-12-01,22260000000.0000000
1987-01-01,20910000000.0000000
1987-02-01,22510000000.0000000
1987-03-01,22130000000.0000000
1987-04-01,22610000000.0000000
1987-05-01,22800000000.0000000
1987-06-01,22320000000.0000000
1987-07-01,22380000000.0000000
1987-08-01,21840000000.0000000
1987-09-01,23120000000.0000000
1987-10-01,23080000000.0000000
1987-11-01,22930000000.0000000
1987-12-01,23360000000.0000000
1988-01-01,20950000000.0000000
1988-02-01,21620000000.0000000
1988-03-01,22250000000.0000000
1988-04-01,22960000000.0000000
1988-05-01,24120000000.0000000
1988-06-01,25710000000.0000000
1988-07-01,24980000000.0000000
1988-08-01,24770000000.0000000
1988-09-01,24010000000.0000000
1988-10-01,26120000000.0000000
1988-11-01,25390000000.0000000
1988-12-01,25680000000.0000000
1989-01-01,26870000000.0000000
1989-02-01,27050000000.0000000
1989-03-01,26570000000.0000000
1989-04-01,27210000000.0000000
1989-05-01,26760000000.0000000
1989-06-01,28970000000.0000000
1989-07-01,27350000000.0000000
1989-08-01,27730000000.0000000
1989-09-01,27860000000.0000000
1989-10-01,27090000000.0000000
1989-11-01,27310000000.0000000
1989-12-01,26890000000.0000000
1990-01-01,29420000000.0000000
1990-02-01,28060000000.0000000
1990-03-01,28290000000.0000000
1990-04-01,27780000000.0000000
1990-05-01,27280000000.0000000
1990-06-01,26880000000.0000000
1990-07-01,28830000000.0000000
1990-08-01,28800000000.0000000
1990-09-01,29120000000.0000000
1990-10-01,29250000000.0000000
1990-11-01,28730000000.0000000
1990-12-01,29120000000.0000000
1991-01-01,30180000000.0000000
1991-02-01,28540000000.0000000
1991-03-01,28430000000.0000000
1991-04-01,26080000000.0000000
1991-05-01,28630000000.0000000
1991-06-01,27400000000.0000000
1991-07-01,28720000000.0000000
1991-08-01,29800000000.0000000
1991-09-01,28260000000.0000000
1991-10-01,28310000000.0000000
1991-11-01,29860000000.0000000
1991-12-01,29920000000.0000000
1992-01-01,29090000000.0000000
1992-02-01,29350000000.0000000
1992-03-01,29810000000.0000000
1992-04-01,30440000000.0000000
1992-05-01,27690000000.0000000
1992-06-01,26190000000.0000000
1992-07-01,29210000000.0000000
1992-08-01,28980000000.0000000
1992-09-01,28430000000.0000000
1992-10-01,28600000000.0000000
1992-11-01,26810000000.0000000
1992-12-01,27350000000.0000000
1993-01-01,25770000000.0000000
1993-02-01,28550000000.0000000
1993-03-01,26460000000.0000000
1993-04-01,26330000000.0000000
1993-05-01,26270000000.0000000
1993-06-01,26320000000.0000000
1993-07-01,25930000000.0000000
1993-08-01,26760000000.0000000
1993-09-01,26880000000.0000000
1993-10-01,27200000000.0000000
1993-11-01,27480000000.0000000
1993-12-01,27940000000.0000000
1994-01-01,27610000000.0000000
1994-02-01,27970000000.0000000
1994-03-01,28940000000.0000000
1994-04-01,28880000000.0000000
1994-05-01,30020000000.0000000
1994-06-01,30280000000.0000000
1994-07-01,28460000000.0000000
1994-08-01,30680000000.0000000
1994-09-01,29960000000.0000000
1994-10-01,30040000000.0000000
1994-11-01,30280000000.0000000
1994-12-01,31010000000.0000000
1995-01-01,31530000000.0000000
1995-02-01,31650000000.0000000
1995-03-01,31410000000.0000000
1995-04-01,31290000000.0000000
1995-05-01,31740000000.0000000
1995-06-01,32620000000.0000000
1995-07-01,30850000000.0000000
1995-08-01,31330000000.0000000
1995-09-01,33560000000.0000038
1995-10-01,32150000000.0000000
1995-11-01,32150000000.0000000
1995-12-01,32820000000.0000000
1996-01-01,33490000000.0000038
1996-02-01,32610000000.0000000
1996-03-01,32540000000.0000000
1996-04-01,32940000000.0000000
1996-05-01,32930000000.0000000
1996-06-01,32390000000.0000000
1996-07-01,34290000000.0000000
1996-08-01,33170000000.0000000
1996-09-01,33970000000.0000000
1996-10-01,35550000000.0000000
1996-11-01,34730000000.0000000
1996-12-01,35380000000.0000000
1997-01-01,35150000000.0000000
1997-02-01,36060000000.0000000
1997-03-01,37000000000.0000000
1997-04-01,35190000000.0000000
1997-05-01,37690000000.0000000
1997-06-01,37810000000.0000000
1997-07-01,38720000000.0000000
1997-08-01,38280000000.0000000
1997-09-01,40620000000.0000000
1997-10-01,38970000000.0000000
1997-11-01,39470000000.0000000
1997-12-01,40710000000.0000000
1998-01-01,41160000000.0000000
1998-02-01,40820000000.0000000
1998-03-01,40380000000.0000000
1998-04-01,42260000000.0000000
1998-05-01,40660000000.0000000
1998-06-01,41110000000.0000000
1998-07-01,42000000000.0000000
1998-08-01,39930000000.0000000
1998-09-01,39730000000.0000000
1998-10-01,40090000000.0000000
1998-11-01,40100000000.0000000
1998-12-01,39060000000.0000000
1999-01-01,39274900000.0000000
1999-02-01,39925600000.0000000
1999-03-01,39748100000.0000000
1999-04-01,41278900000.0000000
1999-05-01,41312300000.0000000
1999-06-01,41885200000.0000000
1999-07-01,43279000000.0000000
1999-08-01,41899500000.0000000
1999-09-01,42758500000.0000000
1999-10-01,42671000000.0000000
1999-11-01,45236900000.0000000
1999-12-01,44761400000.0000000
2000-01-01,44649300000.0000000
2000-02-01,46657500000.0000000
2000-03-01,47725000000.0000000
2000-04-01,47328600000.0000000
2000-05-01,49509100000.0000000
2000-06-01,49283800000.0000000
2000-07-01,49914100000.0000000
2000-08-01,49593100000.0000000
2000-09-01,50214300000.0000000
2000-10-01,54127800000.0000000
2000-11-01,52601600000.0000000
2000-12-01,53394700000.0000000
2001-01-01,53260800000.0000000
2001-02-01,53002200000.0000000
2001-03-01,52686400000.0000000
2001-04-01,53636600000.0000000
2001-05-01,53494800000.0000000
2001-06-01,53454300000.0000000
2001-07-01,53785500000.0000000
2001-08-01,54198900000.0000000
2001-09-01,52271800000.0000000
2001-10-01,52898700000.0000000
2001-11-01,50824600000.0000000
2001-12-01,54470000000.0000000
2002-01-01,51759600000.0000000
2002-02-01,52879200000.0000000
2002-03-01,54030900000.0000000
2002-04-01,53977200000.0000000
2002-05-01,51466100000.0000000
2002-06-01,55858100000.0000000
2002-07-01,52854000000.0000000
2002-08-01,55897500000.0000000
2002-09-01,55451500000.0000000
2002-10-01,54646900000.0000000
2002-11-01,56354300000.0000000
2002-12-01,55887000000.0000000
2003-01-01,55301200000.0000000
2003-02-01,54919600000.0000000
2003-03-01,54179700000.0000000
2003-04-01,53209200000.0000000
2003-05-01,55029700000.0000000
2003-06-01,54107200000.0000000
2003-07-01,54932700000.0000000
2003-08-01,55626400000.0000000
2003-09-01,56709400000.0000000
2003-10-01,54281700000.0000000
2003-11-01,57405400000.0000000
2003-12-01,58230500000.0000000
2004-01-01,59008600000.0000000
2004-02-01,58924400000.0000000
2004-03-01,58800400000.0000000
2004-04-01,60947500000.0000000
2004-05-01,62716900000.0000000
2004-06-01,58935300000.0000000
2004-07-01,60915200000.0000000
2004-08-01,60249200000.0000000
2004-09-01,59694100000.0000000
2004-10-01,61284500000.0000000
2004-11-01,61657100000.0000000
2004-12-01,60234100000.0000000
2005-01-01,63640300000.0000000
2005-02-01,60512500000.0000000
2005-03-01,61717000000.0000000
2005-04-01,62071500000.0000000
2005-05-01,64075999999.9999924
2005-06-01,63608900000.0000000
2005-07-01,64788799999.9999924
2005-08-01,65699100000.0000000
2005-09-01,66546300000.0000000
2005-10-01,67069000000.0000000
2005-11-01,66230500000.0000076
2005-12-01,67133300000.0000076
2006-01-01,69097500000.0000000
2006-02-01,70557800000.0000000
2006-03-01,68791000000.0000000
2006-04-01,72349000000.0000000
2006-05-01,69869800000.0000000
2006-06-01,70361400000.0000000
2006-07-01,72624400000.0000000
2006-08-01,71585800000.0000000
2006-09-01,77602500000.0000000
2006-10-01,78957900000.0000000
2006-11-01,78322200000.0000000
2006-12-01,78472100000.0000000
2007-01-01,78522300000.0000000
2007-02-01,78627700000.0000000
2007-03-01,77762200000.0000000
2007-04-01,79828700000.0000000
2007-05-01,79175400000.0000000
2007-06-01,79182300000.0000000
2007-07-01,79420200000.0000000
2007-08-01,81197600000.0000000
2007-09-01,82704400000.0000000
2007-10-01,81694100000.0000000
2007-11-01,81825100000.0000000
2007-12-01,83825000000.0000000
2008-01-01,85172400000.0000000
2008-02-01,84482400000.0000000
2008-03-01,83358900000.0000000
2008-04-01,83413200000.0000000
2008-05-01,81272700000.0000000
2008-06-01,83819800000.0000000
2008-07-01,81923400000.0000000
2008-08-01,83344400000.0000000
2008-09-01,81969600000.0000000
2008-10-01,82173300000.0000000
2008-11-01,74888700000.0000000
2008-12-01,71883000000.0000000
2009-01-01,67551800000.0000000
2009-02-01,65014200000.0000000
2009-03-01,64757700000.0000000
2009-04-01,64001700000.0000000
2009-05-01,63014400000.0000000
2009-06-01,64667100000.0000076
2009-07-01,67293700000.0000000
2009-08-01,66631100000.0000000
2009-09-01,67333000000.0000000
2009-10-01,67186700000.0000000
2009-11-01,69347900000.0000000
2009-12-01,70957900000.0000000
2010-01-01,69175000000.0000000
2010-02-01,71188700000.0000000
2010-03-01,76189000000.0000000
2010-04-01,74786400000.0000000
2010-05-01,78813100000.0000000
2010-06-01,79796200000.0000000
2010-07-01,79755500000.0000000
2010-08-01,79490300000.0000000
2010-09-01,81392400000.0000000
2010-10-01,82264800000.0000000
2010-11-01,82116800000.0000000
2010-12-01,82792600000.0000000
2011-01-01,84196000000.0000000
2011-02-01,85585800000.0000000
2011-03-01,88055300000.0000000
2011-04-01,86579100000.0000000
2011-05-01,86888000000.0000000
2011-06-01,87653200000.0000000
2011-07-01,86663100000.0000000
2011-08-01,88685700000.0000000
2011-09-01,89788700000.0000000
2011-10-01,87912800000.0000000
2011-11-01,88637000000.0000000
2011-12-01,86884100000.0000000
2012-01-01,88388100000.0000000
2012-02-01,91627400000.0000000
2012-03-01,90458500000.0000000
2012-04-01,88929000000.0000000
2012-05-01,92610200000.0000000
2012-06-01,90939300000.0000000
2012-07-01,90924500000.0000000
2012-08-01,93328100000.0000000
2012-09-01,91513400000.0000000
2012-10-01,91059400000.0000000
2012-11-01,88120700000.0000000
2012-12-01,90839300000.0000000
2013-01-01,90609700000.0000000
2013-02-01,89201600000.0000000
2013-03-01,91129500000.0000000
2013-04-01,90600500000.0000000
2013-05-01,88881100000.0000000
2013-06-01,90934400000.0000000
2013-07-01,88141500000.0000000
2013-08-01,90878600000.0000000
2013-09-01,91602100000.0000000
2013-10-01,91833500000.0000000
2013-11-01,91579200000.0000000
2013-12-01,91905800000.0000000
2014-01-01,92755300000.0000000
2014-02-01,92498000000.0000000
2014-03-01,90150600000.0000000
2014-04-01,92063500000.0000000
2014-05-01,91474000000.0000000
2014-06-01,92633800000.0000000
2014-07-01,95225700000.0000000
2014-08-01,92541300000.0000000
2014-09-01,95782300000.0000000
2014-10-01,96197900000.0000000
2014-11-01,94560300000.0000000
2014-12-01,97265200000.0000000
2015-01-01,96007000000.0000000
2015-02-01,96937600000.0000000
2015-03-01,98578000000.0000000
2015-04-01,99514200000.0000000
2015-05-01,101673600000.0000000
2015-06-01,98998000000.0000000
2015-07-01,102008500000.0000000
2015-08-01,97340800000.0000000
2015-09-01,99728400000.0000000
2015-10-01,99109800000.0000000
2015-11-01,99158100000.0000000
2015-12-01,97421100000.0000000
2016-01-01,97554600000.0000000
2016-02-01,99279300000.0000000
2016-03-01,99723100000.0000000
2016-04-01,100901900000.0000000
2016-05-01,97495400000.0000000
2016-06-01,99134100000.0000000
2016-07-01,97631100000.0000000
2016-08-01,100285300000.0000000
2016-09-01,100023300000.0000000
2016-10-01,100767600000.0000000
2016-11-01,101517200000.0000000
2016-12-01,100345300000.0000000
2017-01-01,102035900000.0000000
2017-02-01,103959300000.0000000
2017-03-01,105068200000.0000000
2017-04-01,106142500000.0000000
2017-05-01,107140500000.0000000
2017-06-01,104316300000.0000000
2017-07-01,105196800000.0000000
2017-08-01,107719000000.0000000
2017-09-01,108012100000.0000000
2017-10-01,104732600000.0000000
2017-11-01,109754200000.0000000
2017-12-01,111162000000.0000000
2018-01-01,110317800000.0000000
2018-02-01,106374300000.0000000
2018-03-01,108990700000.0000000
2018-04-01,110343300000.0000000
2018-05-01,110059700000.0000000
2018-06-01,111287400000.0000000
2018-07-01,109598800000.0000000
2018-08-01,110568800000.0000000
2018-09-01,110047800000.0000000
2018-10-01,110106300000.0000000
2018-11-01,109708400000.0000000
2018-12-01,112302800000.0000000
2019-01-01,112211200000.0000000
2019-02-01,109967100000.0000000
2019-03-01,111813400000.0000000
2019-04-01,108998900000.0000000
2019-05-01,110758100000.0000000
2019-06-01,109403200000.0000000
2019-07-01,110084500000.0000000
2019-08-01,109880800000.0000000
2019-09-01,111632400000.0000000
2019-10-01,112641900000.0000000
2019-11-01,110021300000.0000000
2019-12-01,111733600000.0000000
2020-01-01,110564100000.0000000
2020-02-01,113032000000.0000000
2020-03-01,99472600000.0000000
2020-04-01,75297900000.0000000
2020-05-01,82781900000.0000000
2020-06-01,92902700000.0000000
2020-07-01,98720000000.0000000
2020-08-01,101371000000.0000000
2020-09-01,104263800000.0000000
2020-10-01,105721500000.0000000
2020-11-01,107919200000.0000000
2020-12-01,108456000000.0000000
2021-01-01,108108800000.0000000
2021-02-01,108816300000.0000000
2021-03-01,112524000000.0000000
2021-04-01,112064500000.0000000
2021-05-01,112864900000.0000000
2021-06-01,111559100000.0000000
2021-07-01,113861000000.0000000
2021-08-01,111713000000.0000000
2021-09-01,112018700000.0000000
2021-10-01,117433400000.0000000
2021-11-01,118055900000.0000000
2021-12-01,121261000000.0000000
2022-01-01,124027400000.0000000
2022-02-01,124757100000.0000000
2022-03-01,126099800000.0000000
2022-04-01,126251800000.0000000
2022-05-01,132200099999.9999847
2022-06-01,133399300000.0000153
2022-07-01,131869400000.0000153
2022-08-01,135638600000.0000000
2022-09-01,139074900000.0000000
2022-10-01,135621500000.0000000
2022-11-01,136640800000.0000153
2022-12-01,131205400000.0000000
2023-01-01,132844100000.0000000
2023-02-01,132995500000.0000000
2023-03-01,133738900000.0000000
2023-04-01,126744900000.0000000
2023-05-01,131723700000.0000153
2023-06-01,132060800000.0000000
2023-07-01,129688099999.9999847
2023-08-01,129878800000.0000153
2023-09-01,127431500000.0000000
2023-10-01,129063099999.9999847
2023-11-01,131441600000.0000000
2023-12-01,127325400000.0000000
2024-01-01,130204700000.0000000
2024-02-01,131746199999.9999847
2024-03-01,128381499999.9999847
2024-04-01,133999699999.9999847
2024-05-01,127198200000.0000000
2024-06-01,127181800000.0000000
2024-07-01,127616400000.0000000
2024-08-01,129849100000.0000000
2024-09-01,127677900000.0000000
2024-10-01,125705300000.0000000
2024-11-01,128756599999.9999847
2024-12-01,128343400000.0000000
2025-01-01,129613700000.0000000
2025-02-01,130294600000.0000000
2025-03-01,131395000000.0000153
2025-04-01,130072499999.9999847
2025-05-01,129791900000.0000000
2025-06-01,128823600000.0000000
2025-07-01,129447700000.0000000
2025-08-01,128531100000.0000153
2025-09-01,130290300000.0000000
2025-10-01,131128300000.0000000
2025-11-01,129953700000.0000000
2025-12-01,131600300000.0000000
2026-01-01,129728000000.0000153
2026-02-01,132757399999.9999847
2026-03-01,134946499999.9999847
2026-04-01,135037800000.0000000
2026-05-01,136300500000.0000000
