observation_date,XTEXVA01CNM664S
1992-01-01,30054210000.00000
1992-02-01,34619930000.00000
1992-03-01,34292910000.00000
1992-04-01,35925380000.00000
1992-05-01,36906490000.00000
1992-06-01,39899600000.00000
1992-07-01,38197500000.00000
1992-08-01,40819190000.00000
1992-09-01,38045700000.00000
1992-10-01,41669460000.00000
1992-11-01,44110260000.00000
1992-12-01,43904330000.00000
1993-01-01,26880770000.00000
1993-02-01,43906140000.00000
1993-03-01,40789360000.00000
1993-04-01,40570930000.00000
1993-05-01,42164450000.00000
1993-06-01,38360800000.00000
1993-07-01,43822080000.00000
1993-08-01,43493230000.00000
1993-09-01,50134620000.00000
1993-10-01,46660360000.00000
1993-11-01,47906000000.00000
1993-12-01,52865550000.00000
1994-01-01,57704860000.00000
1994-02-01,65968560000.00000
1994-03-01,75250950000.00000
1994-04-01,80324850000.00000
1994-05-01,82244710000.00000
1994-06-01,90150540000.00000
1994-07-01,89992820000.00000
1994-08-01,85755490000.00000
1994-09-01,87647800000.00000
1994-10-01,89069850000.00000
1994-11-01,101131900000.00000
1994-12-01,108851000000.00000
1995-01-01,102119800000.00000
1995-02-01,100689900000.00000
1995-03-01,110519300000.00000
1995-04-01,105016200000.00000
1995-05-01,105664100000.00000
1995-06-01,110824600000.00000
1995-07-01,102278600000.00000
1995-08-01,100353000000.00000
1995-09-01,101700300000.00000
1995-10-01,99848360000.00000
1995-11-01,95966740000.00000
1995-12-01,104201400000.00000
1996-01-01,97550350000.00000
1996-02-01,95488690000.00000
1996-03-01,90890320000.00000
1996-04-01,96481630000.00000
1996-05-01,100734700000.00000
1996-06-01,100242100000.00000
1996-07-01,101095700000.00000
1996-08-01,112693500000.00000
1996-09-01,108371600000.00000
1996-10-01,119231300000.00000
1996-11-01,108653700000.00000
1996-12-01,114621600000.00000
1997-01-01,121244400000.00000
1997-02-01,110596000000.00000
1997-03-01,122100500000.00000
1997-04-01,123766300000.00000
1997-05-01,127163500000.00000
1997-06-01,125558000000.00000
1997-07-01,126049200000.00000
1997-08-01,128245200000.00002
1997-09-01,131518700000.00000
1997-10-01,139185600000.00000
1997-11-01,135062700000.00000
1997-12-01,124090000000.00000
1998-01-01,132074900000.00002
1998-02-01,136414899999.99998
1998-03-01,130520900000.00002
1998-04-01,131923499999.99998
1998-05-01,126300100000.00000
1998-06-01,126255100000.00000
1998-07-01,128415799999.99998
1998-08-01,123386700000.00000
1998-09-01,120984400000.00000
1998-10-01,116957100000.00000
1998-11-01,120235100000.00000
1998-12-01,133541100000.00000
1999-01-01,116722600000.00000
1999-02-01,120395000000.00000
1999-03-01,123213100000.00000
1999-04-01,121401700000.00000
1999-05-01,132561700000.00000
1999-06-01,124705500000.00000
1999-07-01,138428500000.00000
1999-08-01,142889400000.00000
1999-09-01,143884000000.00000
1999-10-01,147145800000.00000
1999-11-01,153236500000.00000
1999-12-01,143125500000.00000
2000-01-01,169348200000.00000
2000-02-01,155111400000.00000
2000-03-01,165934400000.00000
2000-04-01,170222300000.00000
2000-05-01,169610900000.00000
2000-06-01,180580700000.00000
2000-07-01,173345100000.00000
2000-08-01,180328500000.00000
2000-09-01,178505700000.00000
2000-10-01,183065300000.00000
2000-11-01,174775100000.00000
2000-12-01,165037000000.00000
2001-01-01,164403000000.00000
2001-02-01,203650400000.00000
2001-03-01,191754800000.00000
2001-04-01,185115500000.00000
2001-05-01,177141700000.00000
2001-06-01,181880400000.00000
2001-07-01,182572500000.00000
2001-08-01,183147400000.00000
2001-09-01,187140800000.00000
2001-10-01,182689300000.00000
2001-11-01,188981600000.00000
2001-12-01,187270100000.00000
2002-01-01,206147200000.00000
2002-02-01,203073000000.00000
2002-03-01,200311300000.00000
2002-04-01,213811600000.00000
2002-05-01,210516700000.00000
2002-06-01,217159500000.00000
2002-07-01,230104700000.00000
2002-08-01,232959500000.00000
2002-09-01,245092600000.00000
2002-10-01,240970200000.00000
2002-11-01,246981500000.00000
2002-12-01,241543700000.00000
2003-01-01,277900900000.00000
2003-02-01,261725200000.00000
2003-03-01,270678900000.00000
2003-04-01,285135200000.00000
2003-05-01,292379300000.00000
2003-06-01,284382600000.00000
2003-07-01,300897800000.00000
2003-08-01,301356900000.00000
2003-09-01,319523100000.00000
2003-10-01,330178100000.00000
2003-11-01,331481400000.00000
2003-12-01,358704400000.00000
2004-01-01,333939700000.00000
2004-02-01,361113700000.00000
2004-03-01,378776800000.00000
2004-04-01,378664400000.00000
2004-05-01,392288800000.00000
2004-06-01,409769900000.00000
2004-07-01,407442800000.00000
2004-08-01,409483600000.00000
2004-09-01,426892800000.00000
2004-10-01,434281200000.00000
2004-11-01,469852500000.00000
2004-12-01,476488700000.00000
2005-01-01,473672500000.00000
2005-02-01,478658200000.00000
2005-03-01,505014400000.00000
2005-04-01,506837900000.00000
2005-05-01,506814500000.00000
2005-06-01,532663300000.00006
2005-07-01,526571300000.00000
2005-08-01,524556200000.00000
2005-09-01,526025900000.00000
2005-10-01,550742500000.00000
2005-11-01,542000400000.00000
2005-12-01,559789700000.00000
2006-01-01,575876300000.00000
2006-02-01,569105600000.00000
2006-03-01,637810400000.00000
2006-04-01,619281900000.00000
2006-05-01,607574400000.00000
2006-06-01,636205100000.00000
2006-07-01,624779100000.00000
2006-08-01,680142600000.00000
2006-09-01,679580300000.00000
2006-10-01,690020300000.00000
2006-11-01,696335600000.00000
2006-12-01,687326600000.00000
2007-01-01,720812400000.00000
2007-02-01,835186200000.00000
2007-03-01,677707800000.00000
2007-04-01,755771100000.00000
2007-05-01,744862100000.00000
2007-06-01,782204700000.00000
2007-07-01,779323200000.00000
2007-08-01,790000200000.00000
2007-09-01,797646100000.00000
2007-10-01,793885300000.00000
2007-11-01,800113600000.00000
2007-12-01,785786600000.00000
2008-01-01,837139200000.00000
2008-02-01,817199800000.00000
2008-03-01,824694300000.00000
2008-04-01,834712600000.00000
2008-05-01,867811600000.00000
2008-06-01,832011100000.00000
2008-07-01,874420100000.00000
2008-08-01,886877700000.00000
2008-09-01,861617100000.00000
2008-10-01,860853600000.00000
2008-11-01,731261400000.00000
2008-12-01,686823100000.00000
2009-01-01,650628200000.00000
2009-02-01,608281100000.00000
2009-03-01,654893500000.00000
2009-04-01,636936200000.00000
2009-05-01,626050700000.00000
2009-06-01,644145400000.00000
2009-07-01,671306900000.00000
2009-08-01,681806500000.00000
2009-09-01,732169500000.00000
2009-10-01,750390400000.00000
2009-11-01,720502900000.00000
2009-12-01,801880200000.00000
2010-01-01,782614000000.00000
2010-02-01,898447000000.00000
2010-03-01,799490200000.00000
2010-04-01,828850200000.00000
2010-05-01,913832400000.00000
2010-06-01,918104800000.00000
2010-07-01,924507600000.00000
2010-08-01,902610100000.00000
2010-09-01,910507900000.00000
2010-10-01,915712800000.00000
2010-11-01,945740100000.00000
2010-12-01,922895000000.00000
2011-01-01,1029600000000.00000
2011-02-01,905052100000.00000
2011-03-01,1037844000000.00000
2011-04-01,1036363000000.00000
2011-05-01,1012771000000.00000
2011-06-01,1023601000000.00000
2011-07-01,1073837000000.00000
2011-08-01,1047199000000.00000
2011-09-01,1012231000000.00000
2011-10-01,1014376000000.00000
2011-11-01,1032729000000.00000
2011-12-01,1005297000000.00000
2012-01-01,959884500000.00000
2012-02-01,1013276000000.00000
2012-03-01,1098722000000.00000
2012-04-01,1048869000000.00000
2012-05-01,1118641000000.00000
2012-06-01,1133636000000.00000
2012-07-01,1068706000000.00000
2012-08-01,1068737000000.00000
2012-09-01,1125392000000.00000
2012-10-01,1085619000000.00000
2012-11-01,1041010000000.00000
2012-12-01,1123606000000.00000
2013-01-01,1147193000000.00000
2013-02-01,1264841000000.00000
2013-03-01,1218135000000.00000
2013-04-01,1168338000000.00000
2013-05-01,1095429000000.00000
2013-06-01,1078043000000.00000
2013-07-01,1075791000000.00000
2013-08-01,1109987000000.00000
2013-09-01,1073452000000.00000
2013-10-01,1107599000000.00000
2013-11-01,1149255000000.00000
2013-12-01,1111656000000.00000
2014-01-01,1217923000000.00000
2014-02-01,1031212000000.00000
2014-03-01,1163532000000.00000
2014-04-01,1194640000000.00000
2014-05-01,1202855000000.00000
2014-06-01,1162062000000.00000
2014-07-01,1242379000000.00000
2014-08-01,1224086000000.00000
2014-09-01,1217469000000.00000
2014-10-01,1226486000000.00000
2014-11-01,1210888000000.00000
2014-12-01,1209962000000.00000
2015-01-01,1221365000000.00000
2015-02-01,1586639000000.00000
2015-03-01,1010001000000.00000
2015-04-01,1122072000000.00000
2015-05-01,1169067000000.00000
2015-06-01,1156974000000.00000
2015-07-01,1131637000000.00000
2015-08-01,1185720000000.00000
2015-09-01,1209827000000.00000
2015-10-01,1191160000000.00000
2015-11-01,1153941000000.00000
2015-12-01,1225565000000.00000
2016-01-01,1110913000000.00000
2016-02-01,1164555000000.00000
2016-03-01,1119857000000.00000
2016-04-01,1121405000000.00000
2016-05-01,1135049000000.00000
2016-06-01,1140995000000.00000
2016-07-01,1166749000000.00000
2016-08-01,1177883000000.00000
2016-09-01,1141953000000.00000
2016-10-01,1183069000000.00000
2016-11-01,1208764000000.00000
2016-12-01,1250192000000.00000
2017-01-01,1237337000000.00000
2017-02-01,1220883000000.00000
2017-03-01,1351365000000.00000
2017-04-01,1291256000000.00000
2017-05-01,1276279000000.00000
2017-06-01,1292396000000.00000
2017-07-01,1262465000000.00000
2017-08-01,1251639000000.00000
2017-09-01,1231399000000.00000
2017-10-01,1235773000000.00000
2017-11-01,1314594000000.00000
2017-12-01,1344469000000.00000
2018-01-01,1255415000000.00000
2018-02-01,1602290000000.00000
2018-03-01,1209458000000.00000
2018-04-01,1314149000000.00000
2018-05-01,1328304000000.00000
2018-06-01,1369124000000.00000
2018-07-01,1386087000000.00000
2018-08-01,1404405000000.00000
2018-09-01,1483103000000.00000
2018-10-01,1466719000000.00000
2018-11-01,1445212000000.00000
2018-12-01,1356100000000.00000
2019-01-01,1433317000000.00000
2019-02-01,1331813000000.00000
2019-03-01,1470349000000.00000
2019-04-01,1350091000000.00000
2019-05-01,1443737000000.00000
2019-06-01,1452707000000.00000
2019-07-01,1443175000000.00000
2019-08-01,1459618000000.00000
2019-09-01,1472346000000.00000
2019-10-01,1474195000000.00000
2019-11-01,1444029000000.00000
2019-12-01,1484621000000.00000
2020-01-01,1408149000000.00000
2020-02-01,790765400000.00000
2020-03-01,1410173000000.00000
2020-04-01,1468044000000.00000
2020-05-01,1488104000000.00000
2020-06-01,1469647000000.00000
2020-07-01,1576104000000.00000
2020-08-01,1584971000000.00000
2020-09-01,1534380000000.00000
2020-10-01,1571666000000.00000
2020-11-01,1647164000000.00000
2020-12-01,1626686000000.00000
2021-01-01,1658976000000.00000
2021-02-01,1843646000000.00000
2021-03-01,1667909000000.00000
2021-04-01,1778871000000.00000
2021-05-01,1722680000000.00000
2021-06-01,1750486000000.00000
2021-07-01,1754844000000.00000
2021-08-01,1842993000000.00000
2021-09-01,1862609000000.00000
2021-10-01,1927560000000.00000
2021-11-01,1940378000000.00000
2021-12-01,1933835000000.00000
2022-01-01,1994221000000.00000
2022-02-01,1889580000000.00000
2022-03-01,1808877000000.00000
2022-04-01,1801680000000.00000
2022-05-01,2047448000000.00000
2022-06-01,2141063000000.00000
2022-07-01,2187658000000.00000
2022-08-01,2064682000000.00000
2022-09-01,2147905000000.00000
2022-10-01,2170278000000.00000
2022-11-01,2017392000000.00000
2022-12-01,1954645000000.00000
2023-01-01,1910305000000.00000
2023-02-01,2025376000000.00000
2023-03-01,2215591000000.00000
2023-04-01,2111241000000.00000
2023-05-01,1966669000000.00000
2023-06-01,1970494000000.00000
2023-07-01,1995588000000.00000
2023-08-01,1999557000000.00000
2023-09-01,2104269000000.00000
2023-10-01,2027235000000.00000
2023-11-01,2022035000000.00000
2023-12-01,2013148000000.00000
2024-01-01,2095784000000.00000
2024-02-01,2139960000000.00000
2024-03-01,2069497000000.00000
2024-04-01,2128882000000.00000
2024-05-01,2161218000000.00000
2024-06-01,2193316000000.00000
2024-07-01,2119800000000.00000
2024-08-01,2158545000000.00000
2024-09-01,2083660000000.00000
2024-10-01,2201840000000.00000
2024-11-01,2182488000000.00000
2024-12-01,2241472000000.00000
2025-01-01,2249551000000.00000
2025-02-01,2181423000000.00000
2025-03-01,2323944000000.00000
2025-04-01,2308665000000.00000
2025-05-01,2273089000000.00000
2025-06-01,2264289000000.00000
2025-07-01,2248480000000.00000
2025-08-01,2280234000000.00000
2025-09-01,2251783000000.00000
2025-10-01,2197631000000.00000
2025-11-01,2298051000000.00000
2025-12-01,2280827000000.00000
2026-01-01,2383884000000.00000
2026-02-01,2890198000000.00000
2026-03-01,2231409000000.00000
2026-04-01,2460987000000.00000
2026-05-01,2580650000000.00000
2026-06-01,2679503000000.00000
