observation_date,XTEXVA01KRM664S
1957-01-01,196817300.00000000
1957-02-01,79510160.00000000
1957-03-01,97301260.00000000
1957-04-01,97759930.00000000
1957-05-01,94358800.00000000
1957-06-01,96027020.00000000
1957-07-01,93490010.00000000
1957-08-01,94534840.00000000
1957-09-01,93103730.00000000
1957-10-01,95076840.00000000
1957-11-01,51440810.00000000
1957-12-01,71322210.00000000
1958-01-01,68219030.00000000
1958-02-01,75403230.00000000
1958-03-01,50798300.00000000
1958-04-01,47824950.00000000
1958-05-01,48157240.00000000
1958-06-01,47677670.00000000
1958-07-01,47169960.00000000
1958-08-01,47240330.00000000
1958-09-01,46822370.00000000
1958-10-01,95270660.00000000
1958-11-01,51756000.00000000
1958-12-01,69666830.00000000
1959-01-01,68778770.00000000
1959-02-01,72507050.00000000
1959-03-01,53009060.00000000
1959-04-01,138684200.00000000
1959-05-01,99791400.00000000
1959-06-01,93005780.00000000
1959-07-01,96558210.00000000
1959-08-01,93302430.00000000
1959-09-01,95673040.00000000
1959-10-01,47134220.00000000
1959-11-01,52874420.00000000
1959-12-01,67849320.00000000
1960-01-01,68232720.00000000
1960-02-01,166011500.00000000
1960-03-01,68142180.00000000
1960-04-01,187808200.00000000
1960-05-01,185367200.00000000
1960-06-01,189822700.00000000
1960-07-01,119416800.00000000
1960-08-01,129099900.00000000
1960-09-01,234432000.00000000
1960-10-01,133742400.00000000
1960-11-01,252017900.00000003
1960-12-01,242134100.00000000
1961-01-01,301861200.00000000
1961-02-01,361812200.00000000
1961-03-01,376896100.00000000
1961-04-01,411839500.00000000
1961-05-01,449527700.00000000
1961-06-01,408486700.00000000
1961-07-01,445564900.00000000
1961-08-01,414900500.00000000
1961-09-01,442142400.00000000
1961-10-01,428930200.00000000
1961-11-01,486398600.00000000
1961-12-01,500784500.00000000
1962-01-01,461986600.00000000
1962-02-01,407383700.00000000
1962-03-01,508304400.00000000
1962-04-01,533994100.00000000
1962-05-01,354136600.00000000
1962-06-01,997402200.00000000
1962-07-01,493425300.00000000
1962-08-01,493951600.00000000
1962-09-01,500772500.00000000
1962-10-01,1014043000.00000000
1962-11-01,561358900.00000000
1962-12-01,712879200.00000000
1963-01-01,690071200.00000000
1963-02-01,714079600.00000000
1963-03-01,1122188000.00000000
1963-04-01,996091300.00000000
1963-05-01,867485700.00000000
1963-06-01,947855900.00000000
1963-07-01,885929800.00000000
1963-08-01,1372115000.00000000
1963-09-01,955343100.00000000
1963-10-01,965207300.00000000
1963-11-01,896018100.00000000
1963-12-01,813788000.00000000
1964-01-01,1067503000.00000000
1964-02-01,972261900.00000000
1964-03-01,893055300.00000000
1964-04-01,1430375000.00000000
1964-05-01,1845924000.00000000
1964-06-01,2588187000.00000000
1964-07-01,2203346000.00000000
1964-08-01,2702754000.00000000
1964-09-01,2624489000.00000000
1964-10-01,2396298000.00000000
1964-11-01,3465282000.00000000
1964-12-01,2629184000.00000000
1965-01-01,2620480000.00000000
1965-02-01,3080558000.00000000
1965-03-01,2716921000.00000000
1965-04-01,3144429000.00000000
1965-05-01,3896015000.00000000
1965-06-01,3611288000.00000000
1965-07-01,3810385000.00000000
1965-08-01,4590323000.00000000
1965-09-01,4429144000.00000000
1965-10-01,4227512000.00000000
1965-11-01,4555514000.00000000
1965-12-01,4640986000.00000000
1966-01-01,5138329000.00000000
1966-02-01,5788236000.00000000
1966-03-01,5944107000.00000000
1966-04-01,5614328000.00000000
1966-05-01,5288304000.00000000
1966-06-01,5838394000.00000000
1966-07-01,5146944000.00000000
1966-08-01,5217832000.00000000
1966-09-01,6177242000.00000000
1966-10-01,5133530000.00000000
1966-11-01,5660697000.00000000
1966-12-01,6427774000.00000000
1967-01-01,6150551000.00000000
1967-02-01,6684911000.00000000
1967-03-01,6769130000.00000000
1967-04-01,6300678000.00000000
1967-05-01,6686679000.00000000
1967-06-01,6748207000.00000000
1967-07-01,6550844000.00000000
1967-08-01,7289163000.00000000
1967-09-01,6775497000.00000000
1967-10-01,8717926000.00000000
1967-11-01,8708597000.00000000
1967-12-01,8205916000.00000000
1968-01-01,9257994000.00000000
1968-02-01,9060280000.00000000
1968-03-01,9378451000.00000000
1968-04-01,10500490000.00000000
1968-05-01,9507022000.00000000
1968-06-01,10255040000.00000000
1968-07-01,10385660000.00000000
1968-08-01,10429410000.00000000
1968-09-01,11053100000.00000000
1968-10-01,11169110000.00000000
1968-11-01,11605180000.00000000
1968-12-01,12442060000.00000000
1969-01-01,12302610000.00000000
1969-02-01,11479210000.00000000
1969-03-01,12335670000.00000000
1969-04-01,13379590000.00000000
1969-05-01,14945350000.00000000
1969-06-01,15700390000.00000000
1969-07-01,15346360000.00000000
1969-08-01,15072670000.00000000
1969-09-01,14135850000.00000000
1969-10-01,15449670000.00000000
1969-11-01,17181740000.00000000
1969-12-01,19401740000.00000000
1970-01-01,19528130000.00000000
1970-02-01,18691040000.00000000
1970-03-01,20405880000.00000000
1970-04-01,20728040000.00000000
1970-05-01,19910110000.00000000
1970-06-01,20458420000.00000000
1970-07-01,23679960000.00000000
1970-08-01,22219110000.00000000
1970-09-01,21393680000.00000000
1970-10-01,23813300000.00000000
1970-11-01,22102650000.00000000
1970-12-01,24268860000.00000000
1971-01-01,24714550000.00000000
1971-02-01,23850740000.00000000
1971-03-01,25251510000.00000000
1971-04-01,26251110000.00000000
1971-05-01,27689340000.00000000
1971-06-01,30025890000.00000000
1971-07-01,33623490000.00000000
1971-08-01,31685550000.00000000
1971-09-01,33707630000.00000000
1971-10-01,35410420000.00000000
1971-11-01,39912380000.00000000
1971-12-01,36404480000.00000000
1972-01-01,37677120000.00000000
1972-02-01,46479030000.00000000
1972-03-01,40288540000.00000000
1972-04-01,44279410000.00000000
1972-05-01,48177930000.00000000
1972-06-01,50021600000.00000000
1972-07-01,53554320000.00000000
1972-08-01,59865580000.00000000
1972-09-01,61950400000.00000000
1972-10-01,56703920000.00000000
1972-11-01,62225350000.00000000
1972-12-01,70735540000.00000000
1973-01-01,72959400000.00000000
1973-02-01,79702670000.00000000
1973-03-01,90267380000.00000000
1973-04-01,89212740000.00000000
1973-05-01,96851780000.00000000
1973-06-01,90513070000.00000000
1973-07-01,96378180000.00000000
1973-08-01,116044600000.00000000
1973-09-01,122692600000.00000000
1973-10-01,139672500000.00000000
1973-11-01,139452300000.00000000
1973-12-01,132271800000.00001526
1974-01-01,148846100000.00000000
1974-02-01,150967000000.00000000
1974-03-01,155809400000.00000000
1974-04-01,158671400000.00000000
1974-05-01,157732400000.00000000
1974-06-01,163788300000.00000000
1974-07-01,153917600000.00000000
1974-08-01,143987400000.00000000
1974-09-01,151039200000.00000000
1974-10-01,133407400000.00000000
1974-11-01,134659300000.00000000
1974-12-01,147313100000.00000000
1975-01-01,154980800000.00000000
1975-02-01,172472300000.00000000
1975-03-01,161799400000.00000000
1975-04-01,164548400000.00000000
1975-05-01,186688800000.00000000
1975-06-01,187055700000.00000000
1975-07-01,199524600000.00000000
1975-08-01,211590100000.00000000
1975-09-01,212522900000.00000000
1975-10-01,225342500000.00000000
1975-11-01,229676900000.00000000
1975-12-01,254892900000.00000000
1976-01-01,260809100000.00000000
1976-02-01,254986600000.00000000
1976-03-01,271885200000.00000000
1976-04-01,293794800000.00000000
1976-05-01,307305800000.00000000
1976-06-01,327474200000.00000000
1976-07-01,345052200000.00000000
1976-08-01,328537000000.00000000
1976-09-01,314148600000.00000000
1976-10-01,331419400000.00000000
1976-11-01,335388300000.00000000
1976-12-01,335074900000.00000000
1977-01-01,383170400000.00000000
1977-02-01,369099400000.00000000
1977-03-01,377581100000.00000000
1977-04-01,386432600000.00000000
1977-05-01,372636700000.00000000
1977-06-01,394559700000.00000000
1977-07-01,399997100000.00000000
1977-08-01,407997600000.00000000
1977-09-01,420702200000.00000000
1977-10-01,328941300000.00000000
1977-11-01,450046100000.00000000
1977-12-01,524298100000.00000000
1978-01-01,480859900000.00000000
1978-02-01,468143500000.00000000
1978-03-01,503827300000.00000000
1978-04-01,495925400000.00000000
1978-05-01,479831000000.00000000
1978-06-01,476604900000.00000000
1978-07-01,496269000000.00000000
1978-08-01,504549800000.00000000
1978-09-01,543929600000.00006104
1978-10-01,572573500000.00000000
1978-11-01,556944000000.00000000
1978-12-01,551996400000.00000000
1979-01-01,515504900000.00000000
1979-02-01,570784000000.00000000
1979-03-01,598532700000.00000000
1979-04-01,565372400000.00000000
1979-05-01,594010700000.00000000
1979-06-01,584229700000.00000000
1979-07-01,605500900000.00000000
1979-08-01,650541700000.00000000
1979-09-01,658802200000.00000000
1979-10-01,642912200000.00000000
1979-11-01,647565900000.00000000
1979-12-01,624624900000.00000000
1980-01-01,725983900000.00000000
1980-02-01,853347700000.00000000
1980-03-01,843351100000.00000000
1980-04-01,807929500000.00000000
1980-05-01,812173300000.00000000
1980-06-01,825854100000.00000000
1980-07-01,878187300000.00000000
1980-08-01,928855400000.00000000
1980-09-01,925137500000.00000000
1980-10-01,1006820000000.00000000
1980-11-01,1030228000000.00000000
1980-12-01,1003522000000.00000000
1981-01-01,1155684000000.00000000
1981-02-01,1185333000000.00000000
1981-03-01,1144527000000.00000000
1981-04-01,1227432000000.00000000
1981-05-01,1187249000000.00000000
1981-06-01,1237610000000.00000000
1981-07-01,1306104000000.00000000
1981-08-01,1231886000000.00000000
1981-09-01,1252361000000.00000000
1981-10-01,1279842000000.00000000
1981-11-01,1122070000000.00000000
1981-12-01,1144392000000.00000000
1982-01-01,1319719000000.00000000
1982-02-01,1320528000000.00000000
1982-03-01,1274711000000.00000000
1982-04-01,1347004000000.00000000
1982-05-01,1363633000000.00000000
1982-06-01,1286235000000.00000000
1982-07-01,1335197000000.00000000
1982-08-01,1384045000000.00000000
1982-09-01,1493375000000.00000000
1982-10-01,1550071000000.00000000
1982-11-01,1084073000000.00000000
1982-12-01,1200266000000.00000000
1983-01-01,1255479000000.00000000
1983-02-01,1382325000000.00000000
1983-03-01,1462327000000.00000000
1983-04-01,1471617000000.00000000
1983-05-01,1517949000000.00000000
1983-06-01,1642644000000.00000000
1983-07-01,1646059000000.00000000
1983-08-01,1637377000000.00000000
1983-09-01,1737657000000.00000000
1983-10-01,1870279000000.00000000
1983-11-01,1577409000000.00000000
1983-12-01,1650685000000.00000000
1984-01-01,2029879000000.00000000
1984-02-01,1880243000000.00000000
1984-03-01,1824748000000.00000000
1984-04-01,1887436000000.00000000
1984-05-01,1952314000000.00000000
1984-06-01,2033721000000.00000000
1984-07-01,2006728000000.00000000
1984-08-01,1902804000000.00000000
1984-09-01,1855419000000.00000000
1984-10-01,2033622000000.00000000
1984-11-01,2078055000000.00000000
1984-12-01,2030184000000.00000000
1985-01-01,1737169000000.00000000
1985-02-01,1768046000000.00000000
1985-03-01,2025897000000.00000000
1985-04-01,2090317000000.00000000
1985-05-01,2114320000000.00000000
1985-06-01,2168729000000.00000000
1985-07-01,2141563000000.00000000
1985-08-01,2156622000000.00000000
1985-09-01,2244325000000.00000000
1985-10-01,2222496000000.00000000
1985-11-01,2686886000000.00000000
1985-12-01,2797157000000.00000000
1986-01-01,2292378000000.00000000
1986-02-01,2379230000000.00000000
1986-03-01,2305846000000.00000000
1986-04-01,2322860000000.00000000
1986-05-01,2606101000000.00000000
1986-06-01,2622223000000.00000000
1986-07-01,2561458000000.00000000
1986-08-01,2698356000000.00000000
1986-09-01,2693267000000.00000000
1986-10-01,2734359000000.00000000
1986-11-01,2703766000000.00000000
1986-12-01,2590011000000.00000000
1987-01-01,2950190000000.00000000
1987-02-01,2983126000000.00000000
1987-03-01,3063715000000.00000000
1987-04-01,3270810000000.00000000
1987-05-01,3279228000000.00000000
1987-06-01,3334169000000.00000000
1987-07-01,3273896000000.00000000
1987-08-01,3023111000000.00000000
1987-09-01,3349507000000.00000000
1987-10-01,3204227000000.00000000
1987-11-01,3307777000000.00000000
1987-12-01,3563036000000.00000000
1988-01-01,3744212000000.00000000
1988-02-01,3751052000000.00000000
1988-03-01,3565708000000.00000000
1988-04-01,3569020000000.00000000
1988-05-01,3444128000000.00000000
1988-06-01,3436349000000.00000000
1988-07-01,3723922000000.00000000
1988-08-01,3970726000000.00000000
1988-09-01,3729805000000.00000000
1988-10-01,3639222000000.00000000
1988-11-01,3822871000000.00000000
1988-12-01,3751267000000.00000000
1989-01-01,3632706000000.00000000
1989-02-01,3487330000000.00000000
1989-03-01,3513618000000.00000000
1989-04-01,3310478000000.00000000
1989-05-01,3253967000000.00000000
1989-06-01,3386373000000.00000000
1989-07-01,3450224000000.00000000
1989-08-01,3597874000000.00000000
1989-09-01,3519150000000.00000000
1989-10-01,3410151000000.00000000
1989-11-01,3624117000000.00000000
1989-12-01,3538669000000.00000000
1990-01-01,3352889000000.00000000
1990-02-01,3736189000000.00000000
1990-03-01,3668885000000.00000000
1990-04-01,3586249000000.00000000
1990-05-01,3662545000000.00000000
1990-06-01,3825922000000.00000000
1990-07-01,3912494000000.00000000
1990-08-01,4011069000000.00000000
1990-09-01,4180143000000.00000000
1990-10-01,3699550000000.00000000
1990-11-01,4041820000000.00000000
1990-12-01,4292614000000.00000000
1991-01-01,4047383000000.00000000
1991-02-01,4063656000000.00000000
1991-03-01,4133708000000.00000000
1991-04-01,4279652000000.00000000
1991-05-01,4474934000000.00000000
1991-06-01,4424600000000.00000000
1991-07-01,4181010000000.00000000
1991-08-01,4289883000000.00000000
1991-09-01,4216705000000.00000000
1991-10-01,4679382000000.00000000
1991-11-01,4845553000000.00000000
1991-12-01,4978452000000.00000000
1992-01-01,4966832000000.00000000
1992-02-01,4562457000000.00000000
1992-03-01,4856197000000.00000000
1992-04-01,5008356000000.00000000
1992-05-01,4921022000000.00000000
1992-06-01,5162222000000.00000000
1992-07-01,5120447000000.00000000
1992-08-01,5066010000000.00000000
1992-09-01,5167696000000.00000000
1992-10-01,5291742000000.00000000
1992-11-01,4981388000000.00000000
1992-12-01,4786382000000.00000000
1993-01-01,5084695000000.00000000
1993-02-01,5418867000000.00000000
1993-03-01,5397852000000.00000000
1993-04-01,5395520000000.00000000
1993-05-01,5339249000000.00000000
1993-06-01,5425336000000.00000000
1993-07-01,5499703000000.00000000
1993-08-01,5548065000000.00000000
1993-09-01,5755317000000.00000000
1993-10-01,5777926000000.00000000
1993-11-01,5656190000000.00000000
1993-12-01,5764017000000.00000000
1994-01-01,5852312000000.00000000
1994-02-01,5766823000000.00000000
1994-03-01,5986827000000.00000000
1994-04-01,6229668000000.00000000
1994-05-01,6236656000000.00000000
1994-06-01,6307025000000.00000000
1994-07-01,6292824000000.00000000
1994-08-01,6441928000000.00000000
1994-09-01,6628008000000.00000000
1994-10-01,6722971000000.00000000
1994-11-01,7056470000000.00000000
1994-12-01,7446412000000.00000000
1995-01-01,7322478000000.00000000
1995-02-01,7559193000000.00000000
1995-03-01,7610008000000.00000000
1995-04-01,7773535000000.00000000
1995-05-01,7977830000000.00000000
1995-06-01,8033985000000.00000000
1995-07-01,8176023000000.00000000
1995-08-01,8587757000000.00000000
1995-09-01,8471553000000.00000000
1995-10-01,8464156999999.99804688
1995-11-01,8342418000000.00000000
1995-12-01,8210517000000.00000000
1996-01-01,9042960000000.00000000
1996-02-01,8841869000000.00000000
1996-03-01,8735791999999.99804688
1996-04-01,8384348000000.00000000
1996-05-01,8550304000000.00000000
1996-06-01,8511293000000.00000000
1996-07-01,8314661000000.00000000
1996-08-01,8287808999999.99804688
1996-09-01,8363378000000.00195312
1996-10-01,9223021000000.00000000
1996-11-01,9111279000000.00000000
1996-12-01,9166681000000.00000000
1997-01-01,9052981000000.00000000
1997-02-01,9089813000000.00000000
1997-03-01,9654687000000.00000000
1997-04-01,10140890000000.00000000
1997-05-01,10278080000000.00000000
1997-06-01,10422450000000.00000000
1997-07-01,10850100000000.00000000
1997-08-01,10407860000000.00000000
1997-09-01,10489120000000.00000000
1997-10-01,10868270000000.00000000
1997-11-01,11875270000000.00000000
1997-12-01,16298200000000.00000000
1998-01-01,18273850000000.00000000
1998-02-01,19756460000000.00000000
1998-03-01,17707700000000.00000000
1998-04-01,16328490000000.00000000
1998-05-01,15725710000000.00000000
1998-06-01,15113040000000.00000000
1998-07-01,13411560000000.00000000
1998-08-01,13461250000000.00000000
1998-09-01,14749760000000.00000000
1998-10-01,13788240000000.00000000
1998-11-01,14254300000000.00000000
1998-12-01,13817190000000.00000000
1999-01-01,12456830000000.00000000
1999-02-01,12338730000000.00000000
1999-03-01,13663320000000.00000000
1999-04-01,13730080000000.00000000
1999-05-01,13496010000000.00000000
1999-06-01,14208450000000.00000000
1999-07-01,14483320000000.00000000
1999-08-01,14271170000000.00000000
1999-09-01,14513800000000.00000000
1999-10-01,15511450000000.00000000
1999-11-01,15946470000000.00000000
1999-12-01,15701250000000.00000000
2000-01-01,15589030000000.00000000
2000-02-01,15831710000000.00000000
2000-03-01,15507640000000.00000000
2000-04-01,15091670000000.00000000
2000-05-01,16078270000000.00000000
2000-06-01,16406619999999.99804688
2000-07-01,16631890000000.00000000
2000-08-01,17257750000000.00000000
2000-09-01,16983750000000.00000000
2000-10-01,16541259999999.99804688
2000-11-01,16551110000000.00000000
2000-12-01,17049419999999.99804688
2001-01-01,17935520000000.00000000
2001-02-01,18420040000000.00000000
2001-03-01,17483450000000.00000000
2001-04-01,16262130000000.00000000
2001-05-01,16847580000000.00195312
2001-06-01,16293610000000.00000000
2001-07-01,15254820000000.00000000
2001-08-01,15872300000000.00000000
2001-09-01,16023380000000.00000000
2001-10-01,15372160000000.00000000
2001-11-01,14945900000000.00000000
2001-12-01,14793910000000.00000000
2002-01-01,16183890000000.00000000
2002-02-01,16276930000000.00000000
2002-03-01,16636029999999.99804688
2002-04-01,17610670000000.00000000
2002-05-01,17355090000000.00000000
2002-06-01,15567410000000.00000000
2002-07-01,16194140000000.00000000
2002-08-01,17513279999999.99804688
2002-09-01,16869509999999.99804688
2002-10-01,18050150000000.00000000
2002-11-01,17609970000000.00000000
2002-12-01,17445119999999.99804688
2003-01-01,18219930000000.00000000
2003-02-01,17503169999999.99804688
2003-03-01,18409230000000.00000000
2003-04-01,18981560000000.00000000
2003-05-01,17540360000000.00000000
2003-06-01,18157940000000.00000000
2003-07-01,18802100000000.00000000
2003-08-01,18889450000000.00000000
2003-09-01,20077330000000.00000000
2003-10-01,21161600000000.00000000
2003-11-01,20953830000000.00000000
2003-12-01,22427790000000.00000000
2004-01-01,24368920000000.00000000
2004-02-01,24279700000000.00000000
2004-03-01,24001820000000.00000000
2004-04-01,24354730000000.00000000
2004-05-01,24365490000000.00000000
2004-06-01,24442390000000.00000000
2004-07-01,24870830000000.00000000
2004-08-01,24037680000000.00000000
2004-09-01,24026540000000.00000000
2004-10-01,25132440000000.00000000
2004-11-01,23987050000000.00000000
2004-12-01,23783380000000.00000000
2005-01-01,24805140000000.00000000
2005-02-01,23122540000000.00000000
2005-03-01,23133550000000.00000000
2005-04-01,23045570000000.00000000
2005-05-01,22752900000000.00000000
2005-06-01,23473150000000.00000000
2005-07-01,24480940000000.00000000
2005-08-01,24928310000000.00000000
2005-09-01,25454020000000.00000000
2005-10-01,25767370000000.00000000
2005-11-01,25810430000000.00000000
2005-12-01,25494350000000.00000000
2006-01-01,24624890000000.00000000
2006-02-01,25379000000000.00000000
2006-03-01,25301000000000.00000000
2006-04-01,24239330000000.00000000
2006-05-01,25779720000000.00000000
2006-06-01,26059640000000.00000000
2006-07-01,24713120000000.00000000
2006-08-01,27569470000000.00000000
2006-09-01,28069820000000.00000000
2006-10-01,26457100000000.00000000
2006-11-01,26998440000000.00000000
2006-12-01,26516720000000.00000000
2007-01-01,28024720000000.00000000
2007-02-01,27376540000000.00000000
2007-03-01,27635230000000.00000000
2007-04-01,27544600000000.00000000
2007-05-01,28398750000000.00000000
2007-06-01,28655590000000.00000000
2007-07-01,28135150000000.00000000
2007-08-01,29847130000000.00000000
2007-09-01,27790810000000.00000000
2007-10-01,30541400000000.00000000
2007-11-01,31647970000000.00000000
2007-12-01,30372840000000.00000000
2008-01-01,32832940000000.00390625
2008-02-01,32708620000000.00000000
2008-03-01,34074570000000.00000000
2008-04-01,37023610000000.00000000
2008-05-01,39501070000000.00000000
2008-06-01,37882930000000.00000000
2008-07-01,40710260000000.00000000
2008-08-01,40661800000000.00000000
2008-09-01,42316750000000.00000000
2008-10-01,47975310000000.00000000
2008-11-01,39103200000000.00000000
2008-12-01,36086940000000.00000000
2009-01-01,32065690000000.00000000
2009-02-01,39177930000000.00000000
2009-03-01,40378850000000.00000000
2009-04-01,38455280000000.00000000
2009-05-01,35141860000000.00000000
2009-06-01,38732770000000.00000000
2009-07-01,39958840000000.00000000
2009-08-01,37643030000000.00000000
2009-09-01,41261740000000.00000000
2009-10-01,38859320000000.00000000
2009-11-01,38672630000000.00000000
2009-12-01,40668660000000.00000000
2010-01-01,38608480000000.00000000
2010-02-01,41356920000000.00000000
2010-03-01,41739990000000.00000000
2010-04-01,42236890000000.00000000
2010-05-01,45320560000000.00000000
2010-06-01,49045060000000.00000000
2010-07-01,48334590000000.00000000
2010-08-01,45071770000000.00000000
2010-09-01,46078110000000.00000000
2010-10-01,47406680000000.00000000
2010-11-01,45513980000000.00000000
2010-12-01,50056490000000.00000000
2011-01-01,52986520000000.00000000
2011-02-01,48007160000000.00000000
2011-03-01,51446450000000.00000000
2011-04-01,51837750000000.00000000
2011-05-01,50320040000000.00000000
2011-06-01,49383180000000.00000000
2011-07-01,50890610000000.00000000
2011-08-01,51694950000000.00000000
2011-09-01,52427700000000.00000000
2011-10-01,52127330000000.00000000
2011-11-01,51719610000000.00000000
2011-12-01,53102740000000.00000000
2012-01-01,51488720000000.00000000
2012-02-01,55988700000000.00000000
2012-03-01,52453750000000.00000000
2012-04-01,50653620000000.00000000
2012-05-01,54173110000000.00000000
2012-06-01,53174770000000.00000000
2012-07-01,50598600000000.00000000
2012-08-01,51068310000000.00000000
2012-09-01,51007700000000.00000000
2012-10-01,51199030000000.00000000
2012-11-01,50372650000000.00000000
2012-12-01,48162600000000.00000000
2013-01-01,51313400000000.00000000
2013-02-01,51187310000000.00000000
2013-03-01,50074700000000.00000000
2013-04-01,51030390000000.00000000
2013-05-01,53285620000000.00000000
2013-06-01,51621950000000.00000000
2013-07-01,51454410000000.00000000
2013-08-01,53444630000000.00000000
2013-09-01,49241940000000.00000000
2013-10-01,51826660000000.00000000
2013-11-01,50429200000000.00000000
2013-12-01,49545630000000.00000000
2014-01-01,51923550000000.00000000
2014-02-01,50543140000000.00000000
2014-03-01,51051700000000.00000000
2014-04-01,51090010000000.00000000
2014-05-01,49096330000000.00000000
2014-06-01,47264300000000.00000000
2014-07-01,48936690000000.00000000
2014-08-01,48959480000000.00000000
2014-09-01,49524860000000.00000000
2014-10-01,52763720000000.00000000
2014-11-01,50872200000000.00000000
2014-12-01,52978250000000.00000000
2015-01-01,52796990000000.00000000
2015-02-01,50087280000000.00000000
2015-03-01,50697890000000.00000000
2015-04-01,48891540000000.00000000
2015-05-01,46778250000000.00000000
2015-06-01,50293860000000.00000000
2015-07-01,51424760000000.00000000
2015-08-01,48575210000000.00000000
2015-09-01,50703000000000.00000000
2015-10-01,49137710000000.00000000
2015-11-01,49829840000000.00000000
2015-12-01,48783630000000.00000000
2016-01-01,46574380000000.00000000
2016-02-01,48251080000000.00000000
2016-03-01,49429290000000.00000000
2016-04-01,45807380000000.00000000
2016-05-01,47649950000000.00000000
2016-06-01,50620380000000.00000000
2016-07-01,46735430000000.00000000
2016-08-01,45888630000000.00000000
2016-09-01,45061680000000.00000000
2016-10-01,46388360000000.00000000
2016-11-01,52096480000000.00000000
2016-12-01,51755320000000.00000000
2017-01-01,51402230000000.00000000
2017-02-01,53743460000000.00000000
2017-03-01,54251910000000.00000000
2017-04-01,55383480000000.00000000
2017-05-01,52032700000000.00000000
2017-06-01,55956910000000.00000000
2017-07-01,54483990000000.00000000
2017-08-01,55990480000000.00000000
2017-09-01,59878140000000.00000000
2017-10-01,51729980000000.00000000
2017-11-01,52606740000000.00000000
2017-12-01,53338660000000.00000000
2018-01-01,54646790000000.00000000
2018-02-01,54277830000000.00000000
2018-03-01,52514440000000.00000000
2018-04-01,52685570000000.00000000
2018-05-01,54967920000000.00000000
2018-06-01,54760600000000.00000000
2018-07-01,57442980000000.00000000
2018-08-01,58953720000000.00000000
2018-09-01,55931260000000.00000000
2018-10-01,61143770000000.00000000
2018-11-01,57321000000000.00000000
2018-12-01,53105110000000.00000000
2019-01-01,54384800000000.00000000
2019-02-01,49607010000000.00000000
2019-03-01,51110440000000.00000000
2019-04-01,54943500000000.00000000
2019-05-01,54624470000000.00000000
2019-06-01,50990630000000.00000000
2019-07-01,53375540000000.00000000
2019-08-01,54828800000000.00000000
2019-09-01,52553750000000.00000000
2019-10-01,54334660000000.00000000
2019-11-01,51412750000000.00000000
2019-12-01,51668210000000.00000000
2020-01-01,53544700000000.00000000
2020-02-01,53710010000000.00000000
2020-03-01,54839090000000.00000000
2020-04-01,43427200000000.00000000
2020-05-01,43595650000000.00000000
2020-06-01,46800130000000.00000000
2020-07-01,50081660000000.00000000
2020-08-01,48972040000000.00000000
2020-09-01,54232640000000.00000000
2020-10-01,51755300000000.00000000
2020-11-01,50395260000000.00000000
2020-12-01,54515800000000.00000000
2021-01-01,55633680000000.00000000
2021-02-01,55085430000000.00000000
2021-03-01,58198900000000.00000000
2021-04-01,56985340000000.00000000
2021-05-01,57511290000000.00000000
2021-06-01,60651010000000.00000000
2021-07-01,62477160000000.00000000
2021-08-01,63752210000000.00000000
2021-09-01,63588440000000.00000000
2021-10-01,66410130000000.00781250
2021-11-01,70553840000000.00000000
2021-12-01,69738970000000.00000000
2022-01-01,69946600000000.00781250
2022-02-01,72118280000000.00000000
2022-03-01,73841940000000.00000000
2022-04-01,72478960000000.00000000
2022-05-01,77193560000000.00000000
2022-06-01,73718120000000.00000000
2022-07-01,76790590000000.00000000
2022-08-01,77214800000000.00000000
2022-09-01,77299520000000.00000000
2022-10-01,75042140000000.00000000
2022-11-01,70656310000000.00000000
2022-12-01,67393550000000.00000000
2023-01-01,62396250000000.00000000
2023-02-01,69090550000000.00000000
2023-03-01,69506810000000.00000000
2023-04-01,65217390000000.00000000
2023-05-01,69715160000000.00000000
2023-06-01,68881860000000.00000000
2023-07-01,64624200000000.00000000
2023-08-01,69754479999999.99218750
2023-09-01,71057640000000.00000000
2023-10-01,74401610000000.00000000
2023-11-01,72687230000000.00000000
2023-12-01,71717750000000.00000000
2024-01-01,77577660000000.00000000
2024-02-01,75839250000000.00000000
2024-03-01,72765590000000.00000000
2024-04-01,77065870000000.00000000
2024-05-01,79531900000000.00000000
2024-06-01,77838780000000.00000000
2024-07-01,78995130000000.00000000
2024-08-01,79069140000000.00000000
2024-09-01,76240010000000.00000000
2024-10-01,77645140000000.00000000
2024-11-01,79829020000000.00000000
2024-12-01,82302230000000.00000000
2025-01-01,78188470000000.00000000
2025-02-01,81304840000000.00000000
2025-03-01,83044550000000.00000000
2025-04-01,83175990000000.00000000
2025-05-01,80724600000000.00000000
2025-06-01,80483410000000.00000000
2025-07-01,82478350000000.00000000
2025-08-01,83151950000000.00000000
2025-09-01,88024230000000.00000000
2025-10-01,85354910000000.00000000
2025-11-01,89072820000000.00000000
2025-12-01,95919860000000.00000000
2026-01-01,103883100000000.00000000
2026-02-01,106595100000000.00000000
2026-03-01,126415400000000.00000000
2026-04-01,127268500000000.00000000
2026-05-01,131543500000000.00000000
2026-06-01,153735900000000.00000000
