observation_date,XTEXVA01EZM664S
1990-01-01,36523876318.228897
1990-02-01,35267568042.580101
1990-03-01,35551121372.094101
1990-04-01,34569966292.876900
1990-05-01,34753890136.994995
1990-06-01,34983233305.337601
1990-07-01,34240212231.409801
1990-08-01,34144294432.724701
1990-09-01,33410357223.641804
1990-10-01,34186295098.136703
1990-11-01,33582559951.830902
1990-12-01,33477069908.470600
1991-01-01,34482155599.375999
1991-02-01,33843354781.249500
1991-03-01,33837005843.454697
1991-04-01,33841987317.724503
1991-05-01,34376177176.185303
1991-06-01,34228491115.480801
1991-07-01,35056197251.995201
1991-08-01,35754385057.494904
1991-09-01,35435473028.262001
1991-10-01,36382636871.285294
1991-11-01,36961855350.106400
1991-12-01,36028561494.265701
1992-01-01,35625745810.174896
1992-02-01,36116079159.868301
1992-03-01,36097813754.212402
1992-04-01,36696665102.214493
1992-05-01,35539107228.266899
1992-06-01,35337308682.357300
1992-07-01,36707311782.516602
1992-08-01,35367099852.010002
1992-09-01,36067338852.797203
1992-10-01,36404613963.652100
1992-11-01,36151437859.587296
1992-12-01,37065587226.077400
1993-01-01,36409986141.786201
1993-02-01,37705267127.898598
1993-03-01,37759574965.036003
1993-04-01,38137483277.777695
1993-05-01,38963333570.936707
1993-06-01,39476816124.589714
1993-07-01,40495576450.745605
1993-08-01,39551733590.568802
1993-09-01,40679402618.897598
1993-10-01,41428674954.654198
1993-11-01,41918617600.483299
1993-12-01,42474979903.243011
1994-01-01,42462770407.483696
1994-02-01,42803464177.151108
1994-03-01,43372035975.670105
1994-04-01,43596397669.742996
1994-05-01,44311874121.237907
1994-06-01,44756495118.808495
1994-07-01,44555966360.457802
1994-08-01,45234032916.946098
1994-09-01,44800449303.541901
1994-10-01,45753766732.428001
1994-11-01,46737754414.661293
1994-12-01,48712371744.821106
1995-01-01,49868269127.345398
1995-02-01,48926379786.490105
1995-03-01,48727316167.630493
1995-04-01,50310448225.764099
1995-05-01,49558538638.923508
1995-06-01,50056490713.970703
1995-07-01,48176033015.106598
1995-08-01,48888676863.585403
1995-09-01,49738360092.466400
1995-10-01,49844436191.623199
1995-11-01,50725375729.648094
1995-12-01,53398473893.205803
1996-01-01,52513920344.436203
1996-02-01,53166102769.914803
1996-03-01,52400225519.925598
1996-04-01,52339764096.925507
1996-05-01,53015584106.194199
1996-06-01,53399646004.798706
1996-07-01,53578393022.714798
1996-08-01,53446139764.650093
1996-09-01,53250006424.772705
1996-10-01,55903471719.149506
1996-11-01,56149322125.758705
1996-12-01,56115037861.666603
1997-01-01,56556435552.356796
1997-02-01,57849372315.283394
1997-03-01,58299951546.784599
1997-04-01,60272810709.555000
1997-05-01,60966505420.615295
1997-06-01,60745757737.287201
1997-07-01,62755343063.301605
1997-08-01,63526592491.424896
1997-09-01,64016242109.355804
1997-10-01,64211887069.402809
1997-11-01,63787778024.707794
1997-12-01,64254180762.713005
1998-01-01,64205342779.675812
1998-02-01,65397282593.681496
1998-03-01,65047309607.237000
1998-04-01,65743153189.550896
1998-05-01,65338481662.104797
1998-06-01,65130138826.468094
1998-07-01,65505995943.922401
1998-08-01,63140870101.397202
1998-09-01,62944834437.485901
1998-10-01,61762955247.985802
1998-11-01,62555986416.543800
1998-12-01,61739317664.195801
1999-01-01,61303951937.417206
1999-02-01,61721531726.493202
1999-03-01,64027708758.145203
1999-04-01,64211610778.030998
1999-05-01,64522783725.779305
1999-06-01,66649728318.817596
1999-07-01,69628921170.408112
1999-08-01,66556833457.341003
1999-09-01,68304945850.582397
1999-10-01,70529951650.334503
1999-11-01,71710560889.827911
1999-12-01,72040809573.836594
2000-01-01,73256390996.474213
2000-02-01,76449490411.443314
2000-03-01,77719517164.657501
2000-04-01,77529852682.776398
2000-05-01,81480318438.960602
2000-06-01,80820516540.494202
2000-07-01,81774303353.515900
2000-08-01,83384812128.420197
2000-09-01,85931224213.601990
2000-10-01,88533969332.427994
2000-11-01,89032124236.645798
2000-12-01,89538227364.305405
2001-01-01,88047538057.786896
2001-02-01,86923261851.937592
2001-03-01,87402241667.101898
2001-04-01,87131902717.286102
2001-05-01,86530023497.152191
2001-06-01,89578365892.686707
2001-07-01,87393597974.108902
2001-08-01,87208106309.534805
2001-09-01,85619653854.681595
2001-10-01,87470695741.494797
2001-11-01,85187767263.410187
2001-12-01,88431039838.855988
2002-01-01,86789900000.000000
2002-02-01,88592100000.000000
2002-03-01,89910100000.000000
2002-04-01,89666300000.000000
2002-05-01,89510900000.000000
2002-06-01,89609400000.000000
2002-07-01,88053900000.000000
2002-08-01,89618200000.000000
2002-09-01,89819200000.000000
2002-10-01,88541600000.000000
2002-11-01,89898700000.000000
2002-12-01,87084300000.000000
2003-01-01,89769100000.000000
2003-02-01,88266500000.000000
2003-03-01,85997500000.000000
2003-04-01,85752300000.000000
2003-05-01,85076600000.000000
2003-06-01,85012900000.000000
2003-07-01,85335500000.000000
2003-08-01,87355300000.000000
2003-09-01,88015000000.000000
2003-10-01,87441900000.000000
2003-11-01,87291600000.000000
2003-12-01,90072900000.000000
2004-01-01,90585300000.000000
2004-02-01,91627800000.000000
2004-03-01,91420200000.000000
2004-04-01,94141700000.000000
2004-05-01,95851600000.000000
2004-06-01,94962800000.000000
2004-07-01,96239700000.000000
2004-08-01,93052200000.000000
2004-09-01,93950200000.000000
2004-10-01,96980400000.000000
2004-11-01,96118600000.000000
2004-12-01,95173300000.000000
2005-01-01,98306700000.000000
2005-02-01,95883500000.000000
2005-03-01,96399300000.000000
2005-04-01,99181200000.000000
2005-05-01,99606500000.000000
2005-06-01,101772800000.000000
2005-07-01,103038800000.000000
2005-08-01,105382000000.000000
2005-09-01,106297500000.000000
2005-10-01,105530600000.000000
2005-11-01,107115500000.000000
2005-12-01,109452500000.000000
2006-01-01,110486600000.000000
2006-02-01,110661600000.000000
2006-03-01,110336700000.000000
2006-04-01,114186100000.000000
2006-05-01,112120900000.000000
2006-06-01,112585000000.000000
2006-07-01,113134700000.000000
2006-08-01,114512400000.000000
2006-09-01,118848500000.000000
2006-10-01,119584100000.000000
2006-11-01,121697300000.000000
2006-12-01,125037700000.000000
2007-01-01,119870300000.000000
2007-02-01,121341800000.000000
2007-03-01,121345000000.000000
2007-04-01,124705500000.000000
2007-05-01,122111400000.000000
2007-06-01,124224200000.000000
2007-07-01,125078800000.000000
2007-08-01,128479300000.000000
2007-09-01,128421400000.000000
2007-10-01,128137700000.000000
2007-11-01,127980400000.000000
2007-12-01,127352700000.000000
2008-01-01,133196900000.000000
2008-02-01,132439400000.000000
2008-03-01,130668200000.000015
2008-04-01,133296300000.000000
2008-05-01,128864700000.000000
2008-06-01,133743699999.999985
2008-07-01,132076500000.000015
2008-08-01,133449300000.000000
2008-09-01,132506800000.000000
2008-10-01,127803900000.000000
2008-11-01,120097900000.000000
2008-12-01,115510100000.000000
2009-01-01,105069700000.000000
2009-02-01,105228400000.000000
2009-03-01,103699300000.000000
2009-04-01,102997100000.000000
2009-05-01,104177200000.000000
2009-06-01,105604300000.000000
2009-07-01,109233900000.000000
2009-08-01,105145700000.000000
2009-09-01,107636600000.000000
2009-10-01,108963900000.000000
2009-11-01,110055600000.000000
2009-12-01,112422400000.000000
2010-01-01,113743200000.000000
2010-02-01,116228000000.000000
2010-03-01,123329400000.000000
2010-04-01,120570400000.000000
2010-05-01,126372400000.000000
2010-06-01,131073700000.000000
2010-07-01,132243699999.999985
2010-08-01,131562999999.999985
2010-09-01,133096100000.000000
2010-10-01,136065400000.000015
2010-11-01,134903799999.999985
2010-12-01,132840399999.999985
2011-01-01,141417900000.000000
2011-02-01,142594700000.000000
2011-03-01,142916500000.000000
2011-04-01,142592300000.000000
2011-05-01,145266500000.000000
2011-06-01,140678000000.000000
2011-07-01,144629100000.000000
2011-08-01,147309900000.000000
2011-09-01,146235900000.000000
2011-10-01,145877700000.000000
2011-11-01,148908800000.000000
2011-12-01,149822500000.000000
2012-01-01,152876500000.000000
2012-02-01,153154300000.000000
2012-03-01,153590500000.000000
2012-04-01,156644500000.000000
2012-05-01,157322500000.000000
2012-06-01,156038900000.000000
2012-07-01,156915200000.000000
2012-08-01,163476700000.000000
2012-09-01,157761400000.000000
2012-10-01,156985600000.000000
2012-11-01,155876100000.000000
2012-12-01,156825800000.000000
2013-01-01,156325000000.000000
2013-02-01,156552300000.000000
2013-03-01,161239200000.000000
2013-04-01,160099100000.000000
2013-05-01,156560000000.000000
2013-06-01,156132900000.000000
2013-07-01,156662600000.000000
2013-08-01,159072200000.000000
2013-09-01,158792900000.000000
2013-10-01,157100800000.000000
2013-11-01,158598900000.000000
2013-12-01,156174700000.000000
2014-01-01,159248800000.000000
2014-02-01,161231900000.000000
2014-03-01,158375500000.000000
2014-04-01,159704100000.000000
2014-05-01,160283500000.000000
2014-06-01,161315900000.000000
2014-07-01,161376800000.000000
2014-08-01,159485800000.000000
2014-09-01,166235800000.000000
2014-10-01,163938200000.000000
2014-11-01,162261400000.000000
2014-12-01,165482500000.000000
2015-01-01,164827100000.000000
2015-02-01,168419300000.000000
2015-03-01,170521700000.000000
2015-04-01,172248700000.000000
2015-05-01,172254200000.000000
2015-06-01,174334800000.000000
2015-07-01,172679600000.000000
2015-08-01,166259300000.000000
2015-09-01,165863700000.000000
2015-10-01,170163000000.000000
2015-11-01,167787000000.000000
2015-12-01,169324200000.000000
2016-01-01,166645800000.000000
2016-02-01,166437500000.000000
2016-03-01,167369800000.000000
2016-04-01,169806400000.000000
2016-05-01,166113800000.000000
2016-06-01,170450600000.000000
2016-07-01,166967100000.000000
2016-08-01,170887100000.000000
2016-09-01,170369600000.000000
2016-10-01,169757300000.000000
2016-11-01,174420000000.000000
2016-12-01,178362100000.000000
2017-01-01,178034900000.000000
2017-02-01,180103400000.000000
2017-03-01,184272300000.000000
2017-04-01,182039500000.000000
2017-05-01,185695100000.000000
2017-06-01,179747800000.000000
2017-07-01,179144400000.000000
2017-08-01,183439300000.000000
2017-09-01,183887100000.000000
2017-10-01,178974000000.000000
2017-11-01,188407800000.000000
2017-12-01,192825400000.000000
2018-01-01,188838600000.000000
2018-02-01,184278900000.000000
2018-03-01,187808600000.000000
2018-04-01,190475200000.000000
2018-05-01,187711600000.000000
2018-06-01,191507700000.000000
2018-07-01,189277300000.000000
2018-08-01,193830700000.000000
2018-09-01,190679900000.000000
2018-10-01,191954900000.000000
2018-11-01,191171200000.000000
2018-12-01,191480800000.000000
2019-01-01,193535600000.000000
2019-02-01,194515100000.000000
2019-03-01,196573900000.000000
2019-04-01,195213700000.000000
2019-05-01,197729900000.000000
2019-06-01,189953400000.000000
2019-07-01,194036200000.000000
2019-08-01,195236900000.000000
2019-09-01,196661600000.000000
2019-10-01,198189700000.000000
2019-11-01,193684800000.000000
2019-12-01,193573200000.000000
2020-01-01,195705800000.000000
2020-02-01,195972800000.000000
2020-03-01,181672600000.000000
2020-04-01,135547500000.000015
2020-05-01,148053000000.000000
2020-06-01,163535000000.000000
2020-07-01,174400400000.000000
2020-08-01,174142400000.000000
2020-09-01,181629800000.000000
2020-10-01,187013600000.000000
2020-11-01,189301100000.000000
2020-12-01,191784700000.000000
2021-01-01,191592000000.000000
2021-02-01,192934400000.000000
2021-03-01,199604300000.000000
2021-04-01,197229600000.000000
2021-05-01,198818400000.000000
2021-06-01,199523700000.000000
2021-07-01,201356900000.000000
2021-08-01,201475500000.000000
2021-09-01,202629000000.000000
2021-10-01,207252300000.000000
2021-11-01,213601200000.000000
2021-12-01,213128700000.000000
2022-01-01,224201000000.000000
2022-02-01,225722800000.000000
2022-03-01,225568900000.000000
2022-04-01,231851100000.000000
2022-05-01,243062200000.000000
2022-06-01,241430200000.000000
2022-07-01,234988300000.000000
2022-08-01,246152900000.000000
2022-09-01,249792700000.000000
2022-10-01,247667800000.000000
2022-11-01,250333000000.000000
2022-12-01,239551600000.000000
2023-01-01,241059700000.000000
2023-02-01,242635400000.000000
2023-03-01,242185000000.000000
2023-04-01,234479200000.000000
