observation_date,XTEXVA01SEM664S
1955-01-01,737145700.0000000
1955-02-01,738471600.0000000
1955-03-01,654300300.0000000
1955-04-01,722118700.0000000
1955-05-01,697476300.0000000
1955-06-01,712301000.0000000
1955-07-01,769811100.0000000
1955-08-01,804302900.0000000
1955-09-01,739559400.0000000
1955-10-01,817802900.0000000
1955-11-01,798993300.0000000
1955-12-01,774534600.0000000
1956-01-01,828561000.0000000
1956-02-01,583635100.0000000
1956-03-01,675920100.0000000
1956-04-01,765548100.0000000
1956-05-01,816349400.0000000
1956-06-01,919860800.0000000
1956-07-01,925649600.0000000
1956-08-01,873341000.0000000
1956-09-01,937398900.0000000
1956-10-01,858808900.0000000
1956-11-01,902273200.0000000
1956-12-01,886148900.0000000
1957-01-01,909640000.0000000
1957-02-01,898549600.0000000
1957-03-01,933104500.0000000
1957-04-01,924459700.0000000
1957-05-01,963838300.0000000
1957-06-01,880395800.0000000
1957-07-01,940292500.0000000
1957-08-01,937031400.0000000
1957-09-01,1010659000.0000000
1957-10-01,898080000.0000000
1957-11-01,902650500.0000000
1957-12-01,863203600.0000000
1958-01-01,912333300.0000000
1958-02-01,841207000.0000000
1958-03-01,813281100.0000000
1958-04-01,807500400.0000000
1958-05-01,913667600.0000000
1958-06-01,941573700.0000000
1958-07-01,848105400.0000000
1958-08-01,871313900.0000000
1958-09-01,968490800.0000000
1958-10-01,879362400.0000000
1958-11-01,924569500.0000000
1958-12-01,1035304000.0000000
1959-01-01,858497900.0000000
1959-02-01,924180400.0000000
1959-03-01,975656400.0000000
1959-04-01,919526000.0000000
1959-05-01,998515800.0000000
1959-06-01,902917800.0000000
1959-07-01,943198700.0000000
1959-08-01,955675700.0000000
1959-09-01,880272300.0000000
1959-10-01,1069094000.0000000
1959-11-01,1007421000.0000000
1959-12-01,980125100.0000000
1960-01-01,1067688000.0000000
1960-02-01,1164524000.0000000
1960-03-01,1050672000.0000000
1960-04-01,1161843000.0000000
1960-05-01,1030387000.0000000
1960-06-01,1002493000.0000000
1960-07-01,1143775000.0000000
1960-08-01,1092079000.0000000
1960-09-01,1099137000.0000000
1960-10-01,1176698000.0000000
1960-11-01,1112694000.0000000
1960-12-01,1176909000.0000000
1961-01-01,1165853000.0000000
1961-02-01,1155964000.0000000
1961-03-01,1189929000.0000000
1961-04-01,1120770000.0000000
1961-05-01,1184371000.0000000
1961-06-01,1151096000.0000000
1961-07-01,1279327000.0000000
1961-08-01,1204770000.0000000
1961-09-01,1187824000.0000000
1961-10-01,1208097000.0000000
1961-11-01,1149154000.0000000
1961-12-01,1248831000.0000000
1962-01-01,1247840000.0000000
1962-02-01,1252343000.0000000
1962-03-01,1217488000.0000000
1962-04-01,1304999000.0000000
1962-05-01,1295181000.0000000
1962-06-01,1240780000.0000000
1962-07-01,1234719000.0000000
1962-08-01,1232396000.0000000
1962-09-01,1245439000.0000000
1962-10-01,1293560000.0000000
1962-11-01,1243042000.0000000
1962-12-01,1324771000.0000000
1963-01-01,1368968000.0000000
1963-02-01,1077578000.0000000
1963-03-01,1152981000.0000000
1963-04-01,1287856000.0000000
1963-05-01,1284889000.0000000
1963-06-01,1405997000.0000000
1963-07-01,1396781000.0000000
1963-08-01,1623721000.0000000
1963-09-01,1481583000.0000000
1963-10-01,1428717000.0000000
1963-11-01,1579684000.0000000
1963-12-01,1441805000.0000000
1964-01-01,1531437000.0000000
1964-02-01,1444955000.0000000
1964-03-01,1476679000.0000000
1964-04-01,1510186000.0000000
1964-05-01,1478063000.0000000
1964-06-01,1680719000.0000000
1964-07-01,1498222000.0000000
1964-08-01,1598766000.0000000
1964-09-01,1564583000.0000000
1964-10-01,1615596000.0000000
1964-11-01,1766994000.0000000
1964-12-01,1710542000.0000000
1965-01-01,1726481000.0000000
1965-02-01,1742889000.0000000
1965-03-01,1655820000.0000000
1965-04-01,1624873000.0000000
1965-05-01,1656874000.0000000
1965-06-01,1641234000.0000000
1965-07-01,1773260000.0000000
1965-08-01,1688038000.0000000
1965-09-01,1697582000.0000000
1965-10-01,1823616000.0000000
1965-11-01,1804134000.0000000
1965-12-01,1712738000.0000000
1966-01-01,1709384000.0000000
1966-02-01,1551484000.0000000
1966-03-01,1987381000.0000000
1966-04-01,1773831000.0000000
1966-05-01,1847268000.0000000
1966-06-01,1907587000.0000000
1966-07-01,1800216000.0000000
1966-08-01,1832038000.0000000
1966-09-01,1854237000.0000000
1966-10-01,1807281000.0000000
1966-11-01,1877145000.0000000
1966-12-01,2094208000.0000000
1967-01-01,1883311000.0000000
1967-02-01,1972993000.0000000
1967-03-01,1855998000.0000000
1967-04-01,2113529000.0000000
1967-05-01,1888539000.0000000
1967-06-01,2083659000.0000000
1967-07-01,1902666000.0000000
1967-08-01,1829986000.0000000
1967-09-01,1954468000.0000000
1967-10-01,1901577000.0000000
1967-11-01,1876057000.0000000
1967-12-01,2201098000.0000000
1968-01-01,1837535000.0000000
1968-02-01,2106749000.0000000
1968-03-01,2180133000.0000000
1968-04-01,1993587000.0000000
1968-05-01,2113088000.0000000
1968-06-01,2006087000.0000000
1968-07-01,2062445000.0000000
1968-08-01,2166959000.0000000
1968-09-01,2329658000.0000000
1968-10-01,2218959000.0000000
1968-11-01,2212831000.0000000
1968-12-01,2098897000.0000000
1969-01-01,2383390000.0000000
1969-02-01,2258147000.0000000
1969-03-01,2362105000.0000000
1969-04-01,2290775000.0000000
1969-05-01,2495097000.0000000
1969-06-01,2456461000.0000000
1969-07-01,2518084000.0000000
1969-08-01,2523571000.0000000
1969-09-01,2475396000.0000000
1969-10-01,2412272000.0000000
1969-11-01,2644591000.0000000
1969-12-01,2640989000.0000000
1970-01-01,2460538000.0000000
1970-02-01,2876707000.0000000
1970-03-01,2763721000.0000000
1970-04-01,2781115000.0000000
1970-05-01,2786089000.0000000
1970-06-01,2905682000.0000000
1970-07-01,3015642000.0000000
1970-08-01,3122976000.0000000
1970-09-01,2975205000.0000000
1970-10-01,2960706000.0000000
1970-11-01,3303115000.0000000
1970-12-01,3067168000.0000000
1971-01-01,3338252000.0000000
1971-02-01,2927012000.0000000
1971-03-01,3190494000.0000000
1971-04-01,3043606000.0000000
1971-05-01,3116886000.0000000
1971-06-01,3428247000.0000000
1971-07-01,3110813000.0000000
1971-08-01,3152436000.0000000
1971-09-01,3250782000.0000000
1971-10-01,3336281000.0000000
1971-11-01,3170284000.0000000
1971-12-01,3125280000.0000000
1972-01-01,3382820000.0000000
1972-02-01,3147931000.0000000
1972-03-01,3209537000.0000000
1972-04-01,3385760000.0000000
1972-05-01,3210627000.0000000
1972-06-01,3371436000.0000000
1972-07-01,3449196000.0000000
1972-08-01,3721587000.0000000
1972-09-01,3541257000.0000000
1972-10-01,3662017000.0000000
1972-11-01,4019469000.0000000
1972-12-01,3666462000.0000000
1973-01-01,4180743000.0000000
1973-02-01,4128074000.0000000
1973-03-01,4333340000.0000000
1973-04-01,3777088000.0000000
1973-05-01,4711883000.0000000
1973-06-01,4254189000.0000000
1973-07-01,4726657000.0000000
1973-08-01,4264160000.0000010
1973-09-01,4302821000.0000000
1973-10-01,4780399000.0000000
1973-11-01,4757349000.0000000
1973-12-01,4870563000.0000000
1974-01-01,4891006000.0000000
1974-02-01,5353748000.0000000
1974-03-01,5440211000.0000000
1974-04-01,6299918000.0000000
1974-05-01,5628537000.0000000
1974-06-01,5514737000.0000000
1974-07-01,6318542000.0000000
1974-08-01,6783323000.0000000
1974-09-01,6140610000.0000000
1974-10-01,6609244000.0000000
1974-11-01,5730154000.0000000
1974-12-01,5940759000.0000000
1975-01-01,6345831000.0000000
1975-02-01,6510751000.0000000
1975-03-01,5897950000.0000000
1975-04-01,6210152000.0000000
1975-05-01,5814169000.0000000
1975-06-01,5630911000.0000000
1975-07-01,6157338000.0000000
1975-08-01,5184797000.0000000
1975-09-01,5863785000.0000000
1975-10-01,5882522000.0000000
1975-11-01,5941385000.0000000
1975-12-01,6422647000.0000000
1976-01-01,6057669000.0000000
1976-02-01,6475434000.0000000
1976-03-01,6443363000.0000000
1976-04-01,6133983000.0000000
1976-05-01,6674498000.0000000
1976-06-01,6994808000.0000000
1976-07-01,6776959000.0000000
1976-08-01,7247440000.0000000
1976-09-01,7323255000.0000000
1976-10-01,6538597000.0000000
1976-11-01,6804489000.0000000
1976-12-01,6519050000.0000000
1977-01-01,6767611000.0000000
1977-02-01,6822883000.0000000
1977-03-01,6690214000.0000000
1977-04-01,6774688000.0000000
1977-05-01,7150207000.0000000
1977-06-01,7101724000.0000000
1977-07-01,6440388000.0000000
1977-08-01,7043911000.0000000
1977-09-01,7191558000.0000000
1977-10-01,7606950000.0000000
1977-11-01,7513716000.0000000
1977-12-01,8338267000.0000000
1978-01-01,7654759000.0000000
1978-02-01,7844841000.0000000
1978-03-01,7784729000.0000000
1978-04-01,8403295999.9999981
1978-05-01,7775221000.0000000
1978-06-01,8197206000.0000000
1978-07-01,7172745000.0000000
1978-08-01,8367317999.9999981
1978-09-01,8519837000.0000019
1978-10-01,8616409000.0000000
1978-11-01,8738229000.0000000
1978-12-01,8883482000.0000000
1979-01-01,8496404999.9999981
1979-02-01,8546120000.0000000
1979-03-01,9378802000.0000000
1979-04-01,9834157000.0000000
1979-05-01,9708287000.0000000
1979-06-01,9673262000.0000000
1979-07-01,9776475000.0000000
1979-08-01,9766521000.0000000
1979-09-01,10822950000.0000000
1979-10-01,10513360000.0000000
1979-11-01,10828290000.0000000
1979-12-01,10487530000.0000000
1980-01-01,11116810000.0000000
1980-02-01,11322720000.0000000
1980-03-01,11142090000.0000000
1980-04-01,10576590000.0000000
1980-05-01,7024210000.0000000
1980-06-01,11438660000.0000000
1980-07-01,12023720000.0000000
1980-08-01,11261690000.0000000
1980-09-01,11307670000.0000000
1980-10-01,11062950000.0000000
1980-11-01,11068640000.0000000
1980-12-01,11108500000.0000000
1981-01-01,10705970000.0000000
1981-02-01,11406760000.0000000
1981-03-01,11731570000.0000000
1981-04-01,12158470000.0000000
1981-05-01,11351980000.0000000
1981-06-01,11539990000.0000000
1981-07-01,11821370000.0000000
1981-08-01,12284780000.0000000
1981-09-01,12170820000.0000000
1981-10-01,12828130000.0000000
1981-11-01,12878470000.0000000
1981-12-01,13458780000.0000000
1982-01-01,12642930000.0000000
1982-02-01,13430480000.0000000
1982-03-01,13585160000.0000000
1982-04-01,14324770000.0000000
1982-05-01,13391990000.0000000
1982-06-01,13485700000.0000000
1982-07-01,15257600000.0000000
1982-08-01,12840020000.0000000
1982-09-01,13552290000.0000000
1982-10-01,14606240000.0000000
1982-11-01,14724550000.0000000
1982-12-01,15694070000.0000000
1983-01-01,17470880000.0000000
1983-02-01,15994990000.0000000
1983-03-01,16867480000.0000000
1983-04-01,16020290000.0000000
1983-05-01,17776650000.0000000
1983-06-01,17719680000.0000000
1983-07-01,17332000000.0000000
1983-08-01,16886720000.0000000
1983-09-01,18573570000.0000000
1983-10-01,18334230000.0000000
1983-11-01,18249110000.0000000
1983-12-01,18908220000.0000000
1984-01-01,21160230000.0000000
1984-02-01,19631420000.0000000
1984-03-01,19605360000.0000000
1984-04-01,18855020000.0000000
1984-05-01,20261180000.0000000
1984-06-01,18888730000.0000000
1984-07-01,19245580000.0000000
1984-08-01,20758910000.0000000
1984-09-01,20419460000.0000000
1984-10-01,20503300000.0000000
1984-11-01,21350930000.0000000
1984-12-01,20980890000.0000000
1985-01-01,20547710000.0000000
1985-02-01,20032040000.0000000
1985-03-01,21552310000.0000000
1985-04-01,21811960000.0000000
1985-05-01,20102510000.0000000
1985-06-01,22997600000.0000000
1985-07-01,21739150000.0000000
1985-08-01,22999430000.0000000
1985-09-01,22266780000.0000000
1985-10-01,22015950000.0000000
1985-11-01,22438840000.0000000
1985-12-01,21553020000.0000000
1986-01-01,21446940000.0000000
1986-02-01,21927870000.0000000
1986-03-01,21692010000.0000000
1986-04-01,22151320000.0000000
1986-05-01,21436900000.0000000
1986-06-01,22959430000.0000000
1986-07-01,21341300000.0000000
1986-08-01,23613790000.0000000
1986-09-01,21964380000.0000000
1986-10-01,22513530000.0000000
1986-11-01,22072180000.0000000
1986-12-01,21485490000.0000000
1987-01-01,20651580000.0000000
1987-02-01,24456070000.0000000
1987-03-01,21807050000.0000000
1987-04-01,23091540000.0000000
1987-05-01,24142830000.0000000
1987-06-01,21882910000.0000000
1987-07-01,22732880000.0000000
1987-08-01,23591720000.0000000
1987-09-01,24084290000.0000000
1987-10-01,24111390000.0000000
1987-11-01,24542660000.0000000
1987-12-01,25487960000.0000000
1988-01-01,22030400000.0000000
1988-02-01,22692710000.0000000
1988-03-01,25725660000.0000000
1988-04-01,24688880000.0000000
1988-05-01,25626020000.0000000
1988-06-01,25506090000.0000000
1988-07-01,25612870000.0000000
1988-08-01,24418610000.0000000
1988-09-01,25867670000.0000000
1988-10-01,26258590000.0000000
1988-11-01,26687270000.0000000
1988-12-01,28118610000.0000000
1989-01-01,28179890000.0000000
1989-02-01,27932060000.0000000
1989-03-01,27085770000.0000000
1989-04-01,28177640000.0000000
1989-05-01,26559970000.0000000
1989-06-01,28209840000.0000000
1989-07-01,26790730000.0000000
1989-08-01,26994740000.0000000
1989-09-01,28935840000.0000000
1989-10-01,27736820000.0000000
1989-11-01,27365740000.0000000
1989-12-01,28597570000.0000000
1990-01-01,28996480000.0000000
1990-02-01,28121670000.0000000
1990-03-01,28381350000.0000000
1990-04-01,28091080000.0000000
1990-05-01,28879040000.0000000
1990-06-01,28521630000.0000000
1990-07-01,25891610000.0000000
1990-08-01,28452590000.0000000
1990-09-01,28519260000.0000000
1990-10-01,28358290000.0000000
1990-11-01,29142720000.0000000
1990-12-01,27492310000.0000000
1991-01-01,28468250000.0000000
1991-02-01,27737210000.0000000
1991-03-01,28713820000.0000000
1991-04-01,27677630000.0000000
1991-05-01,27033160000.0000000
1991-06-01,29039250000.0000000
1991-07-01,26545490000.0000000
1991-08-01,27446330000.0000000
1991-09-01,27620220000.0000000
1991-10-01,27782530000.0000000
1991-11-01,28153490000.0000000
1991-12-01,26143780000.0000000
1992-01-01,27651780000.0000000
1992-02-01,27868560000.0000000
1992-03-01,26971720000.0000000
1992-04-01,26655180000.0000000
1992-05-01,27730430000.0000000
1992-06-01,26034460000.0000000
1992-07-01,28877810000.0000000
1992-08-01,27722130000.0000000
1992-09-01,25346760000.0000000
1992-10-01,26830930000.0000000
1992-11-01,25862790000.0000000
1992-12-01,27515340000.0000000
1993-01-01,29181850000.0000000
1993-02-01,29647390000.0000000
1993-03-01,29848590000.0000000
1993-04-01,31271660000.0000000
1993-05-01,30852590000.0000000
1993-06-01,30504640000.0000000
1993-07-01,36363670000.0000000
1993-08-01,32093850000.0000038
1993-09-01,34546880000.0000000
1993-10-01,34017500000.0000000
1993-11-01,34406200000.0000000
1993-12-01,35467520000.0000000
1994-01-01,37276420000.0000000
1994-02-01,35557640000.0000000
1994-03-01,36937390000.0000000
1994-04-01,35974530000.0000000
1994-05-01,37644170000.0000000
1994-06-01,38258830000.0000000
1994-07-01,41093160000.0000000
1994-08-01,36733150000.0000000
1994-09-01,39152450000.0000000
1994-10-01,41560000000.0000000
1994-11-01,40196840000.0000000
1994-12-01,52111960000.0000000
1995-01-01,43831750000.0000000
1995-02-01,47156180000.0000000
1995-03-01,46206530000.0000000
1995-04-01,46124160000.0000000
1995-05-01,47709870000.0000000
1995-06-01,48034090000.0000000
1995-07-01,46125630000.0000000
1995-08-01,49754310000.0000000
1995-09-01,48706180000.0000000
1995-10-01,48060000000.0000000
1995-11-01,48104200000.0000000
1995-12-01,47692990000.0000000
1996-01-01,47605110000.0000000
1996-02-01,45875900000.0000000
1996-03-01,46666680000.0000000
1996-04-01,47937410000.0000000
1996-05-01,46796440000.0000000
1996-06-01,47938580000.0000000
1996-07-01,44360610000.0000000
1996-08-01,48779780000.0000000
1996-09-01,46618750000.0000000
1996-10-01,47596730000.0000000
1996-11-01,49269080000.0000000
1996-12-01,46688200000.0000000
1997-01-01,49169420000.0000000
1997-02-01,50073870000.0000000
1997-03-01,50178520000.0000000
1997-04-01,53039600000.0000000
1997-05-01,50879400000.0000000
1997-06-01,53234660000.0000000
1997-07-01,52792360000.0000000
1997-08-01,54615620000.0000000
1997-09-01,54454920000.0000000
1997-10-01,54451240000.0000000
1997-11-01,54986820000.0000000
1997-12-01,53978850000.0000000
1998-01-01,54782540000.0000000
1998-02-01,56853710000.0000000
1998-03-01,54243230000.0000000
1998-04-01,54679710000.0000000
1998-05-01,54565030000.0000000
1998-06-01,55126260000.0000000
1998-07-01,55822960000.0000000
1998-08-01,56262040000.0000000
1998-09-01,57822450000.0000000
1998-10-01,57497170000.0000000
1998-11-01,58537750000.0000000
1998-12-01,57970840000.0000000
1999-01-01,55579410000.0000000
1999-02-01,55828980000.0000000
1999-03-01,56711930000.0000000
1999-04-01,55674450000.0000000
1999-05-01,56239780000.0000000
1999-06-01,59282970000.0000000
1999-07-01,59470110000.0000000
1999-08-01,59365560000.0000000
1999-09-01,60081990000.0000000
1999-10-01,60070010000.0000000
1999-11-01,60501640000.0000000
1999-12-01,63160250000.0000000
2000-01-01,61522000000.0000000
2000-02-01,62268370000.0000000
2000-03-01,63587440000.0000000
2000-04-01,65492900000.0000076
2000-05-01,69588290000.0000000
2000-06-01,63160990000.0000000
2000-07-01,68557000000.0000000
2000-08-01,68320719999.9999924
2000-09-01,69640850000.0000000
2000-10-01,70098030000.0000000
2000-11-01,70654440000.0000000
2000-12-01,70643470000.0000000
2001-01-01,67711110000.0000076
2001-02-01,67150650000.0000000
2001-03-01,68370170000.0000000
2001-04-01,66381440000.0000000
2001-05-01,66675970000.0000076
2001-06-01,66913799999.9999924
2001-07-01,66122490000.0000000
2001-08-01,68265730000.0000076
2001-09-01,67012780000.0000076
2001-10-01,68765700000.0000000
2001-11-01,67700379999.9999924
2001-12-01,65004390000.0000000
2002-01-01,68803440000.0000000
2002-02-01,68776310000.0000000
2002-03-01,69388130000.0000000
2002-04-01,66054890000.0000000
2002-05-01,67897250000.0000000
2002-06-01,67403560000.0000000
2002-07-01,65733509999.9999924
2002-08-01,66360249999.9999924
2002-09-01,65880690000.0000000
2002-10-01,66125170000.0000000
2002-11-01,68576520000.0000000
2002-12-01,65203450000.0000000
2003-01-01,68115810000.0000000
2003-02-01,69043620000.0000000
2003-03-01,68901280000.0000000
2003-04-01,70895870000.0000000
2003-05-01,67953620000.0000000
2003-06-01,66725330000.0000000
2003-07-01,66803160000.0000076
2003-08-01,68803120000.0000000
2003-09-01,71454890000.0000000
2003-10-01,69593010000.0000000
2003-11-01,68914920000.0000000
2003-12-01,68394920000.0000000
2004-01-01,68741000000.0000000
2004-02-01,72496250000.0000000
2004-03-01,71456560000.0000000
2004-04-01,76518360000.0000000
2004-05-01,76217510000.0000000
2004-06-01,77781990000.0000000
2004-07-01,74461020000.0000000
2004-08-01,76003330000.0000000
2004-09-01,76900530000.0000000
2004-10-01,76061940000.0000000
2004-11-01,75164610000.0000000
2004-12-01,78507930000.0000000
2005-01-01,75211210000.0000000
2005-02-01,77043690000.0000000
2005-03-01,77589830000.0000000
2005-04-01,79443410000.0000000
2005-05-01,79185800000.0000000
2005-06-01,82284880000.0000000
2005-07-01,84871620000.0000000
2005-08-01,84456850000.0000000
2005-09-01,83706410000.0000000
2005-10-01,84391020000.0000000
2005-11-01,83743260000.0000000
2005-12-01,87953860000.0000000
2006-01-01,89440320000.0000000
2006-02-01,86237660000.0000000
2006-03-01,92826260000.0000000
2006-04-01,88880650000.0000000
2006-05-01,90859030000.0000000
2006-06-01,89228860000.0000000
2006-07-01,89562620000.0000000
2006-08-01,90239040000.0000000
2006-09-01,91164000000.0000000
2006-10-01,92677980000.0000000
2006-11-01,92484230000.0000000
2006-12-01,97377920000.0000000
2007-01-01,92354230000.0000000
2007-02-01,92670020000.0000000
2007-03-01,92934670000.0000000
2007-04-01,93778540000.0000000
2007-05-01,94476480000.0000000
2007-06-01,93870830000.0000000
2007-07-01,94756970000.0000000
2007-08-01,96417720000.0000000
2007-09-01,95138350000.0000000
2007-10-01,97509380000.0000000
2007-11-01,99102250000.0000000
2007-12-01,97215160000.0000000
2008-01-01,104786800000.0000000
2008-02-01,104586500000.0000000
2008-03-01,99990570000.0000000
2008-04-01,102728100000.0000000
2008-05-01,101222600000.0000000
2008-06-01,99512500000.0000000
2008-07-01,104045800000.0000000
2008-08-01,98354860000.0000000
2008-09-01,100717600000.0000000
2008-10-01,100014900000.0000000
2008-11-01,90065190000.0000000
2008-12-01,84579690000.0000000
2009-01-01,82136620000.0000000
2009-02-01,84239880000.0000000
2009-03-01,82667120000.0000000
2009-04-01,81852520000.0000000
2009-05-01,79202240000.0000000
2009-06-01,85401620000.0000000
2009-07-01,82337640000.0000000
2009-08-01,84407260000.0000000
2009-09-01,83594990000.0000000
2009-10-01,82822240000.0000000
2009-11-01,82333900000.0000000
2009-12-01,85048510000.0000000
2010-01-01,85223640000.0000000
2010-02-01,85858450000.0000000
2010-03-01,90394150000.0000000
2010-04-01,90418870000.0000000
2010-05-01,93017430000.0000000
2010-06-01,100180100000.0000000
2010-07-01,100134300000.0000000
2010-08-01,94466100000.0000000
2010-09-01,97368770000.0000000
2010-10-01,97824840000.0000000
2010-11-01,100020000000.0000000
2010-12-01,103301000000.0000000
2011-01-01,99667870000.0000000
2011-02-01,102965000000.0000000
2011-03-01,100418000000.0000000
2011-04-01,100910000000.0000000
2011-05-01,105504100000.0000000
2011-06-01,94956790000.0000000
2011-07-01,104848500000.0000000
2011-08-01,104255500000.0000000
2011-09-01,103286700000.0000000
2011-10-01,100253300000.0000000
2011-11-01,98036110000.0000000
2011-12-01,101848300000.0000000
2012-01-01,102615300000.0000000
2012-02-01,97712680000.0000000
2012-03-01,97096210000.0000000
2012-04-01,98670410000.0000000
2012-05-01,101869700000.0000000
2012-06-01,99714260000.0000000
2012-07-01,95826730000.0000000
2012-08-01,101382800000.0000000
2012-09-01,93877490000.0000000
2012-10-01,96359630000.0000000
2012-11-01,93511360000.0000000
2012-12-01,88586320000.0000000
2013-01-01,94307950000.0000000
2013-02-01,91330920000.0000000
2013-03-01,93712930000.0000000
2013-04-01,88247620000.0000000
2013-05-01,89739700000.0000000
2013-06-01,88806950000.0000000
2013-07-01,92645430000.0000000
2013-08-01,92278690000.0000000
2013-09-01,89826640000.0000000
2013-10-01,89868080000.0000000
2013-11-01,91614330000.0000000
2013-12-01,90818820000.0000000
2014-01-01,94222240000.0000000
2014-02-01,93045300000.0000000
2014-03-01,89279110000.0000000
2014-04-01,95923490000.0000000
2014-05-01,92667240000.0000000
2014-06-01,92750790000.0000000
2014-07-01,94794140000.0000000
2014-08-01,95786960000.0000000
2014-09-01,96660360000.0000000
2014-10-01,96407130000.0000000
2014-11-01,93895100000.0000000
2014-12-01,93163060000.0000000
2015-01-01,93865590000.0000000
2015-02-01,97991240000.0000000
2015-03-01,98925430000.0000000
2015-04-01,99147830000.0000000
2015-05-01,97112720000.0000000
2015-06-01,102883900000.0000000
2015-07-01,96348110000.0000000
2015-08-01,101275800000.0000000
2015-09-01,99503730000.0000000
2015-10-01,98333870000.0000000
2015-11-01,96380070000.0000000
2015-12-01,99541250000.0000000
2016-01-01,93332360000.0000000
2016-02-01,94331070000.0000000
2016-03-01,98816460000.0000000
2016-04-01,96189590000.0000000
2016-05-01,94853520000.0000000
2016-06-01,97201180000.0000000
2016-07-01,98584330000.0000000
2016-08-01,96120640000.0000000
2016-09-01,102229700000.0000000
2016-10-01,101040900000.0000000
2016-11-01,105395500000.0000000
2016-12-01,113249500000.0000000
2017-01-01,107101400000.0000000
2017-02-01,105150500000.0000000
2017-03-01,105705200000.0000000
2017-04-01,105448100000.0000000
2017-05-01,110404400000.0000000
2017-06-01,108739000000.0000000
2017-07-01,107230300000.0000000
2017-08-01,108138200000.0000000
2017-09-01,109783300000.0000000
2017-10-01,110529900000.0000000
2017-11-01,113309700000.0000000
2017-12-01,116789100000.0000000
2018-01-01,116096600000.0000000
2018-02-01,113115600000.0000000
2018-03-01,118355300000.0000000
2018-04-01,114187800000.0000000
2018-05-01,119072000000.0000000
2018-06-01,122183700000.0000000
2018-07-01,120770600000.0000000
2018-08-01,123555900000.0000000
2018-09-01,123657300000.0000000
2018-10-01,125457900000.0000000
2018-11-01,128018700000.0000000
2018-12-01,118683100000.0000000
2019-01-01,126346500000.0000000
2019-02-01,126764900000.0000000
2019-03-01,124688200000.0000000
2019-04-01,129253400000.0000000
2019-05-01,130627700000.0000000
2019-06-01,122092300000.0000000
2019-07-01,133046300000.0000000
2019-08-01,128226300000.0000153
2019-09-01,125450700000.0000000
2019-10-01,126401400000.0000000
2019-11-01,125752200000.0000000
2019-12-01,122953100000.0000000
2020-01-01,131844900000.0000000
2020-02-01,129130100000.0000000
2020-03-01,119426900000.0000000
2020-04-01,106774000000.0000000
2020-05-01,103312000000.0000000
2020-06-01,112910000000.0000000
2020-07-01,112285100000.0000000
2020-08-01,120840800000.0000000
2020-09-01,118989300000.0000000
2020-10-01,121845400000.0000000
2020-11-01,122751800000.0000000
2020-12-01,122597900000.0000000
2021-01-01,120958000000.0000000
2021-02-01,127333000000.0000000
2021-03-01,130342899999.9999847
2021-04-01,129339800000.0000000
2021-05-01,134626399999.9999847
2021-06-01,136248600000.0000153
2021-07-01,140722500000.0000000
2021-08-01,131683300000.0000000
2021-09-01,140132100000.0000000
2021-10-01,141539900000.0000000
2021-11-01,143110900000.0000000
2021-12-01,150884000000.0000000
2022-01-01,149649700000.0000000
2022-02-01,155679700000.0000000
2022-03-01,161844500000.0000000
2022-04-01,161017300000.0000000
2022-05-01,168812900000.0000000
2022-06-01,171394700000.0000000
2022-07-01,174513000000.0000000
2022-08-01,166243000000.0000000
2022-09-01,171824300000.0000000
2022-10-01,171534900000.0000000
2022-11-01,170494500000.0000000
2022-12-01,179694700000.0000000
2023-01-01,177989500000.0000000
2023-02-01,176168400000.0000000
2023-03-01,173302500000.0000000
2023-04-01,173294400000.0000000
2023-05-01,171655500000.0000000
2023-06-01,168895400000.0000000
2023-07-01,168864900000.0000000
2023-08-01,175744400000.0000000
2023-09-01,181655000000.0000000
2023-10-01,183685500000.0000000
2023-11-01,176266800000.0000000
2023-12-01,172835600000.0000000
2024-01-01,167670800000.0000000
2024-02-01,168641000000.0000000
2024-03-01,176510700000.0000000
2024-04-01,171534300000.0000000
2024-05-01,179559500000.0000000
2024-06-01,170468800000.0000000
2024-07-01,171061700000.0000000
2024-08-01,168887300000.0000000
2024-09-01,167302000000.0000000
2024-10-01,169570300000.0000000
2024-11-01,175112600000.0000000
2024-12-01,170529100000.0000000
2025-01-01,175801600000.0000000
2025-02-01,177132000000.0000000
2025-03-01,172337100000.0000000
2025-04-01,171070500000.0000000
2025-05-01,163603400000.0000000
2025-06-01,172017400000.0000000
2025-07-01,167623200000.0000000
2025-08-01,169430600000.0000000
2025-09-01,166942400000.0000000
2025-10-01,166190000000.0000000
2025-11-01,169954100000.0000000
2025-12-01,167942900000.0000000
2026-01-01,165121600000.0000000
2026-02-01,166624800000.0000000
2026-03-01,178026200000.0000000
2026-04-01,182500800000.0000000
2026-05-01,183546700000.0000000
2026-06-01,187095300000.0000000
