observation_date,XTEXVA01MXM664S
1980-01-01,24163180.000000000
1980-02-01,24792760.000000000
1980-03-01,27444330.000000000
1980-04-01,28067010.000000000
1980-05-01,29099620.000000000
1980-06-01,29270440.000000000
1980-07-01,31236860.000000000
1980-08-01,31700860.000000000
1980-09-01,32315120.000000004
1980-10-01,32208220.000000004
1980-11-01,32609230.000000004
1980-12-01,34279030.000000000
1981-01-01,38417910.000000000
1981-02-01,36526440.000000000
1981-03-01,51160990.000000000
1981-04-01,45422810.000000000
1981-05-01,43401000.000000000
1981-06-01,38244640.000000000
1981-07-01,24279730.000000000
1981-08-01,36841280.000000000
1981-09-01,45736770.000000000
1981-10-01,41255850.000000000
1981-11-01,47831090.000000000
1981-12-01,40196210.000000000
1982-01-01,39754690.000000000
1982-02-01,46517770.000000000
1982-03-01,62532450.000000000
1982-04-01,63652370.000000000
1982-05-01,83928560.000000000
1982-06-01,90048570.000000000
1982-07-01,93424310.000000000
1982-08-01,94961050.000000000
1982-09-01,136626400.000000000
1982-10-01,139895900.000000000
1982-11-01,141960300.000000000
1982-12-01,138266700.000000000
1983-01-01,292753700.000000000
1983-02-01,236499200.000000000
1983-03-01,265775300.000000000
1983-04-01,272433000.000000000
1983-05-01,278041900.000000000
1983-06-01,280592700.000000000
1983-07-01,281788300.000000000
1983-08-01,287490800.000000000
1983-09-01,295702800.000000000
1983-10-01,311669200.000000000
1983-11-01,332255600.000000000
1983-12-01,330811700.000000000
1984-01-01,354164500.000000000
1984-02-01,349913300.000000000
1984-03-01,359598800.000000000
1984-04-01,360243600.000000000
1984-05-01,396050000.000000000
1984-06-01,399034300.000000000
1984-07-01,407521000.000000000
1984-08-01,391526800.000000000
1984-09-01,394799100.000000000
1984-10-01,398884100.000000000
1984-11-01,398841600.000000000
1984-12-01,411667000.000000000
1985-01-01,407678300.000000000
1985-02-01,449423500.000000000
1985-03-01,470586500.000000000
1985-04-01,458330300.000000000
1985-05-01,438252700.000000000
1985-06-01,381710400.000000000
1985-07-01,624322600.000000000
1985-08-01,630140700.000000000
1985-09-01,667057000.000000000
1985-10-01,721185300.000000000
1985-11-01,943255500.000000000
1985-12-01,917886100.000000000
1986-01-01,705806000.000000000
1986-02-01,604700900.000000000
1986-03-01,581271300.000000000
1986-04-01,620835200.000000000
1986-05-01,665858800.000000000
1986-06-01,777386500.000000000
1986-07-01,764747100.000000000
1986-08-01,864435100.000000000
1986-09-01,986311300.000000000
1986-10-01,1136060000.000000000
1986-11-01,1286593000.000000000
1986-12-01,1448135000.000000000
1987-01-01,1530774000.000000000
1987-02-01,1572071000.000000000
1987-03-01,1752658000.000000000
1987-04-01,1902746000.000000000
1987-05-01,2229079000.000000000
1987-06-01,2361204000.000000000
1987-07-01,2526580000.000000000
1987-08-01,2547923000.000000000
1987-09-01,2704334000.000000000
1987-10-01,2815157000.000000000
1987-11-01,3323829000.000000000
1987-12-01,3971138000.000000000
1988-01-01,3907568000.000000000
1988-02-01,4087380000.000000000
1988-03-01,4000370000.000000000
1988-04-01,4040532000.000000000
1988-05-01,4083709000.000000000
1988-06-01,4001460000.000000000
1988-07-01,3938059000.000000000
1988-08-01,4029085000.000000954
1988-09-01,3423151000.000000000
1988-10-01,3574374000.000000000
1988-11-01,3843186000.000000000
1988-12-01,3924010000.000000000
1989-01-01,4144413000.000000000
1989-02-01,4213406000.000000000
1989-03-01,4434403000.000000000
1989-04-01,4655034000.000000000
1989-05-01,4792787000.000000000
1989-06-01,5037009000.000000000
1989-07-01,4950916000.000000000
1989-08-01,4872024000.000000000
1989-09-01,4773559000.000000000
1989-10-01,4899212000.000000000
1989-11-01,5011424000.000000000
1989-12-01,5409808000.000000000
1990-01-01,5664837000.000000000
1990-02-01,5752842000.000000000
1990-03-01,5550066000.000000000
1990-04-01,4736898000.000000000
1990-05-01,4948388000.000000000
1990-06-01,5349855000.000000000
1990-07-01,5866504000.000000000
1990-08-01,6577095000.000000000
1990-09-01,8167740000.000000000
1990-10-01,8069982000.000000000
1990-11-01,7895588000.000000000
1990-12-01,7810433000.000000000
1991-01-01,9779945000.000000000
1991-02-01,9855009000.000000000
1991-03-01,10243440000.000000000
1991-04-01,10458460000.000000000
1991-05-01,10652170000.000000000
1991-06-01,10726420000.000000000
1991-07-01,10972580000.000000000
1991-08-01,10844340000.000000000
1991-09-01,11234060000.000000000
1991-10-01,11521280000.000000000
1991-11-01,11353420000.000000000
1991-12-01,11012120000.000000000
1992-01-01,10423100000.000000000
1992-02-01,10976540000.000000000
1992-03-01,11421980000.000000000
1992-04-01,11536100000.000000000
1992-05-01,11786360000.000000000
1992-06-01,12173460000.000000000
1992-07-01,12160650000.000000000
1992-08-01,12361830000.000000000
1992-09-01,12261690000.000000000
1992-10-01,12776170000.000000000
1992-11-01,12321220000.000000000
1992-12-01,12561610000.000000000
1993-01-01,12133550000.000000000
1993-02-01,12393260000.000000000
1993-03-01,12519520000.000000000
1993-04-01,13028540000.000000000
1993-05-01,13002500000.000000000
1993-06-01,13806160000.000000000
1993-07-01,13717800000.000000000
1993-08-01,12991290000.000000000
1993-09-01,13754430000.000000000
1993-10-01,14916530000.000000000
1993-11-01,14148770000.000000000
1993-12-01,14903730000.000000000
1994-01-01,14236360000.000000000
1994-02-01,14805770000.000000000
1994-03-01,15745890000.000000000
1994-04-01,15938410000.000000000
1994-05-01,16270130000.000001907
1994-06-01,17169090000.000000000
1994-07-01,17277190000.000000000
1994-08-01,17074819999.999998093
1994-09-01,17029530000.000001907
1994-10-01,18324310000.000000000
1994-11-01,20324010000.000000000
1994-12-01,22595920000.000000000
1995-01-01,35159020000.000000000
1995-02-01,35893610000.000000000
1995-03-01,42682400000.000000000
1995-04-01,38453170000.000000000
1995-05-01,39271090000.000000000
1995-06-01,40665740000.000000000
1995-07-01,39438690000.000000000
1995-08-01,43146050000.000000000
1995-09-01,44370000000.000000000
1995-10-01,45349540000.000000000
1995-11-01,52388180000.000000000
1995-12-01,55337630000.000000000
1996-01-01,55649830000.000000000
1996-02-01,55582420000.000000000
1996-03-01,56703710000.000000000
1996-04-01,57850100000.000000000
1996-05-01,58510600000.000000000
1996-06-01,58160270000.000000000
1996-07-01,60135470000.000000000
1996-08-01,60552540000.000000000
1996-09-01,63095910000.000000000
1996-10-01,64936730000.000000000
1996-11-01,67716500000.000000000
1996-12-01,67347570000.000007629
1997-01-01,69842960000.000000000
1997-02-01,67426959999.999992371
1997-03-01,70340210000.000000000
1997-04-01,70387870000.000000000
1997-05-01,69776890000.000000000
1997-06-01,73600480000.000000000
1997-07-01,72955280000.000000000
1997-08-01,71879500000.000000000
1997-09-01,72571430000.000000000
1997-10-01,75264710000.000000000
1997-11-01,81675200000.000000000
1997-12-01,78134790000.000000000
1998-01-01,79575870000.000000000
1998-02-01,81445980000.000000000
1998-03-01,85063980000.000000000
1998-04-01,85151810000.000000000
1998-05-01,85133220000.000000000
1998-06-01,86210850000.000000000
1998-07-01,82450580000.000000000
1998-08-01,88039110000.000000000
1998-09-01,98435170000.000000000
1998-10-01,99773570000.000000000
1998-11-01,102442000000.000000000
1998-12-01,101848400000.000000000
1999-01-01,102325200000.000000000
1999-02-01,103402400000.000000000
1999-03-01,104019300000.000000000
1999-04-01,101311800000.000000000
1999-05-01,104183400000.000000000
1999-06-01,107844800000.000000000
1999-07-01,107882500000.000000000
1999-08-01,110655900000.000000000
1999-09-01,109040300000.000000000
1999-10-01,113531000000.000000000
1999-11-01,116509300000.000000000
1999-12-01,117174400000.000000000
2000-01-01,123785400000.000000000
2000-02-01,126750900000.000000000
2000-03-01,120056400000.000000000
2000-04-01,123374000000.000000000
2000-05-01,128758600000.000000000
2000-06-01,135533400000.000000000
2000-07-01,131925600000.000000000
2000-08-01,133148400000.000015259
2000-09-01,131431099999.999984741
2000-10-01,139946700000.000000000
2000-11-01,137541100000.000000000
2000-12-01,137657400000.000000000
2001-01-01,135293100000.000015259
2001-02-01,131864200000.000015259
2001-03-01,134377500000.000000000
2001-04-01,128180100000.000015259
2001-05-01,121112500000.000000000
2001-06-01,121608900000.000000000
2001-07-01,117837000000.000000000
2001-08-01,119493600000.000000000
2001-09-01,121863700000.000000000
2001-10-01,119961100000.000000000
2001-11-01,115712400000.000000000
2001-12-01,118138500000.000000000
2002-01-01,116806400000.000000000
2002-02-01,117667000000.000000000
2002-03-01,120970500000.000000000
2002-04-01,127177000000.000000000
2002-05-01,127128500000.000000000
2002-06-01,130272200000.000000000
2002-07-01,132680100000.000015259
2002-08-01,133065800000.000000000
2002-09-01,136156500000.000000000
2002-10-01,135049100000.000015259
2002-11-01,137218500000.000000000
2002-12-01,137869700000.000000000
2003-01-01,150083900000.000000000
2003-02-01,152167000000.000000000
2003-03-01,146262000000.000000000
2003-04-01,140944000000.000000000
2003-05-01,132865700000.000000000
2003-06-01,140468800000.000000000
2003-07-01,141919300000.000000000
2003-08-01,144763400000.000000000
2003-09-01,150080800000.000000000
2003-10-01,156554600000.000000000
2003-11-01,159406400000.000000000
2003-12-01,165065300000.000000000
2004-01-01,160148500000.000000000
2004-02-01,163727200000.000000000
2004-03-01,168310300000.000000000
2004-04-01,168770700000.000000000
2004-05-01,183888400000.000000000
2004-06-01,176930700000.000000000
2004-07-01,179444000000.000000000
2004-08-01,182341500000.000000000
2004-09-01,181427600000.000000000
2004-10-01,186224800000.000000000
2004-11-01,186567900000.000000000
2004-12-01,176529700000.000000000
2005-01-01,184183300000.000000000
2005-02-01,186006300000.000000000
2005-03-01,185597300000.000000000
2005-04-01,194667200000.000000000
2005-05-01,189053700000.000000000
2005-06-01,193823100000.000000000
2005-07-01,183732100000.000000000
2005-08-01,191143700000.000000000
2005-09-01,196660500000.000000000
2005-10-01,203017300000.000000000
2005-11-01,208122000000.000000000
2005-12-01,214707100000.000000000
2006-01-01,223746900000.000000000
2006-02-01,213074600000.000000000
2006-03-01,217729700000.000000000
2006-04-01,229657100000.000000000
2006-05-01,231449300000.000000000
2006-06-01,237455900000.000000000
2006-07-01,227254500000.000000000
2006-08-01,230754100000.000000000
2006-09-01,227263800000.000000000
2006-10-01,230876400000.000000000
2006-11-01,227466000000.000000000
2006-12-01,229568900000.000000000
2007-01-01,224527400000.000000000
2007-02-01,234359400000.000000000
2007-03-01,239582700000.000000000
2007-04-01,235657600000.000000000
2007-05-01,240748600000.000000000
2007-06-01,244267400000.000000000
2007-07-01,243762500000.000000000
2007-08-01,258011800000.000000000
2007-09-01,263818900000.000000000
2007-10-01,252005200000.000000000
2007-11-01,265959100000.000000000
2007-12-01,262919100000.000000000
2008-01-01,266605900000.000030518
2008-02-01,260897500000.000000000
2008-03-01,271823500000.000030518
2008-04-01,272280200000.000000000
2008-05-01,267266500000.000000000
2008-06-01,267091200000.000000000
2008-07-01,275526700000.000000000
2008-08-01,260778800000.000000000
2008-09-01,256875700000.000000000
2008-10-01,287713600000.000000000
2008-11-01,276303500000.000000000
2008-12-01,241203600000.000000000
2009-01-01,244393600000.000000000
2009-02-01,254800000000.000000000
2009-03-01,254695600000.000000000
2009-04-01,234449100000.000000000
2009-05-01,227459900000.000000000
2009-06-01,242466400000.000000000
2009-07-01,243430500000.000000000
2009-08-01,251566600000.000000000
2009-09-01,272043700000.000000000
2009-10-01,279910700000.000000000
2009-11-01,295020000000.000000000
2009-12-01,290805800000.000000000
2010-01-01,290693400000.000000000
2010-02-01,299366900000.000000000
2010-03-01,300410800000.000000000
2010-04-01,305189900000.000000000
2010-05-01,314338900000.000000000
2010-06-01,298850200000.000000000
2010-07-01,312548200000.000000000
2010-08-01,323846900000.000000000
2010-09-01,325133300000.000000000
2010-10-01,320851600000.000000000
2010-11-01,332051600000.000000000
2010-12-01,335538000000.000000000
2011-01-01,352243300000.000000000
2011-02-01,337066200000.000000000
2011-03-01,346121600000.000000000
2011-04-01,331860600000.000000000
2011-05-01,344794200000.000000000
2011-06-01,350215900000.000000000
2011-07-01,344892800000.000000000
2011-08-01,355561900000.000000000
2011-09-01,378546100000.000000000
2011-10-01,390270000000.000000000
2011-11-01,406407400000.000000000
2011-12-01,413172300000.000000000
2012-01-01,415679400000.000000000
2012-02-01,399943900000.000000000
2012-03-01,397872300000.000000000
2012-04-01,407454400000.000000000
2012-05-01,424545200000.000000000
2012-06-01,418092800000.000000000
2012-07-01,408328100000.000000000
2012-08-01,401860800000.000000000
2012-09-01,394068700000.000000000
2012-10-01,393939700000.000000000
2012-11-01,406267600000.000000000
2012-12-01,401401900000.000000000
2013-01-01,392727800000.000000000
2013-02-01,397636400000.000000000
2013-03-01,396117200000.000000000
2013-04-01,386935800000.000000000
2013-05-01,379215900000.000000000
2013-06-01,410354100000.000000000
2013-07-01,409571800000.000000000
2013-08-01,410600300000.000000000
2013-09-01,417708800000.000000000
2013-10-01,414839200000.000000000
2013-11-01,412406300000.000000000
2013-12-01,421011600000.000000000
2014-01-01,410341400000.000000000
2014-02-01,432937000000.000000000
2014-03-01,428965800000.000000000
2014-04-01,436401500000.000000000
2014-05-01,430216300000.000000000
2014-06-01,431361500000.000000000
2014-07-01,430405000000.000000000
2014-08-01,442155300000.000000000
2014-09-01,446203500000.000000000
2014-10-01,453672100000.000000000
2014-11-01,449063400000.000000000
2014-12-01,479894400000.000000000
2015-01-01,468630500000.000000000
2015-02-01,473499600000.000000000
2015-03-01,496329900000.000000000
2015-04-01,487829900000.000000000
2015-05-01,477472800000.000000000
2015-06-01,503393700000.000000000
2015-07-01,514220000000.000000000
2015-08-01,524464200000.000000000
2015-09-01,531408600000.000000000
2015-10-01,533658900000.000000000
2015-11-01,514593900000.000000000
2015-12-01,507937900000.000000000
2016-01-01,557270100000.000000000
2016-02-01,548745700000.000061035
2016-03-01,514905700000.000000000
2016-04-01,526368200000.000000000
2016-05-01,552303000000.000000000
2016-06-01,566039800000.000000000
2016-07-01,581902500000.000000000
2016-08-01,573804700000.000000000
2016-09-01,614116600000.000000000
2016-10-01,603560700000.000000000
2016-11-01,658283000000.000000000
2016-12-01,670260200000.000000000
2017-01-01,702940900000.000000000
2017-02-01,672870400000.000000000
2017-03-01,632469200000.000000000
2017-04-01,624206300000.000000000
2017-05-01,621941200000.000000000
2017-06-01,618474700000.000000000
2017-07-01,603671900000.000000000
2017-08-01,609907400000.000000000
2017-09-01,610568500000.000000000
2017-10-01,656986600000.000000000
2017-11-01,680270600000.000000000
2017-12-01,698579000000.000000000
2018-01-01,674401500000.000000000
2018-02-01,692443100000.000000000
2018-03-01,711880900000.000000000
2018-04-01,680664600000.000000000
2018-05-01,711001300000.000000000
2018-06-01,752539700000.000000000
2018-07-01,710194500000.000000000
2018-08-01,710513500000.000000000
2018-09-01,746177100000.000000000
2018-10-01,732537000000.000000000
2018-11-01,755929900000.000000000
2018-12-01,760309600000.000000000
2019-01-01,719437400000.000000000
2019-02-01,739409300000.000000000
2019-03-01,735459700000.000000000
2019-04-01,740154900000.000000000
2019-05-01,743401600000.000000000
2019-06-01,745833700000.000000000
2019-07-01,733703500000.000000000
2019-08-01,778538400000.000000000
2019-09-01,741920800000.000000000
2019-10-01,724468400000.000000000
2019-11-01,728696100000.000000000
2019-12-01,718874000000.000000000
2020-01-01,726675400000.000000000
2020-02-01,719720000000.000000000
2020-03-01,808826700000.000000000
2020-04-01,541829000000.000000000
2020-05-01,424203900000.000000000
2020-06-01,708749500000.000000000
2020-07-01,777156900000.000000000
2020-08-01,842107800000.000000000
2020-09-01,815370000000.000000000
2020-10-01,852368800000.000000000
2020-11-01,793390600000.000000000
2020-12-01,801867100000.000000000
2021-01-01,802592600000.000000000
2021-02-01,778375500000.000000000
2021-03-01,826762900000.000000000
2021-04-01,795257700000.000000000
2021-05-01,810675700000.000000000
2021-06-01,815841400000.000000000
2021-07-01,819132800000.000000000
2021-08-01,809609300000.000000000
2021-09-01,818493700000.000000000
2021-10-01,847763700000.000000000
2021-11-01,938180400000.000000000
2021-12-01,936764500000.000000000
2022-01-01,859567000000.000000000
2022-02-01,1007994000000.000000000
2022-03-01,972098300000.000000000
2022-04-01,965438100000.000000000
2022-05-01,963580300000.000000000
2022-06-01,978482800000.000000000
2022-07-01,979120700000.000000000
2022-08-01,973517600000.000000000
2022-09-01,1028863000000.000000000
2022-10-01,972151400000.000000000
2022-11-01,935312400000.000000000
2022-12-01,944912800000.000000000
2023-01-01,979640900000.000000000
2023-02-01,889347600000.000000000
2023-03-01,895059900000.000000000
2023-04-01,865566200000.000000000
2023-05-01,869206800000.000000000
2023-06-01,858852500000.000000000
2023-07-01,835591200000.000000000
2023-08-01,845546200000.000000000
2023-09-01,870218300000.000000000
2023-10-01,893367200000.000000000
2023-11-01,847235200000.000000000
2023-12-01,866751000000.000000000
2024-01-01,846202600000.000000000
2024-02-01,889830700000.000000000
2024-03-01,837821200000.000000000
2024-04-01,828264300000.000000000
2024-05-01,865663300000.000000000
2024-06-01,907097900000.000000000
2024-07-01,953959800000.000000000
2024-08-01,972375300000.000000000
2024-09-01,993347400000.000000000
2024-10-01,1042877000000.000000000
2024-11-01,1070471000000.000000000
2024-12-01,1049982000000.000000000
2025-01-01,1077448000000.000000000
2025-02-01,1073010000000.000000000
2025-03-01,1075994000000.000000000
2025-04-01,1057141000000.000000000
2025-05-01,1032599000000.000000000
2025-06-01,1024781000000.000000000
2025-07-01,1014996000000.000000000
2025-08-01,1053923000000.000000000
2025-09-01,1033341000000.000000000
2025-10-01,1114060000000.000000000
2025-11-01,1082196000000.000000000
2025-12-01,1062339000000.000000000
2026-01-01,1040608000000.000000000
2026-02-01,1047821000000.000000000
2026-03-01,1171761000000.000000000
2026-04-01,1210997000000.000000000
2026-05-01,1196714000000.000000000
2026-06-01,1217029000000.000000000
