observation_date,XTEXVA01IDM664S
1990-01-01,3490522000000.0000
1990-02-01,3516832000000.0000
1990-03-01,3703813000000.0000
1990-04-01,3526673000000.0000
1990-05-01,3419381000000.0000
1990-06-01,3387503000000.0000
1990-07-01,3430721000000.0000
1990-08-01,3720258000000.0000
1990-09-01,4740835000000.0000
1990-10-01,4620440000000.0000
1990-11-01,4739666000000.0000
1990-12-01,4705188000000.0000
1991-01-01,4922854000000.0000
1991-02-01,4733576000000.0000
1991-03-01,4313083000000.0000
1991-04-01,4672634000000.0000
1991-05-01,4701693000000.0000
1991-06-01,4855635000000.0000
1991-07-01,4855476000000.0000
1991-08-01,4629694000000.0000
1991-09-01,4789121000000.0000
1991-10-01,4754983000000.0000
1991-11-01,4759542000000.0000
1991-12-01,5020832000000.0000
1992-01-01,4913095000000.0000
1992-02-01,5277118000000.0000
1992-03-01,5413282000000.0000
1992-04-01,5197414000000.0000
1992-05-01,5529147000000.0000
1992-06-01,5573474000000.0000
1992-07-01,5729708000000.0000
1992-08-01,5826737000000.0000
1992-09-01,5787414000000.0000
1992-10-01,6424476000000.0000
1992-11-01,6468662000000.0000
1992-12-01,6318644000000.0000
1993-01-01,6526726000000.0000
1993-02-01,6339058000000.0000
1993-03-01,6237283000000.0000
1993-04-01,6426530000000.0000
1993-05-01,6522972000000.0000
1993-06-01,6259979000000.0000
1993-07-01,6308979000000.0000
1993-08-01,6422056000000.0000
1993-09-01,6453159000000.0000
1993-10-01,6431272000000.0000
1993-11-01,6527542000000.0000
1993-12-01,6424360000000.0000
1994-01-01,6279770000000.0000
1994-02-01,6505019000000.0000
1994-03-01,6740405000000.0000
1994-04-01,7027611000000.0000
1994-05-01,6904067000000.0000
1994-06-01,7411638000000.0000
1994-07-01,7455175000000.0000
1994-08-01,7348812000000.0000
1994-09-01,7395848000000.0000
1994-10-01,7625854000000.0000
1994-11-01,7692978000000.0000
1994-12-01,7727625000000.0000
1995-01-01,7902617000000.0000
1995-02-01,8194188000000.0000
1995-03-01,7932636000000.0000
1995-04-01,8081038000000.0000
1995-05-01,8441468000000.0020
1995-06-01,8368481000000.0000
1995-07-01,8406450000000.0020
1995-08-01,8589067999999.9980
1995-09-01,8818807000000.0000
1995-10-01,8560550999999.9980
1995-11-01,9040608000000.0000
1995-12-01,9546544000000.0000
1996-01-01,8837634000000.0000
1996-02-01,9050113000000.0000
1996-03-01,9552147000000.0000
1996-04-01,9689965000000.0000
1996-05-01,9438615000000.0000
1996-06-01,9730214000000.0000
1996-07-01,9512380000000.0000
1996-08-01,9810687000000.0000
1996-09-01,9914795000000.0000
1996-10-01,9980961000000.0000
1996-11-01,10115820000000.0000
1996-12-01,10226130000000.0000
1997-01-01,10552080000000.0000
1997-02-01,10546020000000.0000
1997-03-01,10084820000000.0000
1997-04-01,10720730000000.0000
1997-05-01,11161920000000.0000
1997-06-01,10595010000000.0000
1997-07-01,11085530000000.0000
1997-08-01,12435280000000.0000
1997-09-01,13567730000000.0000
1997-10-01,15744820000000.0000
1997-11-01,15787200000000.0000
1997-12-01,21835280000000.0000
1998-01-01,42070220000000.0000
1998-02-01,38445970000000.0000
1998-03-01,43211090000000.0000
1998-04-01,32359780000000.0000
1998-05-01,40994260000000.0000
1998-06-01,59275230000000.0000
1998-07-01,61524520000000.0000
1998-08-01,49124570000000.0000
1998-09-01,44103340000000.0000
1998-10-01,33836000000000.0000
1998-11-01,31394170000000.0000
1998-12-01,30058760000000.0000
1999-01-01,27513670000000.0000
1999-02-01,30365210000000.0000
1999-03-01,33547610000000.0000
1999-04-01,34227270000000.0000
1999-05-01,32563100000000.0000
1999-06-01,25247280000000.0000
1999-07-01,27870670000000.0000
1999-08-01,32706950000000.0000
1999-09-01,36601140000000.0000
1999-10-01,34424010000000.0039
1999-11-01,31885130000000.0000
1999-12-01,32168370000000.0000
2000-01-01,34492540000000.0000
2000-02-01,37394260000000.0000
2000-03-01,36391310000000.0000
2000-04-01,40033910000000.0000
2000-05-01,41162200000000.0000
2000-06-01,44799130000000.0000
2000-07-01,48309840000000.0000
2000-08-01,44000380000000.0000
2000-09-01,47517700000000.0000
2000-10-01,47473270000000.0000
2000-11-01,49485240000000.0000
2000-12-01,49445270000000.0000
2001-01-01,48726840000000.0000
2001-02-01,48463930000000.0000
2001-03-01,52071350000000.0000
2001-04-01,54424020000000.0000
2001-05-01,54360530000000.0000
2001-06-01,53353920000000.0000
2001-07-01,51441800000000.0000
2001-08-01,43026680000000.0000
2001-09-01,40955720000000.0000
2001-10-01,44346550000000.0000
2001-11-01,45023620000000.0000
2001-12-01,44753640000000.0000
2002-01-01,45803000000000.0000
2002-02-01,45827410000000.0000
2002-03-01,44815840000000.0000
2002-04-01,44842520000000.0000
2002-05-01,42399750000000.0000
2002-06-01,42523880000000.0000
2002-07-01,42857270000000.0000
2002-08-01,42173880000000.0000
2002-09-01,45243420000000.0000
2002-10-01,46542740000000.0000
2002-11-01,43018280000000.0000
2002-12-01,43327680000000.0000
2003-01-01,45844360000000.0000
2003-02-01,46162180000000.0000
2003-03-01,45851070000000.0000
2003-04-01,44648910000000.0000
2003-05-01,41950520000000.0000
2003-06-01,42093390000000.0000
2003-07-01,42690780000000.0000
2003-08-01,42590670000000.0000
2003-09-01,41516640000000.0000
2003-10-01,41163230000000.0000
2003-11-01,44226410000000.0000
2003-12-01,43882760000000.0000
2004-01-01,44610040000000.0000
2004-02-01,44760850000000.0000
2004-03-01,44249910000000.0000
2004-04-01,47320660000000.0000
2004-05-01,51375160000000.0000
2004-06-01,54984890000000.0000
2004-07-01,52884250000000.0000
2004-08-01,56574500000000.0000
2004-09-01,61472210000000.0000
2004-10-01,61840820000000.0000
2004-11-01,56896020000000.0000
2004-12-01,59150460000000.0000
2005-01-01,60457430000000.0000
2005-02-01,62962910000000.0000
2005-03-01,67628170000000.0000
2005-04-01,67372770000000.0078
2005-05-01,67013130000000.0078
2005-06-01,67146509999999.9922
2005-07-01,70244610000000.0000
2005-08-01,71050660000000.0000
2005-09-01,74587300000000.0000
2005-10-01,76120640000000.0000
2005-11-01,72140030000000.0000
2005-12-01,75803330000000.0000
2006-01-01,75814660000000.0000
2006-02-01,73126840000000.0000
2006-03-01,69257720000000.0000
2006-04-01,71786490000000.0000
2006-05-01,73753520000000.0000
2006-06-01,78219610000000.0000
2006-07-01,78409550000000.0000
2006-08-01,78488890000000.0000
2006-09-01,79403850000000.0000
2006-10-01,77507880000000.0000
2006-11-01,82327500000000.0000
2006-12-01,82945740000000.0000
2007-01-01,78728260000000.0000
2007-02-01,80294220000000.0000
2007-03-01,83559830000000.0000
2007-04-01,85000160000000.0000
2007-05-01,83156180000000.0000
2007-06-01,85367820000000.0000
2007-07-01,88749310000000.0000
2007-08-01,89507480000000.0000
2007-09-01,91674670000000.0000
2007-10-01,92205980000000.0000
2007-11-01,93858770000000.0000
2007-12-01,98307520000000.0000
2008-01-01,107763000000000.0000
2008-02-01,104514900000000.0000
2008-03-01,106347300000000.0000
2008-04-01,103975700000000.0000
2008-05-01,112989700000000.0000
2008-06-01,115660600000000.0000
2008-07-01,110987100000000.0000
2008-08-01,112168100000000.0000
2008-09-01,116436800000000.0000
2008-10-01,100642900000000.0000
2008-11-01,117868500000000.0000
2008-12-01,93196630000000.0000
2009-01-01,87654480000000.0000
2009-02-01,94682150000000.0000
2009-03-01,101545600000000.0000
2009-04-01,98287270000000.0000
2009-05-01,94605870000000.0000
2009-06-01,95176590000000.0000
2009-07-01,97766180000000.0000
2009-08-01,101515200000000.0000
2009-09-01,100370700000000.0000
2009-10-01,105800500000000.0000
2009-11-01,101736300000000.0000
2009-12-01,110839000000000.0000
2010-01-01,111558000000000.0000
2010-02-01,111720100000000.0000
2010-03-01,112801800000000.0000
2010-04-01,112158800000000.0000
2010-05-01,115459300000000.0000
2010-06-01,115017900000000.0000
2010-07-01,117494300000000.0000
2010-08-01,121745100000000.0000
2010-09-01,116869400000000.0000
2010-10-01,125807200000000.0000
2010-11-01,137266000000000.0000
2010-12-01,139625000000000.0000
2011-01-01,139384100000000.0000
2011-02-01,138738200000000.0156
2011-03-01,139453799999999.9844
2011-04-01,145160300000000.0000
2011-05-01,149004100000000.0000
2011-06-01,151673400000000.0000
2011-07-01,146951900000000.0000
2011-08-01,152483800000000.0000
2011-09-01,152739700000000.0000
2011-10-01,150242200000000.0000
2011-11-01,152702100000000.0000
2011-12-01,150957000000000.0000
2012-01-01,149437300000000.0000
2012-02-01,150105600000000.0000
2012-03-01,154135900000000.0000
2012-04-01,151647200000000.0000
2012-05-01,148387400000000.0000
2012-06-01,148009300000000.0000
2012-07-01,150238500000000.0000
2012-08-01,140312600000000.0000
2012-09-01,151392900000000.0000
2012-10-01,145923600000000.0000
2012-11-01,150263000000000.0000
2012-12-01,144106200000000.0000
2013-01-01,151258000000000.0000
2013-02-01,150920900000000.0000
2013-03-01,143981500000000.0000
2013-04-01,146772900000000.0000
2013-05-01,151158600000000.0000
2013-06-01,149699400000000.0000
2013-07-01,151968900000000.0000
2013-08-01,148321000000000.0000
2013-09-01,167270300000000.0000
2013-10-01,172225600000000.0000
2013-11-01,180430500000000.0000
2013-12-01,190242600000000.0000
2014-01-01,180793700000000.0000
2014-02-01,182626000000000.0000
2014-03-01,172975000000000.0000
2014-04-01,168406100000000.0000
2014-05-01,170284100000000.0000
2014-06-01,180487000000000.0000
2014-07-01,168283600000000.0000
2014-08-01,170851300000000.0000
2014-09-01,176300700000000.0000
2014-10-01,176303800000000.0000
2014-11-01,168297000000000.0000
2014-12-01,172078000000000.0000
2015-01-01,176114200000000.0000
2015-02-01,166540500000000.0000
2015-03-01,173954800000000.0000
2015-04-01,172074700000000.0000
2015-05-01,168748500000000.0000
2015-06-01,171034700000000.0000
2015-07-01,157857400000000.0000
2015-08-01,170981800000000.0000
2015-09-01,177346600000000.0000
2015-10-01,162572400000000.0000
2015-11-01,156949800000000.0000
2015-12-01,159464000000000.0000
2016-01-01,157908800000000.0000
2016-02-01,162593300000000.0000
2016-03-01,153298000000000.0000
2016-04-01,154865000000000.0000
2016-05-01,155964100000000.0000
2016-06-01,170707000000000.0000
2016-07-01,128992400000000.0000
2016-08-01,160563600000000.0000
2016-09-01,162490100000000.0000
2016-10-01,163407600000000.0000
2016-11-01,175146200000000.0000
2016-12-01,177990400000000.0000
2017-01-01,182366900000000.0000
2017-02-01,177401100000000.0000
2017-03-01,185289000000000.0000
2017-04-01,186155500000000.0000
2017-05-01,186744200000000.0000
2017-06-01,170314800000000.0000
2017-07-01,184463400000000.0000
2017-08-01,195388700000000.0000
2017-09-01,192637700000000.0000
2017-10-01,197529800000000.0000
2017-11-01,201282200000000.0000
2017-12-01,197856800000000.0000
2018-01-01,199287200000000.0000
2018-02-01,205443200000000.0000
2018-03-01,205533800000000.0000
2018-04-01,209327500000000.0000
2018-05-01,215714900000000.0000
2018-06-01,202288200000000.0000
2018-07-01,223156000000000.0000
2018-08-01,219518500000000.0000
2018-09-01,220152100000000.0000
2018-10-01,226357400000000.0000
2018-11-01,214119400000000.0000
2018-12-01,206174700000000.0000
2019-01-01,205082300000000.0000
2019-02-01,194107800000000.0000
2019-03-01,201989800000000.0000
2019-04-01,198778200000000.0000
2019-05-01,205179400000000.0000
2019-06-01,189752300000000.0000
2019-07-01,201503300000000.0000
2019-08-01,199086300000000.0000
2019-09-01,195158800000000.0000
2019-10-01,196805800000000.0000
2019-11-01,192339300000000.0000
2019-12-01,190004900000000.0000
2020-01-01,188494300000000.0000
2020-02-01,198964800000000.0000
2020-03-01,205662600000000.0000
2020-04-01,204403100000000.0000
2020-05-01,161704400000000.0000
2020-06-01,187426300000000.0000
2020-07-01,198311600000000.0000
2020-08-01,197658200000000.0000
2020-09-01,208337900000000.0000
2020-10-01,208360200000000.0000
2020-11-01,213243800000000.0000
2020-12-01,221797400000000.0000
2021-01-01,226920500000000.0000
2021-02-01,225664500000000.0000
2021-03-01,248125700000000.0000
2021-04-01,264735600000000.0000
2021-05-01,249182900000000.0000
2021-06-01,269046100000000.0000
2021-07-01,281350900000000.0312
2021-08-01,294873700000000.0000
2021-09-01,293246200000000.0000
2021-10-01,307087400000000.0000
2021-11-01,322512500000000.0000
2021-12-01,316827600000000.0000
2022-01-01,308887300000000.0000
2022-02-01,325651000000000.0000
2022-03-01,357887500000000.0000
2022-04-01,381749400000000.0000
2022-05-01,303012600000000.0000
2022-06-01,372023700000000.0000
2022-07-01,376608800000000.0000
2022-08-01,381871800000000.0000
2022-09-01,368491600000000.0000
2022-10-01,371640100000000.0000
2022-11-01,371520000000000.0000
2022-12-01,363382700000000.0000
2023-01-01,363734800000000.0000
2023-02-01,352969200000000.0000
2023-03-01,342059600000000.0000
2023-04-01,311477200000000.0000
2023-05-01,318673300000000.0000
2023-06-01,317902800000000.0000
2023-07-01,318374000000000.0000
2023-08-01,320107900000000.0000
2023-09-01,321660900000000.0000
2023-10-01,332432600000000.0000
2023-11-01,332499900000000.0000
2023-12-01,334697800000000.0000
2024-01-01,331100800000000.0000
2024-02-01,325648400000000.0000
2024-03-01,343704500000000.0000
2024-04-01,342443900000000.0000
2024-05-01,349413500000000.0000
2024-06-01,354401600000000.0000
2024-07-01,356425600000000.0000
2024-08-01,354086800000000.0000
2024-09-01,338104900000000.0000
2024-10-01,357227000000000.0000
2024-11-01,372206800000000.0000
2024-12-01,358673100000000.0000
2025-01-01,367001500000000.0000
2025-02-01,384992100000000.0000
2025-03-01,378867800000000.0000
2025-04-01,376577100000000.0000
2025-05-01,393257000000000.0000
2025-06-01,388470300000000.0000
2025-07-01,388626200000000.0000
2025-08-01,392933400000000.0000
2025-09-01,401104600000000.0000
2025-10-01,388977300000000.0000
2025-11-01,388774700000000.0000
2025-12-01,415083900000000.0000
2026-01-01,398084000000000.0000
2026-02-01,394733100000000.0000
2026-03-01,373696000000000.0000
2026-04-01,456979500000000.0000
2026-05-01,402671700000000.0000
2026-06-01,458138100000000.0000
