observation_date,XTEXVA01CAM664S
1955-01-01,340401600.00000000
1955-02-01,357351000.00000000
1955-03-01,365721700.00000000
1955-04-01,370697900.00000000
1955-05-01,353335500.00000000
1955-06-01,362335500.00000000
1955-07-01,339507900.00000000
1955-08-01,360675800.00000000
1955-09-01,374238700.00000000
1955-10-01,359496300.00000000
1955-11-01,369518000.00000000
1955-12-01,364281000.00000000
1956-01-01,390643700.00000000
1956-02-01,403339600.00000000
1956-03-01,354358500.00000000
1956-04-01,414912100.00000000
1956-05-01,402891800.00000000
1956-06-01,419661200.00000000
1956-07-01,418094700.00000000
1956-08-01,401154400.00000000
1956-09-01,412973900.00000000
1956-10-01,408499100.00000000
1956-11-01,398770200.00000000
1956-12-01,398493900.00000000
1957-01-01,420694300.00000000
1957-02-01,415249500.00000000
1957-03-01,401429300.00000000
1957-04-01,389568500.00000000
1957-05-01,410856500.00000000
1957-06-01,391790600.00000000
1957-07-01,422677900.00000000
1957-08-01,420832500.00000000
1957-09-01,414602000.00000000
1957-10-01,361117100.00000000
1957-11-01,415955200.00000000
1957-12-01,424851700.00000000
1958-01-01,405190400.00000000
1958-02-01,394445200.00000000
1958-03-01,408880500.00000000
1958-04-01,399088700.00000000
1958-05-01,456068300.00000000
1958-06-01,414749000.00000000
1958-07-01,395816700.00000000
1958-08-01,415182700.00000000
1958-09-01,382732400.00000000
1958-10-01,408343900.00000000
1958-11-01,396661700.00000000
1958-12-01,415379300.00000000
1959-01-01,374035500.00000000
1959-02-01,398101500.00000000
1959-03-01,406469300.00000000
1959-04-01,431135400.00000000
1959-05-01,414601500.00000000
1959-06-01,492545600.00000000
1959-07-01,404305200.00000000
1959-08-01,408414300.00000000
1959-09-01,444694800.00000000
1959-10-01,431564800.00000000
1959-11-01,468915100.00000000
1959-12-01,453240600.00000000
1960-01-01,460771400.00000000
1960-02-01,510115700.00000000
1960-03-01,460924400.00000000
1960-04-01,408277200.00000000
1960-05-01,443099800.00000000
1960-06-01,437954400.00000000
1960-07-01,458616600.00000000
1960-08-01,458575900.00000000
1960-09-01,438628000.00000000
1960-10-01,453771900.00000000
1960-11-01,438420100.00000000
1960-12-01,431467600.00000000
1961-01-01,479738200.00000000
1961-02-01,458932800.00000000
1961-03-01,466273000.00000000
1961-04-01,509901600.00000000
1961-05-01,406285500.00000000
1961-06-01,487194200.00000000
1961-07-01,515449400.00000000
1961-08-01,503326700.00000000
1961-09-01,537054700.00000000
1961-10-01,514938100.00000000
1961-11-01,498750100.00000000
1961-12-01,540655400.00000000
1962-01-01,514383300.00000000
1962-02-01,525157500.00000006
1962-03-01,513766800.00000000
1962-04-01,503780500.00000000
1962-05-01,536621900.00000000
1962-06-01,535997100.00000000
1962-07-01,525457100.00000000
1962-08-01,544265600.00000000
1962-09-01,505813900.00000006
1962-10-01,564903100.00000000
1962-11-01,552606200.00000000
1962-12-01,511895400.00000000
1963-01-01,561886000.00000000
1963-02-01,541786400.00000000
1963-03-01,559324100.00000000
1963-04-01,559925500.00000000
1963-05-01,580240900.00000000
1963-06-01,554976700.00000000
1963-07-01,555549700.00000000
1963-08-01,567877700.00000000
1963-09-01,600607900.00000000
1963-10-01,592429200.00000000
1963-11-01,651257500.00000000
1963-12-01,641925200.00000000
1964-01-01,660985800.00000000
1964-02-01,663907200.00000000
1964-03-01,636532400.00000000
1964-04-01,703092800.00000000
1964-05-01,628117600.00000000
1964-06-01,752206900.00000000
1964-07-01,726659400.00000000
1964-08-01,729207700.00000000
1964-09-01,729521200.00000000
1964-10-01,668645100.00000000
1964-11-01,677102600.00000000
1964-12-01,702558400.00000000
1965-01-01,651097400.00000000
1965-02-01,667401400.00000000
1965-03-01,725361700.00000000
1965-04-01,688529300.00000000
1965-05-01,698684900.00000000
1965-06-01,698161800.00000000
1965-07-01,755549900.00000000
1965-08-01,731923600.00000000
1965-09-01,705611400.00000000
1965-10-01,794893000.00000000
1965-11-01,851052200.00000000
1965-12-01,786604500.00000000
1966-01-01,822241100.00000000
1966-02-01,809195600.00000000
1966-03-01,810289400.00000000
1966-04-01,816093900.00000000
1966-05-01,829803600.00000000
1966-06-01,820391800.00000000
1966-07-01,848272700.00000000
1966-08-01,984199500.00000000
1966-09-01,894880700.00000000
1966-10-01,899895300.00000000
1966-11-01,915549800.00000000
1966-12-01,923990400.00000000
1967-01-01,1027151000.00000000
1967-02-01,945139500.00000000
1967-03-01,856224300.00000000
1967-04-01,956771500.00000000
1967-05-01,935879100.00000000
1967-06-01,975283300.00000000
1967-07-01,966934900.00000000
1967-08-01,963020700.00000000
1967-09-01,876081000.00000000
1967-10-01,942811800.00000000
1967-11-01,984185100.00000000
1967-12-01,1029181000.00000000
1968-01-01,1023008000.00000000
1968-02-01,1091457000.00000000
1968-03-01,1093326000.00000000
1968-04-01,1107714000.00000000
1968-05-01,1118773000.00000000
1968-06-01,1114032000.00000000
1968-07-01,1098563000.00000000
1968-08-01,1148139000.00000000
1968-09-01,1198838000.00000000
1968-10-01,1222579000.00000000
1968-11-01,1195171000.00000000
1968-12-01,1219294000.00000000
1969-01-01,1202075000.00000000
1969-02-01,1222801000.00000000
1969-03-01,1245740000.00000000
1969-04-01,1189311000.00000000
1969-05-01,1221725000.00000000
1969-06-01,1221562000.00000000
1969-07-01,1188157000.00000000
1969-08-01,1194151000.00000000
1969-09-01,1288313000.00000000
1969-10-01,1272842000.00000000
1969-11-01,1256897000.00000000
1969-12-01,1365166000.00000000
1970-01-01,1456258000.00000000
1970-02-01,1378665000.00000000
1970-03-01,1345225000.00000000
1970-04-01,1444331000.00000000
1970-05-01,1384166000.00000000
1970-06-01,1376685000.00000000
1970-07-01,1465138000.00000000
1970-08-01,1398721000.00000000
1970-09-01,1395059000.00000000
1970-10-01,1388023000.00000000
1970-11-01,1446417000.00000000
1970-12-01,1346309000.00000000
1971-01-01,1438747000.00000000
1971-02-01,1382017000.00000000
1971-03-01,1508615000.00000000
1971-04-01,1414439000.00000000
1971-05-01,1425820000.00000000
1971-06-01,1487645000.00000000
1971-07-01,1474965000.00000000
1971-08-01,1608808000.00000000
1971-09-01,1533209000.00000000
1971-10-01,1505022000.00000000
1971-11-01,1491995000.00000000
1971-12-01,1566412000.00000000
1972-01-01,1500640000.00000000
1972-02-01,1588757000.00000000
1972-03-01,1558279000.00000000
1972-04-01,1603745000.00000000
1972-05-01,1681399000.00000000
1972-06-01,1697050000.00000000
1972-07-01,1527642000.00000000
1972-08-01,1687168000.00000000
1972-09-01,1665811000.00000000
1972-10-01,1852515000.00000000
1972-11-01,1872423000.00000000
1972-12-01,1871926000.00000000
1973-01-01,1947628000.00000000
1973-02-01,1965240000.00000000
1973-03-01,2016225000.00000000
1973-04-01,2093682000.00000000
1973-05-01,2045749000.00000000
1973-06-01,2050896000.00000000
1973-07-01,2155314000.00000000
1973-08-01,2025162000.00000000
1973-09-01,2110719000.00000000
1973-10-01,2265537000.00000000
1973-11-01,2383503000.00000000
1973-12-01,2311865000.00000000
1974-01-01,2410198000.00000000
1974-02-01,2433820000.00000000
1974-03-01,2629201000.00000000
1974-04-01,2559757000.00000000
1974-05-01,2737046000.00000000
1974-06-01,2535750000.00000000
1974-07-01,2780926000.00000000
1974-08-01,2921169000.00000000
1974-09-01,2896928000.00000000
1974-10-01,2871881000.00000000
1974-11-01,2875390000.00000000
1974-12-01,2803905000.00000000
1975-01-01,2806552000.00000000
1975-02-01,2720381000.00000000
1975-03-01,2608609000.00000000
1975-04-01,2667942000.00000000
1975-05-01,2743792000.00000000
1975-06-01,2822246000.00000000
1975-07-01,2731654000.00000000
1975-08-01,2656302000.00000000
1975-09-01,2870446000.00000000
1975-10-01,2838635000.00000000
1975-11-01,2898531000.00000000
1975-12-01,2966919000.00000000
1976-01-01,3023586000.00000000
1976-02-01,3100291000.00000000
1976-03-01,2936207000.00000000
1976-04-01,3137604000.00000000
1976-05-01,3131649000.00000000
1976-06-01,3280352000.00000000
1976-07-01,3240176000.00000000
1976-08-01,3408188000.00000000
1976-09-01,3322006000.00000000
1976-10-01,3188795000.00000000
1976-11-01,3219402000.00000000
1976-12-01,3410768000.00000000
1977-01-01,3378305000.00000000
1977-02-01,3452334000.00000000
1977-03-01,3769772000.00000000
1977-04-01,3668188000.00000000
1977-05-01,3632412000.00000000
1977-06-01,3721835000.00000000
1977-07-01,3882065000.00000000
1977-08-01,3812853000.00000000
1977-09-01,3585143000.00000000
1977-10-01,4044888000.00000095
1977-11-01,3497923000.00000000
1977-12-01,4246362000.00000095
1978-01-01,3645421000.00000000
1978-02-01,4325461000.00000000
1978-03-01,3900401000.00000000
1978-04-01,4954584000.00000000
1978-05-01,4262597000.00000095
1978-06-01,4247031000.00000000
1978-07-01,4293680000.00000000
1978-08-01,4282959000.00000000
1978-09-01,4882819000.00000000
1978-10-01,4601947000.00000000
1978-11-01,5011508000.00000000
1978-12-01,4904212000.00000000
1979-01-01,5114227000.00000000
1979-02-01,4819471000.00000000
1979-03-01,5268358000.00000000
1979-04-01,5022658000.00000000
1979-05-01,5293837000.00000000
1979-06-01,5116514000.00000000
1979-07-01,5411699000.00000000
1979-08-01,5965814000.00000000
1979-09-01,6016533000.00000000
1979-10-01,5864743000.00000000
1979-11-01,5704427000.00000000
1979-12-01,6070799000.00000000
1980-01-01,5992021000.00000000
1980-02-01,6271513000.00000000
1980-03-01,6420099000.00000000
1980-04-01,6290030000.00000000
1980-05-01,5699454000.00000000
1980-06-01,6183544000.00000000
1980-07-01,6282746000.00000000
1980-08-01,6375064000.00000000
1980-09-01,6248153000.00000000
1980-10-01,6750460000.00000000
1980-11-01,6800193000.00000000
1980-12-01,6622532000.00000000
1981-01-01,6986196000.00000000
1981-02-01,6724043000.00000000
1981-03-01,6724047000.00000000
1981-04-01,6951437000.00000000
1981-05-01,7042022000.00000000
1981-06-01,7349638000.00000000
1981-07-01,7036697000.00000000
1981-08-01,6811256000.00000000
1981-09-01,6856949000.00000000
1981-10-01,6931593000.00000000
1981-11-01,7314715000.00000000
1981-12-01,6982805000.00000000
1982-01-01,6485800000.00000000
1982-02-01,7192078000.00000000
1982-03-01,7162609000.00000000
1982-04-01,7073987000.00000000
1982-05-01,7158309000.00000000
1982-06-01,7242321000.00000000
1982-07-01,7330736000.00000000
1982-08-01,7173531000.00000000
1982-09-01,7573025000.00000000
1982-10-01,6544796000.00000000
1982-11-01,6548558000.00000000
1982-12-01,7065577000.00000000
1983-01-01,6877930000.00000000
1983-02-01,7248889000.00000000
1983-03-01,7013859000.00000000
1983-04-01,7459692000.00000000
1983-05-01,7393198000.00000000
1983-06-01,7516475000.00000000
1983-07-01,7397072000.00000000
1983-08-01,7619424000.00000000
1983-09-01,7624495000.00000000
1983-10-01,7999741000.00000000
1983-11-01,8195869999.99999809
1983-12-01,8391002000.00000000
1984-01-01,8732905000.00000000
1984-02-01,8517716999.99999809
1984-03-01,9000054000.00000000
1984-04-01,9007840000.00000000
1984-05-01,9349444000.00000000
1984-06-01,9432842000.00000000
1984-07-01,9851110000.00000000
1984-08-01,9748974000.00000000
1984-09-01,9845924000.00000000
1984-10-01,9466848000.00000000
1984-11-01,9614126000.00000000
1984-12-01,9592711000.00000000
1985-01-01,9422258000.00000000
1985-02-01,9656028000.00000000
1985-03-01,10442690000.00000000
1985-04-01,9988364000.00000000
1985-05-01,9922427000.00000000
1985-06-01,9977419000.00000000
1985-07-01,8897397000.00000000
1985-08-01,9989168000.00000000
1985-09-01,10392080000.00000000
1985-10-01,10335090000.00000000
1985-11-01,10122840000.00000000
1985-12-01,10210020000.00000000
1986-01-01,10548600000.00000000
1986-02-01,9786100000.00000000
1986-03-01,9436500000.00000000
1986-04-01,10225100000.00000000
1986-05-01,9780100000.00000000
1986-06-01,9750000000.00000000
1986-07-01,10510900000.00000000
1986-08-01,9596000000.00000000
1986-09-01,10208000000.00000000
1986-10-01,10423600000.00000000
1986-11-01,10250900000.00000000
1986-12-01,10154000000.00000000
1987-01-01,9655800000.00000000
1987-02-01,10353300000.00000000
1987-03-01,10166100000.00000000
1987-04-01,9989400000.00000000
1987-05-01,10225000000.00000000
1987-06-01,10036300000.00000000
1987-07-01,10680200000.00000000
1987-08-01,10193800000.00000000
1987-09-01,10488800000.00000000
1987-10-01,10754700000.00000000
1987-11-01,11121000000.00000000
1987-12-01,11422200000.00000000
1988-01-01,11232400000.00000000
1988-02-01,11497800000.00000000
1988-03-01,11673500000.00000000
1988-04-01,11432000000.00000000
1988-05-01,11523700000.00000000
1988-06-01,12000900000.00000000
1988-07-01,11197000000.00000000
1988-08-01,11219000000.00000000
1988-09-01,11559200000.00000000
1988-10-01,11542000000.00000000
1988-11-01,11894100000.00000000
1988-12-01,11726900000.00000000
1989-01-01,12163300000.00000000
1989-02-01,11812700000.00000000
1989-03-01,11294200000.00000000
1989-04-01,11513000000.00000000
1989-05-01,11663200000.00000000
1989-06-01,11212600000.00000000
1989-07-01,11387900000.00000000
1989-08-01,11119200000.00000000
1989-09-01,11578100000.00000000
1989-10-01,11430800000.00000000
1989-11-01,11871100000.00000000
1989-12-01,11655300000.00000000
1990-01-01,11880000000.00000000
1990-02-01,12103500000.00000000
1990-03-01,12478700000.00000000
1990-04-01,12295200000.00000000
1990-05-01,12921700000.00000000
1990-06-01,12398000000.00000000
1990-07-01,12936300000.00000000
1990-08-01,12114700000.00000000
1990-09-01,12422500000.00000000
1990-10-01,13014500000.00000000
1990-11-01,12298000000.00000000
1990-12-01,12116200000.00000000
1991-01-01,12047300000.00000000
1991-02-01,11882300000.00000000
1991-03-01,11638600000.00000000
1991-04-01,12232900000.00000000
1991-05-01,12330200000.00000000
1991-06-01,12007400000.00000000
1991-07-01,12819200000.00000000
1991-08-01,12509600000.00000000
1991-09-01,11935700000.00000000
1991-10-01,12238300000.00000000
1991-11-01,12073800000.00000000
1991-12-01,12291100000.00000000
1992-01-01,12498200000.00000000
1992-02-01,12911000000.00000000
1992-03-01,13018700000.00000000
1992-04-01,13341400000.00000000
1992-05-01,13641100000.00000000
1992-06-01,13150000000.00000000
1992-07-01,13771900000.00000000
1992-08-01,13528200000.00000000
1992-09-01,13903200000.00000000
1992-10-01,14372800000.00000000
1992-11-01,14223100000.00000000
1992-12-01,14467700000.00000000
1993-01-01,14783900000.00000000
1993-02-01,14610100000.00000000
1993-03-01,15028400000.00000000
1993-04-01,15250400000.00000000
1993-05-01,15671400000.00000000
1993-06-01,15757400000.00000000
1993-07-01,15579200000.00000000
1993-08-01,15453800000.00000000
1993-09-01,16126700000.00000000
1993-10-01,16637600000.00000000
1993-11-01,16494300000.00000000
1993-12-01,16122399999.99999809
1994-01-01,15855300000.00000000
1994-02-01,16099499999.99999809
1994-03-01,17586200000.00000000
1994-04-01,17788700000.00000000
1994-05-01,17828300000.00000000
1994-06-01,19296200000.00000000
1994-07-01,19587500000.00000000
1994-08-01,19451900000.00000000
1994-09-01,19471400000.00000000
1994-10-01,20152300000.00000000
1994-11-01,20955800000.00000000
1994-12-01,21606100000.00000000
1995-01-01,22474900000.00000000
1995-02-01,21784300000.00000000
1995-03-01,21287600000.00000000
1995-04-01,21616200000.00000000
1995-05-01,21551000000.00000000
1995-06-01,22012100000.00000000
1995-07-01,20333700000.00000000
1995-08-01,22087200000.00000000
1995-09-01,22107300000.00000000
1995-10-01,22045000000.00000000
1995-11-01,22228900000.00000000
1995-12-01,22738900000.00000000
1996-01-01,22158700000.00000000
1996-02-01,22290700000.00000000
1996-03-01,22002500000.00000000
1996-04-01,22954400000.00000000
1996-05-01,23219000000.00000000
1996-06-01,23338400000.00000000
1996-07-01,23508700000.00000000
1996-08-01,23489200000.00000000
1996-09-01,23837200000.00000000
1996-10-01,22226400000.00000000
1996-11-01,23459000000.00000000
1996-12-01,23335300000.00000000
1997-01-01,24494600000.00000000
1997-02-01,24226400000.00000000
1997-03-01,24415200000.00000000
1997-04-01,24404300000.00000000
1997-05-01,24755600000.00000000
1997-06-01,24188800000.00000000
1997-07-01,25314800000.00000000
1997-08-01,24688000000.00000000
1997-09-01,25072400000.00000000
1997-10-01,24706100000.00000000
1997-11-01,25500600000.00000000
1997-12-01,26302500000.00000000
1998-01-01,25165200000.00000000
1998-02-01,26004600000.00000000
1998-03-01,25544900000.00000000
1998-04-01,26341500000.00000000
1998-05-01,26122200000.00000000
1998-06-01,25494100000.00000000
1998-07-01,25579600000.00000000
1998-08-01,26753600000.00000000
1998-09-01,27335300000.00000000
1998-10-01,27989400000.00000000
1998-11-01,27889900000.00000000
1998-12-01,28195000000.00000000
1999-01-01,28452000000.00000000
1999-02-01,28619900000.00000000
1999-03-01,28326900000.00000000
1999-04-01,28248700000.00000000
1999-05-01,28357600000.00000000
1999-06-01,29116900000.00000000
1999-07-01,29938500000.00000000
1999-08-01,30426700000.00000000
1999-09-01,30175900000.00000000
1999-10-01,30638700000.00000000
1999-11-01,31459800000.00000000
1999-12-01,31659300000.00000000
2000-01-01,32909600000.00000000
2000-02-01,32204500000.00000381
2000-03-01,33492500000.00000000
2000-04-01,32994600000.00000000
2000-05-01,34479700000.00000000
2000-06-01,35210600000.00000000
2000-07-01,34580400000.00000000
2000-08-01,34412400000.00000000
2000-09-01,34904600000.00000000
2000-10-01,35820000000.00000000
2000-11-01,35582600000.00000000
2000-12-01,36623800000.00000000
2001-01-01,37968800000.00000000
2001-02-01,34783000000.00000000
2001-03-01,35480900000.00000000
2001-04-01,35432100000.00000000
2001-05-01,34964200000.00000000
2001-06-01,33906800000.00000000
2001-07-01,32839300000.00000000
2001-08-01,32132200000.00000000
2001-09-01,31501200000.00000000
2001-10-01,31206600000.00000000
2001-11-01,32694200000.00000381
2001-12-01,31176400000.00000000
2002-01-01,31725500000.00000000
2002-02-01,32806900000.00000000
2002-03-01,32168300000.00000381
2002-04-01,33157200000.00000381
2002-05-01,33231800000.00000000
2002-06-01,31966700000.00000000
2002-07-01,32985200000.00000000
2002-08-01,33523600000.00000000
2002-09-01,33847900000.00000381
2002-10-01,34119800000.00000000
2002-11-01,33796900000.00000000
2002-12-01,33052000000.00000000
2003-01-01,33454500000.00000381
2003-02-01,33105800000.00000381
2003-03-01,34229000000.00000000
2003-04-01,31862200000.00000000
2003-05-01,31091900000.00000000
2003-06-01,30073300000.00000000
2003-07-01,31298200000.00000000
2003-08-01,30354800000.00000000
2003-09-01,32062000000.00000000
2003-10-01,31091700000.00000000
2003-11-01,31077800000.00000000
2003-12-01,31471100000.00000000
2004-01-01,30634300000.00000000
2004-02-01,32910700000.00000000
2004-03-01,33846600000.00000381
2004-04-01,34668200000.00000000
2004-05-01,35655100000.00000000
2004-06-01,37245200000.00000000
2004-07-01,35904000000.00000000
2004-08-01,35715700000.00000000
2004-09-01,34079500000.00000381
2004-10-01,33994900000.00000000
2004-11-01,33761500000.00000000
2004-12-01,33874300000.00000000
2005-01-01,34390600000.00000000
2005-02-01,34852700000.00000000
2005-03-01,34301300000.00000000
2005-04-01,35053100000.00000000
2005-05-01,35978400000.00000000
2005-06-01,35412000000.00000000
2005-07-01,35422400000.00000000
2005-08-01,36765200000.00000000
2005-09-01,37898600000.00000000
2005-10-01,39289800000.00000000
2005-11-01,37831700000.00000000
2005-12-01,39154800000.00000000
2006-01-01,38034700000.00000000
2006-02-01,36555200000.00000000
2006-03-01,36335500000.00000000
2006-04-01,36011200000.00000000
2006-05-01,36121400000.00000000
2006-06-01,36584300000.00000000
2006-07-01,36463400000.00000000
2006-08-01,36591800000.00000000
2006-09-01,36450500000.00000000
2006-10-01,35680200000.00000000
2006-11-01,36797300000.00000000
2006-12-01,38739600000.00000000
2007-01-01,38676800000.00000000
2007-02-01,38094100000.00000000
2007-03-01,39673300000.00000000
2007-04-01,39460000000.00000000
2007-05-01,38587700000.00000000
2007-06-01,38441200000.00000000
2007-07-01,37161900000.00000000
2007-08-01,36989900000.00000000
2007-09-01,36104600000.00000000
2007-10-01,35392600000.00000000
2007-11-01,36371800000.00000000
2007-12-01,35366800000.00000000
2008-01-01,36791000000.00000000
2008-02-01,38288400000.00000000
2008-03-01,38869700000.00000000
2008-04-01,40390000000.00000000
2008-05-01,41647900000.00000000
2008-06-01,42187000000.00000000
2008-07-01,44955100000.00000000
2008-08-01,42110600000.00000000
2008-09-01,41838700000.00000000
2008-10-01,42660900000.00000000
2008-11-01,38862200000.00000000
2008-12-01,34886700000.00000000
2009-01-01,30472600000.00000000
2009-02-01,31709700000.00000000
2009-03-01,30871800000.00000000
2009-04-01,29675900000.00000000
2009-05-01,27527700000.00000000
2009-06-01,28489700000.00000000
2009-07-01,31109200000.00000000
2009-08-01,28945800000.00000000
2009-09-01,29346500000.00000000
2009-10-01,29879000000.00000000
2009-11-01,30257800000.00000000
2009-12-01,31467900000.00000000
2010-01-01,31581900000.00000000
2010-02-01,32232100000.00000381
2010-03-01,32592400000.00000000
2010-04-01,32348000000.00000000
2010-05-01,33809000000.00000000
2010-06-01,33255600000.00000000
2010-07-01,32597500000.00000000
2010-08-01,33464400000.00000000
2010-09-01,32842700000.00000000
2010-10-01,33332000000.00000000
2010-11-01,33831200000.00000381
2010-12-01,36970100000.00000000
2011-01-01,36195400000.00000000
2011-02-01,34696000000.00000000
2011-03-01,36119700000.00000000
2011-04-01,35331700000.00000000
2011-05-01,36096800000.00000000
2011-06-01,35798200000.00000000
2011-07-01,37019100000.00000000
2011-08-01,38365400000.00000000
2011-09-01,39329700000.00000000
2011-10-01,38004000000.00000000
2011-11-01,39357700000.00000000
2011-12-01,40393300000.00000000
2012-01-01,38893000000.00000000
2012-02-01,38768900000.00000000
2012-03-01,38283900000.00000000
2012-04-01,38861200000.00000000
2012-05-01,38008100000.00000000
2012-06-01,37701400000.00000000
2012-07-01,37828200000.00000000
2012-08-01,37127500000.00000000
2012-09-01,36601200000.00000000
2012-10-01,37662400000.00000000
2012-11-01,38055500000.00000000
2012-12-01,37379500000.00000000
2013-01-01,38677800000.00000000
2013-02-01,39109900000.00000000
2013-03-01,38970300000.00000000
2013-04-01,39303800000.00000000
2013-05-01,39572300000.00000000
2013-06-01,38095400000.00000000
2013-07-01,38359000000.00000000
2013-08-01,39169100000.00000000
2013-09-01,39801900000.00000000
2013-10-01,40289300000.00000000
2013-11-01,40500400000.00000000
2013-12-01,40097800000.00000000
2014-01-01,40323400000.00000000
2014-02-01,42123800000.00000000
2014-03-01,43636600000.00000000
2014-04-01,43502700000.00000000
2014-05-01,45097300000.00000000
2014-06-01,44355400000.00000000
2014-07-01,44670300000.00000000
2014-08-01,44147000000.00000000
2014-09-01,45104100000.00000000
2014-10-01,45192200000.00000000
2014-11-01,43639100000.00000000
2014-12-01,44980900000.00000000
2015-01-01,43291100000.00000000
2015-02-01,42997100000.00000000
2015-03-01,43243000000.00000000
2015-04-01,42351700000.00000000
2015-05-01,41531000000.00000000
2015-06-01,44624400000.00000000
2015-07-01,45567000000.00000000
2015-08-01,45475500000.00000000
2015-09-01,44697700000.00000000
2015-10-01,42752500000.00000000
2015-11-01,43006500000.00000000
2015-12-01,44528500000.00000000
2016-01-01,45405500000.00000000
2016-02-01,43654700000.00000000
2016-03-01,40896200000.00000000
2016-04-01,40878100000.00000000
2016-05-01,40170500000.00000000
2016-06-01,40972100000.00000000
2016-07-01,42323900000.00000000
2016-08-01,43807100000.00000000
2016-09-01,43704200000.00000000
2016-10-01,43822600000.00000000
2016-11-01,46301600000.00000000
2016-12-01,44835000000.00000000
2017-01-01,46020400000.00000000
2017-02-01,46269700000.00000000
2017-03-01,46513500000.00000000
2017-04-01,47175000000.00000000
2017-05-01,47835800000.00000000
2017-06-01,45691400000.00000000
2017-07-01,43478200000.00000000
2017-08-01,43105300000.00000000
2017-09-01,43015600000.00000000
2017-10-01,44105600000.00000000
2017-11-01,46246400000.00000000
2017-12-01,46629800000.00000000
2018-01-01,45407900000.00000000
2018-02-01,46448200000.00000000
2018-03-01,48021000000.00000000
2018-04-01,48391200000.00000000
2018-05-01,48730200000.00000000
2018-06-01,51314500000.00000000
2018-07-01,51238400000.00000000
2018-08-01,50080300000.00000000
2018-09-01,49730200000.00000000
2018-10-01,49598400000.00000000
2018-11-01,48439400000.00000000
2018-12-01,46895000000.00000000
2019-01-01,46344100000.00000000
2019-02-01,46508200000.00000000
2019-03-01,49856900000.00000000
2019-04-01,50378000000.00000000
2019-05-01,52801500000.00000000
2019-06-01,50290300000.00000000
2019-07-01,49995400000.00000000
2019-08-01,49953700000.00000000
2019-09-01,49285400000.00000000
2019-10-01,48798700000.00000000
2019-11-01,48270300000.00000000
2019-12-01,49600000000.00000000
2020-01-01,48081000000.00000000
2020-02-01,48809200000.00000000
2020-03-01,45535200000.00000000
2020-04-01,32817400000.00000000
2020-05-01,33722000000.00000000
2020-06-01,39526600000.00000000
2020-07-01,43862500000.00000000
2020-08-01,44729100000.00000000
2020-09-01,45985700000.00000000
2020-10-01,46196600000.00000000
2020-11-01,46506900000.00000000
2020-12-01,46754900000.00000000
2021-01-01,50744000000.00000000
2021-02-01,50147900000.00000000
2021-03-01,49969900000.00000000
2021-04-01,49214300000.00000000
2021-05-01,48944200000.00000000
2021-06-01,53212300000.00000000
2021-07-01,52504800000.00000000
2021-08-01,53833400000.00000000
2021-09-01,52129400000.00000000
2021-10-01,54565700000.00000000
2021-11-01,58424500000.00000000
2021-12-01,58027800000.00000000
2022-01-01,57963800000.00000000
2022-02-01,60253900000.00000000
2022-03-01,63578900000.00000000
2022-04-01,65478899999.99999237
2022-05-01,71522600000.00000000
2022-06-01,69234100000.00000000
2022-07-01,68005100000.00000000
2022-08-01,66314700000.00000000
2022-09-01,65909000000.00000763
2022-10-01,65810000000.00000000
2022-11-01,64326700000.00000000
2022-12-01,65028099999.99999237
2023-01-01,66184600000.00000000
2023-02-01,63400300000.00000000
2023-03-01,63994700000.00000000
2023-04-01,64687100000.00000000
2023-05-01,63587300000.00000000
2023-06-01,60251800000.00000000
2023-07-01,61511400000.00000000
2023-08-01,64664000000.00000000
2023-09-01,64905600000.00000763
2023-10-01,65627799999.99999237
2023-11-01,65953300000.00000000
2023-12-01,63115700000.00000000
2024-01-01,61020700000.00000000
2024-02-01,64294000000.00000000
2024-03-01,62529700000.00000000
2024-04-01,65127300000.00000763
2024-05-01,63314400000.00000000
2024-06-01,66780699999.99999237
2024-07-01,66499900000.00000000
2024-08-01,64509600000.00000763
2024-09-01,65313800000.00000000
2024-10-01,65406300000.00000000
2024-11-01,66477700000.00000000
2024-12-01,69580000000.00000000
2025-01-01,74521200000.00000000
2025-02-01,70177100000.00000000
2025-03-01,69363900000.00000000
2025-04-01,61522300000.00000000
2025-05-01,61355100000.00000000
2025-06-01,60529000000.00000000
2025-07-01,62211100000.00000000
2025-08-01,60539700000.00000000
2025-09-01,63523200000.00000000
2025-10-01,64797100000.00000000
2025-11-01,64123500000.00000763
2025-12-01,65341200000.00000000
2026-01-01,61517500000.00000000
2026-02-01,65684400000.00000000
2026-03-01,68995000000.00000000
2026-04-01,72977500000.00000000
2026-05-01,74845700000.00000000
2026-06-01,76902100000.00000000
