observation_date,XTNTVA01DKM664S
1955-01-01,-21313970.000000000
1955-02-01,-109514200.000000000
1955-03-01,-88972700.000000000
1955-04-01,-131761600.000000000
1955-05-01,-67910330.000000000
1955-06-01,-76027690.000000000
1955-07-01,-131154600.000000000
1955-08-01,-54077920.000000000
1955-09-01,-72131780.000000000
1955-10-01,-62845380.000000007
1955-11-01,-78288940.000000000
1955-12-01,-37343660.000000000
1956-01-01,-76678320.000000000
1956-02-01,-1300870.000000000
1956-03-01,-43722890.000000000
1956-04-01,-38796100.000000000
1956-05-01,-287829099.999999940
1956-06-01,-164893200.000000000
1956-07-01,-94638240.000000000
1956-08-01,-134968300.000000000
1956-09-01,-170533600.000000000
1956-10-01,-135037900.000000000
1956-11-01,-143889000.000000030
1956-12-01,-168857100.000000000
1957-01-01,-128143700.000000000
1957-02-01,-199470900.000000000
1957-03-01,-268654500.000000000
1957-04-01,-29250380.000000000
1957-05-01,-196318200.000000000
1957-06-01,-82907840.000000000
1957-07-01,-57026030.000000000
1957-08-01,-89636770.000000000
1957-09-01,-39712670.000000000
1957-10-01,-77783240.000000000
1957-11-01,-104498300.000000000
1957-12-01,-8915555.000000000
1958-01-01,-114602900.000000000
1958-02-01,7296655.999999999
1958-03-01,24185210.000000000
1958-04-01,17343280.000000000
1958-05-01,14054520.000000000
1958-06-01,-55509630.000000000
1958-07-01,-81402700.000000000
1958-08-01,-91271670.000000000
1958-09-01,-138782300.000000000
1958-10-01,-77950390.000000000
1958-11-01,50108310.000000000
1958-12-01,-74100760.000000000
1959-01-01,-105929700.000000000
1959-02-01,15334470.000000000
1959-03-01,-43129490.000000000
1959-04-01,-227616900.000000000
1959-05-01,-122959100.000000000
1959-06-01,-185500900.000000000
1959-07-01,-137403299.999999970
1959-08-01,-22052250.000000000
1959-09-01,-85266550.000000000
1959-10-01,-109155600.000000000
1959-11-01,-151045000.000000000
1959-12-01,-190812200.000000030
1960-01-01,-203370600.000000000
1960-02-01,-270386099.999999940
1960-03-01,-189719900.000000000
1960-04-01,-152725100.000000000
1960-05-01,-213469800.000000000
1960-06-01,-130632400.000000000
1960-07-01,-137321000.000000000
1960-08-01,-174147000.000000000
1960-09-01,-100095200.000000000
1960-10-01,-219695100.000000000
1960-11-01,-174132500.000000000
1960-12-01,-218753600.000000000
1961-01-01,-196336700.000000030
1961-02-01,-195707400.000000000
1961-03-01,-197863300.000000000
1961-04-01,-138075799.999999970
1961-05-01,-203737900.000000000
1961-06-01,-208535400.000000000
1961-07-01,-190000400.000000000
1961-08-01,-140405200.000000000
1961-09-01,-175596299.999999970
1961-10-01,-241877900.000000000
1961-11-01,-274669100.000000000
1961-12-01,-170212299.999999970
1962-01-01,-191266700.000000000
1962-02-01,-286050100.000000000
1962-03-01,-232360500.000000000
1962-04-01,-231920200.000000030
1962-05-01,-229392900.000000000
1962-06-01,-242464800.000000000
1962-07-01,-563665199.999999881
1962-08-01,-223303000.000000030
1962-09-01,-355919999.999999940
1962-10-01,-211381500.000000000
1962-11-01,-233627400.000000000
1962-12-01,-213340200.000000000
1963-01-01,-124083800.000000000
1963-02-01,-55985580.000000000
1963-03-01,-125449600.000000000
1963-04-01,-42535140.000000000
1963-05-01,-190714600.000000000
1963-06-01,-104470100.000000000
1963-07-01,-151426200.000000000
1963-08-01,-133684900.000000000
1963-09-01,-130700700.000000000
1963-10-01,-165155800.000000000
1963-11-01,-165669200.000000000
1963-12-01,-123624700.000000000
1964-01-01,-253073800.000000000
1964-02-01,-250072100.000000030
1964-03-01,-197210100.000000000
1964-04-01,-463797500.000000000
1964-05-01,-315022900.000000060
1964-06-01,-484275100.000000000
1964-07-01,-91266440.000000000
1964-08-01,-417496200.000000060
1964-09-01,-226997100.000000000
1964-10-01,-336420700.000000000
1964-11-01,-179596600.000000030
1964-12-01,-283177800.000000000
1965-01-01,-370423100.000000000
1965-02-01,-319976100.000000000
1965-03-01,-375064500.000000000
1965-04-01,-205822000.000000000
1965-05-01,-498822300.000000000
1965-06-01,-240283800.000000000
1965-07-01,-277410000.000000000
1965-08-01,-246219500.000000000
1965-09-01,-267425200.000000000
1965-10-01,-222820200.000000030
1965-11-01,-199381400.000000000
1965-12-01,-265704200.000000000
1966-01-01,-263519200.000000000
1966-02-01,-306865200.000000000
1966-03-01,-297759000.000000000
1966-04-01,-199113200.000000030
1966-05-01,-183811300.000000000
1966-06-01,-311550600.000000000
1966-07-01,-378838000.000000000
1966-08-01,-303872900.000000000
1966-09-01,-314580900.000000000
1966-10-01,-500773300.000000000
1966-11-01,-373343200.000000060
1966-12-01,-390855000.000000000
1967-01-01,-351851300.000000000
1967-02-01,-292636600.000000000
1967-03-01,-417660600.000000000
1967-04-01,-347714200.000000000
1967-05-01,-432519700.000000000
1967-06-01,-261212700.000000030
1967-07-01,-260155000.000000030
1967-08-01,-340990200.000000000
1967-09-01,-464068400.000000000
1967-10-01,-407051700.000000000
1967-11-01,-356535500.000000000
1967-12-01,-336442800.000000000
1968-01-01,-319688100.000000000
1968-02-01,-382085500.000000000
1968-03-01,-232811300.000000000
1968-04-01,-375434400.000000000
1968-05-01,-409167700.000000000
1968-06-01,-267951400.000000000
1968-07-01,-369411700.000000000
1968-08-01,-300688900.000000060
1968-09-01,-313542000.000000000
1968-10-01,-430131600.000000000
1968-11-01,-398384700.000000060
1968-12-01,-569393000.000000000
1969-01-01,-367918700.000000000
1969-02-01,-313585900.000000000
1969-03-01,-459179800.000000000
1969-04-01,-355860800.000000000
1969-05-01,-495627100.000000000
1969-06-01,-569183199.999999881
1969-07-01,-502015200.000000000
1969-08-01,-695731700.000000000
1969-09-01,-631152000.000000000
1969-10-01,-481472400.000000000
1969-11-01,-594510000.000000000
1969-12-01,-480248100.000000000
1970-01-01,-629749800.000000000
1970-02-01,-726422400.000000000
1970-03-01,-466504400.000000000
1970-04-01,-591294700.000000000
1970-05-01,-852160199.999999881
1970-06-01,-763258700.000000000
1970-07-01,-552357400.000000000
1970-08-01,-614002800.000000119
1970-09-01,-548318099.999999881
1970-10-01,-576318100.000000000
1970-11-01,-791620100.000000000
1970-12-01,-738127499.999999881
1971-01-01,-557839000.000000119
1971-02-01,-615460200.000000000
1971-03-01,-958658000.000000000
1971-04-01,-184255700.000000000
1971-05-01,-679243300.000000119
1971-06-01,-816897900.000000119
1971-07-01,-641373300.000000000
1971-08-01,-337399300.000000000
1971-09-01,-532583400.000000000
1971-10-01,-568736199.999999881
1971-11-01,-517988700.000000000
1971-12-01,-505574900.000000000
1972-01-01,-109455600.000000000
1972-02-01,-433146500.000000000
1972-03-01,-377754600.000000000
1972-04-01,-153858299.999999970
1972-05-01,-187368000.000000000
1972-06-01,-140806899.999999970
1972-07-01,-662376300.000000000
1972-08-01,-547079599.999999881
1972-09-01,-647611900.000000000
1972-10-01,-485459000.000000000
1972-11-01,-528856600.000000000
1972-12-01,-411669000.000000000
1973-01-01,-967195900.000000000
1973-02-01,-393457900.000000000
1973-03-01,-454240300.000000060
1973-04-01,-614417900.000000000
1973-05-01,-1172953000.000000238
1973-06-01,-935939100.000000000
1973-07-01,-548913200.000000000
1973-08-01,-1102075000.000000000
1973-09-01,-358652500.000000000
1973-10-01,-1047395000.000000000
1973-11-01,-1043439000.000000000
1973-12-01,-722088800.000000119
1974-01-01,-1663603000.000000000
1974-02-01,-1349839000.000000000
1974-03-01,-1299225000.000000000
1974-04-01,-1455844000.000000238
1974-05-01,-1313259000.000000000
1974-06-01,-1305146999.999999762
1974-07-01,-1451820000.000000000
1974-08-01,-1228397000.000000000
1974-09-01,-630874600.000000119
1974-10-01,-651752500.000000000
1974-11-01,-576202300.000000000
1974-12-01,-661905600.000000000
1975-01-01,-654938300.000000119
1975-02-01,-628089900.000000000
1975-03-01,-220007500.000000000
1975-04-01,-561487600.000000000
1975-05-01,-685527300.000000119
1975-06-01,-464381800.000000000
1975-07-01,-816385000.000000000
1975-08-01,-924126000.000000000
1975-09-01,-948931900.000000000
1975-10-01,-389266300.000000000
1975-11-01,-1568461000.000000000
1975-12-01,-1714120000.000000000
1976-01-01,-968561900.000000000
1976-02-01,-1791818000.000000238
1976-03-01,-1702629999.999999762
1976-04-01,-1700752000.000000000
1976-05-01,-1364088000.000000000
1976-06-01,1318530000.000000000
1976-07-01,-1359643000.000000000
1976-08-01,-1827326000.000000000
1976-09-01,-1896845000.000000000
1976-10-01,-1862539000.000000000
1976-11-01,-1752198000.000000000
1976-12-01,-1730218000.000000000
1977-01-01,-1651050999.999999762
1977-02-01,-1437282000.000000000
1977-03-01,-1558972000.000000000
1977-04-01,-1332671999.999999762
1977-05-01,-1895838000.000000000
1977-06-01,-2161958000.000000477
1977-07-01,-1824594000.000000000
1977-08-01,-1786827000.000000000
1977-09-01,-1805212000.000000000
1977-10-01,-1546615000.000000000
1977-11-01,-1263953000.000000000
1977-12-01,-1064379000.000000238
1978-01-01,-1439875000.000000000
1978-02-01,-1192594000.000000238
1978-03-01,-1304014000.000000000
1978-04-01,-1189004999.999999762
1978-05-01,-1060863000.000000000
1978-06-01,-1052078000.000000000
1978-07-01,-1367877000.000000000
1978-08-01,-1488693000.000000000
1978-09-01,-1343170000.000000000
1978-10-01,-1340123000.000000000
1978-11-01,-1505798000.000000000
1978-12-01,-1310304000.000000238
1979-01-01,-1170337000.000000238
1979-02-01,-1597951000.000000238
1979-03-01,-1150908000.000000000
1979-04-01,-1068004000.000000000
1979-05-01,-1862639000.000000000
1979-06-01,-1767121000.000000000
1979-07-01,-2315587000.000000000
1979-08-01,-1995020000.000000000
1979-09-01,-1481258000.000000000
1979-10-01,-1719771000.000000000
1979-11-01,-1585046000.000000000
1979-12-01,-2153159000.000000000
1980-01-01,-1545189000.000000000
1980-02-01,-2193905000.000000000
1980-03-01,-1916543000.000000000
1980-04-01,-1899876000.000000000
1980-05-01,813315000.000000000
1980-06-01,-2610827000.000000000
1980-07-01,-1199679999.999999762
1980-08-01,-633872999.999999881
1980-09-01,-880401100.000000000
1980-10-01,-517105600.000000000
1980-11-01,-988886200.000000000
1980-12-01,-647937500.000000000
1981-01-01,-537090500.000000000
1981-02-01,-563024200.000000000
1981-03-01,-998724500.000000000
1981-04-01,-787552699.999999881
1981-05-01,-1309453000.000000000
1981-06-01,-42451970.000000000
1981-07-01,-1507645999.999999762
1981-08-01,-133328700.000000000
1981-09-01,-861673300.000000000
1981-10-01,-824970300.000000119
1981-11-01,-1772652000.000000000
1981-12-01,-1130393000.000000000
1982-01-01,-1637171000.000000000
1982-02-01,-1384753000.000000238
1982-03-01,-331734700.000000000
1982-04-01,-1139179000.000000238
1982-05-01,-428580700.000000000
1982-06-01,-1259190000.000000000
1982-07-01,-1252090000.000000000
1982-08-01,-1460237000.000000000
1982-09-01,-601738800.000000119
1982-10-01,-924057200.000000000
1982-11-01,-1080172000.000000000
1982-12-01,-1278241000.000000000
1983-01-01,850929900.000000119
1983-02-01,793607699.999999881
1983-03-01,-341365800.000000000
1983-04-01,-157401300.000000000
1983-05-01,-278671599.999999940
1983-06-01,-266187000.000000000
1983-07-01,183518700.000000000
1983-08-01,-352870600.000000000
1983-09-01,-645937300.000000000
1983-10-01,-163456399.999999970
1983-11-01,205759300.000000000
1983-12-01,-1856843000.000000000
1984-01-01,-304311100.000000000
1984-02-01,-593782100.000000000
1984-03-01,-313360800.000000000
1984-04-01,-745167000.000000000
1984-05-01,-296733200.000000060
1984-06-01,-1128608000.000000000
1984-07-01,-459984100.000000000
1984-08-01,-168961400.000000000
1984-09-01,-894548200.000000000
1984-10-01,-912204700.000000000
1984-11-01,-296341200.000000000
1984-12-01,-93633000.000000000
1985-01-01,-803945100.000000000
1985-02-01,-853909400.000000000
1985-03-01,-1875623000.000000000
1985-04-01,-1214640000.000000000
1985-05-01,-929366100.000000000
1985-06-01,2395692.000000000
1985-07-01,-1025803000.000000000
1985-08-01,-887263500.000000000
1985-09-01,-257875300.000000000
1985-10-01,-1129099000.000000000
1985-11-01,-1122524000.000000000
1985-12-01,-1800401000.000000000
1986-01-01,-1245669000.000000238
1986-02-01,-1463709000.000000000
1986-03-01,-678453100.000000000
1986-04-01,-2362375000.000000000
1986-05-01,-922196600.000000000
1986-06-01,-689790100.000000000
1986-07-01,-2142682000.000000000
1986-08-01,-1148884000.000000000
1986-09-01,-914102400.000000000
1986-10-01,-574717900.000000000
1986-11-01,-601005400.000000000
1986-12-01,-498809200.000000060
1987-01-01,45168650.000000000
1987-02-01,-69931930.000000000
1987-03-01,625674400.000000119
1987-04-01,230171900.000000000
1987-05-01,417835500.000000000
1987-06-01,34871780.000000000
1987-07-01,843671099.999999881
1987-08-01,-872677199.999999881
1987-09-01,621496000.000000000
1987-10-01,270738200.000000000
1987-11-01,-103872100.000000000
1987-12-01,-471990900.000000060
1988-01-01,2980543000.000000000
1988-02-01,298179100.000000000
1988-03-01,468140900.000000060
1988-04-01,303961100.000000000
1988-05-01,39280810.000000000
1988-06-01,329459000.000000000
1988-07-01,369441600.000000000
1988-08-01,976390300.000000000
1988-09-01,368145600.000000000
1988-10-01,851945200.000000000
1988-11-01,1145066000.000000000
1988-12-01,511006200.000000000
1989-01-01,1304732000.000000000
1989-02-01,1062160000.000000000
1989-03-01,337910400.000000000
1989-04-01,1227895999.999999762
1989-05-01,865439800.000000119
1989-06-01,382373100.000000000
1989-07-01,158979100.000000000
1989-08-01,583039000.000000119
1989-09-01,908854800.000000000
1989-10-01,1491520999.999999762
1989-11-01,1384483000.000000000
1989-12-01,1474062000.000000000
1990-01-01,1174534000.000000000
1990-02-01,2265942000.000000000
1990-03-01,1902928000.000000000
1990-04-01,2214779999.999999523
1990-05-01,1578771999.999999762
1990-06-01,1622445000.000000238
1990-07-01,1857415000.000000000
1990-08-01,2130597000.000000000
1990-09-01,2150695000.000000477
1990-10-01,1798887000.000000000
1990-11-01,1618862000.000000000
1990-12-01,3023161000.000000000
1991-01-01,1733900000.000000000
1991-02-01,1727265000.000000000
1991-03-01,2123634000.000000000
1991-04-01,1653927000.000000238
1991-05-01,2463354000.000000477
1991-06-01,2089273000.000000000
1991-07-01,1221579000.000000238
1991-08-01,2202771000.000000000
1991-09-01,2536018000.000000000
1991-10-01,1780600999.999999762
1991-11-01,2138819000.000000000
1991-12-01,2662428000.000000000
1992-01-01,3784601000.000000954
1992-02-01,2724742000.000000000
1992-03-01,2052515000.000000000
1992-04-01,3007870999.999999523
1992-05-01,2640666000.000000000
1992-06-01,3114047000.000000000
1992-07-01,3264554000.000000000
1992-08-01,2769882000.000000000
1992-09-01,3308833999.999999523
1992-10-01,3303145000.000000000
1992-11-01,3850702000.000000000
1992-12-01,3310851000.000000000
1993-01-01,1453611000.000000000
1993-02-01,3495400000.000000000
1993-03-01,3827789000.000000000
1993-04-01,3693938000.000000000
1993-05-01,3463943000.000000000
1993-06-01,4541752000.000000000
1993-07-01,3781311000.000000000
1993-08-01,4066755000.000000954
1993-09-01,4163433000.000000954
1993-10-01,4316431000.000000000
1993-11-01,3868001000.000000000
1993-12-01,3698860000.000000000
1994-01-01,3554637999.999999523
1994-02-01,3762487000.000000000
1994-03-01,3450334000.000000000
1994-04-01,3191491000.000000000
1994-05-01,3528822000.000000000
1994-06-01,3337860000.000000000
1994-07-01,3783502000.000000000
1994-08-01,4138036000.000000954
1994-09-01,2707200000.000000000
1994-10-01,2394784000.000000000
1994-11-01,3833977000.000000000
1994-12-01,3675176000.000000000
1995-01-01,2380426000.000000000
1995-02-01,2682591999.999999523
1995-03-01,3851575000.000000000
1995-04-01,2543784000.000000000
1995-05-01,3161549000.000000000
1995-06-01,3366205999.999999523
1995-07-01,1666366000.000000000
1995-08-01,3424057000.000000000
1995-09-01,2730782000.000000000
1995-10-01,2466720000.000000000
1995-11-01,2455331000.000000000
1995-12-01,1072727000.000000000
1996-01-01,2856511000.000000477
1996-02-01,3155855000.000000000
1996-03-01,2847775000.000000000
1996-04-01,2860687000.000000000
1996-05-01,4236716000.000000954
1996-06-01,2661382000.000000000
1996-07-01,2536740000.000000000
1996-08-01,3060825000.000000000
1996-09-01,3574397000.000000477
1996-10-01,2907083000.000000000
1996-11-01,3054716999.999999523
1996-12-01,3774084000.000000000
1997-01-01,1760000000.000000000
1997-02-01,3000800000.000000000
1997-03-01,3799400000.000000000
1997-04-01,3099600000.000000000
1997-05-01,2968100000.000000000
1997-06-01,2759300000.000000000
1997-07-01,2668999999.999999523
1997-08-01,2491900000.000000000
1997-09-01,1290700000.000000000
1997-10-01,1873200000.000000000
1997-11-01,2777300000.000000000
1997-12-01,2707900000.000000000
1998-01-01,722200000.000000000
1998-02-01,1457600000.000000000
1998-03-01,909800000.000000000
1998-04-01,829000000.000000119
1998-05-01,-142700000.000000000
1998-06-01,3373900000.000000000
1998-07-01,2845800000.000000000
1998-08-01,1354200000.000000000
1998-09-01,1797700000.000000000
1998-10-01,722800000.000000000
1998-11-01,1460900000.000000000
1998-12-01,2114300000.000000000
1999-01-01,2627600000.000000000
1999-02-01,2583999999.999999523
1999-03-01,1986800000.000000000
1999-04-01,3668300000.000000000
1999-05-01,4334400000.000000000
1999-06-01,2174100000.000000000
1999-07-01,3005000000.000000000
1999-08-01,2732400000.000000000
1999-09-01,3704300000.000000000
1999-10-01,4308400000.000000000
1999-11-01,4402800000.000000000
1999-12-01,5459900000.000000000
2000-01-01,2385800000.000000000
2000-02-01,3907500000.000000000
2000-03-01,1904700000.000000000
2000-04-01,2877800000.000000000
2000-05-01,4304900000.000000000
2000-06-01,3610300000.000000000
2000-07-01,5227600000.000000000
2000-08-01,3504200000.000000000
2000-09-01,6002700000.000000000
2000-10-01,4732900000.000000000
2000-11-01,3344500000.000000000
2000-12-01,7707700000.000000000
2001-01-01,4695700000.000000000
2001-02-01,5284800000.000000000
2001-03-01,5199500000.000000000
2001-04-01,5619400000.000000000
2001-05-01,4421100000.000000000
2001-06-01,3424200000.000000000
2001-07-01,4552300000.000000000
2001-08-01,5303200000.000000000
2001-09-01,5196700000.000000000
2001-10-01,5561500000.000000000
2001-11-01,6248300000.000000000
2001-12-01,2756200000.000000000
2002-01-01,5869900000.000000000
2002-02-01,3696200000.000000000
2002-03-01,5085200000.000000000
2002-04-01,3592000000.000000000
2002-05-01,5840500000.000000000
2002-06-01,5930600000.000000000
2002-07-01,3194400000.000000000
2002-08-01,4212300000.000000000
2002-09-01,4803500000.000000000
2002-10-01,3993500000.000000000
2002-11-01,5104900000.000000000
2002-12-01,6292100000.000000000
2003-01-01,4506900000.000000000
2003-02-01,5977800000.000000000
2003-03-01,4946400000.000000000
2003-04-01,5243700000.000000000
2003-05-01,4788900000.000000000
2003-06-01,6761600000.000000000
2003-07-01,3303500000.000000000
2003-08-01,5137100000.000000000
2003-09-01,6441700000.000000000
2003-10-01,3687400000.000000000
2003-11-01,4279000000.000000000
2003-12-01,4444200000.000000000
2004-01-01,4566500000.000000000
2004-02-01,4479700000.000000000
2004-03-01,5736600000.000000000
2004-04-01,3036200000.000000000
2004-05-01,4851800000.000000000
2004-06-01,5033800000.000000000
2004-07-01,2627600000.000000000
2004-08-01,3475100000.000000000
2004-09-01,4036300000.000000000
2004-10-01,5020500000.000000000
2004-11-01,4964400000.000000000
2004-12-01,3738700000.000000000
2005-01-01,5496000000.000000000
2005-02-01,6108900000.000000000
2005-03-01,5624100000.000000000
2005-04-01,4826500000.000000000
2005-05-01,4481300000.000000000
2005-06-01,2741300000.000000000
2005-07-01,4974200000.000000000
2005-08-01,4040800000.000000000
2005-09-01,4976900000.000000000
2005-10-01,5337900000.000000000
2005-11-01,4340400000.000000000
2005-12-01,3433900000.000000000
2006-01-01,3366300000.000000000
2006-02-01,5303800000.000000000
2006-03-01,4263200000.000000954
2006-04-01,2418200000.000000000
2006-05-01,2821800000.000000000
2006-06-01,3482600000.000000000
2006-07-01,4026500000.000000954
2006-08-01,4467200000.000000000
2006-09-01,1113800000.000000000
2006-10-01,2759300000.000000000
2006-11-01,2850200000.000000000
2006-12-01,3087700000.000000000
2007-01-01,2881100000.000000000
2007-02-01,-654400000.000000000
2007-03-01,1961800000.000000000
2007-04-01,455600000.000000000
2007-05-01,921700000.000000000
2007-06-01,3328999999.999999523
2007-07-01,3034000000.000000000
2007-08-01,2219800000.000000000
2007-09-01,2445999999.999999523
2007-10-01,1723500000.000000000
2007-11-01,3872300000.000000000
2007-12-01,3219000000.000000000
2008-01-01,4687000000.000000000
2008-02-01,4645500000.000000000
2008-03-01,2161100000.000000000
2008-04-01,3076500000.000000000
2008-05-01,4370100000.000000000
2008-06-01,2278400000.000000000
2008-07-01,3505900000.000000000
2008-08-01,3110100000.000000000
2008-09-01,3570100000.000000000
2008-10-01,1974700000.000000000
2008-11-01,508400000.000000000
2008-12-01,2143400000.000000000
2009-01-01,-2900000.000000000
2009-02-01,3654600000.000000000
2009-03-01,5552700000.000000000
2009-04-01,4187100000.000000000
2009-05-01,5839100000.000000000
2009-06-01,6296300000.000000000
2009-07-01,6969400000.000000000
2009-08-01,5342300000.000000000
2009-09-01,6626800000.000000000
2009-10-01,2780700000.000000000
2009-11-01,9044200000.000000000
2009-12-01,8162100000.000001907
2010-01-01,5162900000.000000000
2010-02-01,5733700000.000000000
2010-03-01,9170900000.000000000
2010-04-01,7077100000.000000000
2010-05-01,3500100000.000000000
2010-06-01,4644000000.000000000
2010-07-01,7541600000.000000000
2010-08-01,6268300000.000000000
2010-09-01,7326100000.000000000
2010-10-01,6363900000.000000000
2010-11-01,6654400000.000000000
2010-12-01,5830300000.000000000
2011-01-01,10542700000.000000000
2011-02-01,8029800000.000000000
2011-03-01,9398100000.000000000
2011-04-01,7694400000.000000000
2011-05-01,5679400000.000000000
2011-06-01,6949800000.000000000
2011-07-01,5732400000.000000000
2011-08-01,7450400000.000000000
2011-09-01,5602300000.000000000
2011-10-01,7443300000.000000000
2011-11-01,6983800000.000000000
2011-12-01,7102300000.000000000
2012-01-01,8858100000.000000000
2012-02-01,7255200000.000000000
2012-03-01,5715400000.000000000
2012-04-01,7515300000.000000000
2012-05-01,6829700000.000000000
2012-06-01,7867900000.000000000
2012-07-01,8746100000.000000000
2012-08-01,7418700000.000000000
2012-09-01,5581900000.000000000
2012-10-01,7312300000.000000000
2012-11-01,8470700000.000001907
2012-12-01,4876700000.000000000
2013-01-01,6801300000.000000000
2013-02-01,5815700000.000000000
2013-03-01,5298500000.000000000
2013-04-01,6222800000.000000000
2013-05-01,6579200000.000000000
2013-06-01,5918200000.000000000
2013-07-01,5899900000.000000000
2013-08-01,4389500000.000000000
2013-09-01,6367100000.000000000
2013-10-01,9803500000.000000000
2013-11-01,6101300000.000000000
2013-12-01,4330900000.000000000
2014-01-01,6327100000.000000000
2014-02-01,6070900000.000000000
2014-03-01,5920300000.000000000
2014-04-01,3973500000.000000000
2014-05-01,6069100000.000000000
2014-06-01,4863200000.000000000
2014-07-01,4597900000.000000000
2014-08-01,6807800000.000000000
2014-09-01,4301400000.000000000
2014-10-01,6193900000.000000000
2014-11-01,4619600000.000000000
2014-12-01,6425000000.000000000
2015-01-01,5187000000.000000000
2015-02-01,7374900000.000000000
2015-03-01,8125000000.000000000
2015-04-01,7788200000.000000000
2015-05-01,6501000000.000000000
2015-06-01,2334300000.000000000
2015-07-01,3587700000.000000000
2015-08-01,4581800000.000000000
2015-09-01,5028500000.000000000
2015-10-01,3720800000.000000000
2015-11-01,6243900000.000000000
2015-12-01,4723400000.000000000
2016-01-01,5409500000.000000000
2016-02-01,3915100000.000000000
2016-03-01,7127600000.000000000
2016-04-01,7641500000.000000000
2016-05-01,5366500000.000000000
2016-06-01,5842100000.000000000
2016-07-01,9007400000.000000000
2016-08-01,5455200000.000000000
2016-09-01,3109000000.000000000
2016-10-01,2610100000.000000000
2016-11-01,5517000000.000000000
2016-12-01,6887900000.000000000
2017-01-01,6542100000.000000000
2017-02-01,5827900000.000000000
2017-03-01,7149100000.000000000
2017-04-01,4335800000.000000000
2017-05-01,5109200000.000000000
2017-06-01,5096200000.000000000
2017-07-01,2795700000.000000000
2017-08-01,4599600000.000000000
2017-09-01,6520900000.000000000
2017-10-01,5205500000.000000000
2017-11-01,3397900000.000000000
2017-12-01,4063200000.000000000
2018-01-01,240700000.000000000
2018-02-01,6207800000.000000000
2018-03-01,2405100000.000000000
2018-04-01,-7083900000.000000000
2018-05-01,1898200000.000000000
2018-06-01,4754000000.000000000
2018-07-01,6912000000.000000954
2018-08-01,3239700000.000000000
2018-09-01,6921200000.000000000
2018-10-01,5761600000.000000000
2018-11-01,6359900000.000000000
2018-12-01,6180000000.000000000
2019-01-01,6285200000.000000000
2019-02-01,5628600000.000000000
2019-03-01,3343700000.000000000
2019-04-01,8044200000.000000000
2019-05-01,8307600000.000001907
2019-06-01,6366500000.000000000
2019-07-01,7459800000.000000000
2019-08-01,8812500000.000000000
2019-09-01,6945000000.000000000
2019-10-01,6732900000.000000000
2019-11-01,9616800000.000000000
2019-12-01,6191200000.000000000
2020-01-01,7908600000.000000000
2020-02-01,7590000000.000000000
2020-03-01,6306000000.000000000
2020-04-01,7088800000.000000000
2020-05-01,6258600000.000000000
2020-06-01,6437800000.000000000
2020-07-01,5970900000.000000000
2020-08-01,4359700000.000000000
2020-09-01,6586000000.000000000
2020-10-01,3194100000.000000000
2020-11-01,2409400000.000000000
2020-12-01,2829400000.000000000
2021-01-01,4933400000.000000000
2021-02-01,2060000000.000000000
2021-03-01,3752500000.000000000
2021-04-01,3102300000.000000000
2021-05-01,2885300000.000000000
2021-06-01,4752000000.000000000
2021-07-01,2893200000.000000000
2021-08-01,2334500000.000000000
2021-09-01,544500000.000000000
2021-10-01,754200000.000000000
2021-11-01,4110800000.000000000
2021-12-01,-686100000.000000000
2022-01-01,-391800000.000000000
2022-02-01,2980100000.000000000
2022-03-01,3472400000.000000000
2022-04-01,-4703200000.000000000
2022-05-01,-2634900000.000000000
2022-06-01,-3159100000.000000000
2022-07-01,2358900000.000000000
2022-08-01,-1381900000.000000000
2022-09-01,3710800000.000000000
2022-10-01,1759800000.000000000
2022-11-01,6467100000.000000000
2022-12-01,9181800000.000000000
2023-01-01,10649300000.000000000
2023-02-01,9111900000.000000000
2023-03-01,6021900000.000000000
2023-04-01,6797400000.000000000
2023-05-01,2062700000.000000000
2023-06-01,5320700000.000000000
2023-07-01,4795000000.000000000
2023-08-01,6828800000.000000000
2023-09-01,748600000.000000000
2023-10-01,6307900000.000000000
2023-11-01,5244700000.000000000
2023-12-01,5974800000.000000000
2024-01-01,5579300000.000000000
2024-02-01,7828400000.000000000
2024-03-01,5637000000.000000000
