observation_date,XTNTVA01CAM664S
1955-01-01,-375788.90000000002
1955-02-01,11817910.00000000000
1955-03-01,17735960.00000000000
1955-04-01,16446760.00000000186
1955-05-01,-14786740.00000000000
1955-06-01,-5735000.00000000000
1955-07-01,-41978280.00000000000
1955-08-01,-47708980.00000000000
1955-09-01,-39639740.00000000000
1955-10-01,-62141190.00000000000
1955-11-01,-31140660.00000000000
1955-12-01,-59285100.00000000000
1956-01-01,-44696160.00000000000
1956-02-01,-34158590.00000000000
1956-03-01,-97880430.00000000000
1956-04-01,-78528510.00000000000
1956-05-01,-49146600.00000000000
1956-06-01,-49045320.00000000000
1956-07-01,-55283300.00000000000
1956-08-01,-64777959.99999999255
1956-09-01,-46872140.00000000000
1956-10-01,-57879050.00000000000
1956-11-01,-77084130.00000000000
1956-12-01,-48233610.00000000000
1957-01-01,-57441490.00000000000
1957-02-01,-72557730.00000000000
1957-03-01,-75100470.00000000000
1957-04-01,-90686490.00000000000
1957-05-01,-51834710.00000000000
1957-06-01,-52133340.00000000000
1957-07-01,-30767330.00000000000
1957-08-01,-56742130.00000000000
1957-09-01,-39068940.00000000000
1957-10-01,-55094740.00000000000
1957-11-01,-5649950.00000000000
1957-12-01,3964666.00000000093
1958-01-01,-11323830.00000000000
1958-02-01,-18107400.00000000000
1958-03-01,-20985810.00000000000
1958-04-01,-5733299.00000000000
1958-05-01,38550320.00000000000
1958-06-01,-5962688.00000000000
1958-07-01,-12467560.00000000000
1958-08-01,6256900.00000000000
1958-09-01,-34781650.00000000000
1958-10-01,-29679360.00000000000
1958-11-01,-39363720.00000000000
1958-12-01,-19663180.00000000000
1959-01-01,-69106510.00000000000
1959-02-01,-43521080.00000000000
1959-03-01,-24859090.00000000000
1959-04-01,-53569280.00000000000
1959-05-01,-48532240.00000000000
1959-06-01,20239790.00000000000
1959-07-01,-69003100.00000000000
1959-08-01,-56785260.00000000000
1959-09-01,-18659490.00000000000
1959-10-01,-19678450.00000000000
1959-11-01,16441540.00000000186
1959-12-01,-4045710.00000000000
1960-01-01,6048232.00000000000
1960-02-01,8422362.00000000000
1960-03-01,537730.19999999995
1960-04-01,-59452480.00000000000
1960-05-01,-7422215.00000000000
1960-06-01,-15365860.00000000000
1960-07-01,13345670.00000000000
1960-08-01,9059133.00000000000
1960-09-01,-7706153.00000000000
1960-10-01,21132820.00000000000
1960-11-01,-26792660.00000000000
1960-12-01,-28533680.00000000000
1961-01-01,14617330.00000000000
1961-02-01,-1893404.00000000000
1961-03-01,12063370.00000000000
1961-04-01,66793830.00000000000
1961-05-01,-56719030.00000000000
1961-06-01,22480560.00000000000
1961-07-01,43111030.00000000000
1961-08-01,7564039.00000000000
1961-09-01,39312190.00000000000
1961-10-01,-6057703.00000000000
1961-11-01,-15874290.00000000000
1961-12-01,17936880.00000000000
1962-01-01,1276957.00000000000
1962-02-01,-1565793.00000000000
1962-03-01,-29515120.00000000000
1962-04-01,14620390.00000000000
1962-05-01,-16918570.00000000000
1962-06-01,24821400.00000000000
1962-07-01,-26434770.00000000000
1962-08-01,7953925.00000000186
1962-09-01,-10273910.00000000000
1962-10-01,45707040.00000000000
1962-11-01,45833900.00000000000
1962-12-01,39707960.00000000000
1963-01-01,33559830.00000000000
1963-02-01,32000320.00000000000
1963-03-01,49204780.00000000000
1963-04-01,36710230.00000000000
1963-05-01,52981280.00000000000
1963-06-01,28199270.00000000000
1963-07-01,-261614.79999999999
1963-08-01,8401679.00000000000
1963-09-01,24165970.00000000000
1963-10-01,22867620.00000000000
1963-11-01,68775670.00000000000
1963-12-01,66276530.00000000000
1964-01-01,62231300.00000000000
1964-02-01,65162899.99999999255
1964-03-01,50193140.00000000000
1964-04-01,35054990.00000000000
1964-05-01,17138350.00000000000
1964-06-01,126598400.00000000000
1964-07-01,111311200.00000000000
1964-08-01,102660000.00000000000
1964-09-01,99424290.00000000000
1964-10-01,56961020.00000000000
1964-11-01,43946490.00000000000
1964-12-01,50289480.00000000000
1965-01-01,22167080.00000000000
1965-02-01,15161660.00000000000
1965-03-01,9091954.00000000000
1965-04-01,26473310.00000000000
1965-05-01,21653570.00000000000
1965-06-01,-29602310.00000000000
1965-07-01,22991930.00000000000
1965-08-01,14192890.00000000000
1965-09-01,-35936960.00000000000
1965-10-01,31862450.00000000000
1965-11-01,39763280.00000000000
1965-12-01,-1592027.00000000000
1966-01-01,45514750.00000000000
1966-02-01,25239610.00000000000
1966-03-01,-6662812.00000000000
1966-04-01,18262110.00000000000
1966-05-01,-5851157.00000000000
1966-06-01,-5882639.00000000000
1966-07-01,14003880.00000000000
1966-08-01,109926800.00000000000
1966-09-01,48185090.00000000000
1966-10-01,-21332980.00000000000
1966-11-01,35854160.00000000000
1966-12-01,28428590.00000000000
1967-01-01,105136800.00000000000
1967-02-01,54102930.00000000000
1967-03-01,8740940.00000000000
1967-04-01,19711550.00000000000
1967-05-01,30934780.00000000000
1967-06-01,70279510.00000000000
1967-07-01,2741156.00000000000
1967-08-01,46029390.00000000000
1967-09-01,-36148660.00000000000
1967-10-01,68100550.00000000000
1967-11-01,85789770.00000000000
1967-12-01,86490350.00000000000
1968-01-01,68409310.00000000000
1968-02-01,31948660.00000000000
1968-03-01,136063200.00000000000
1968-04-01,108535600.00000000000
1968-05-01,134935300.00000000000
1968-06-01,147662900.00000000000
1968-07-01,129556300.00000000000
1968-08-01,141989500.00000000000
1968-09-01,126371300.00000000000
1968-10-01,117460900.00000000000
1968-11-01,78486780.00000000000
1968-12-01,96242120.00000000000
1969-01-01,58880690.00000000000
1969-02-01,46311730.00000000000
1969-03-01,103737600.00000000000
1969-04-01,50920880.00000000000
1969-05-01,65073590.00000000000
1969-06-01,27591610.00000000000
1969-07-01,35117290.00000000000
1969-08-01,46662980.00000000000
1969-09-01,62866220.00000000000
1969-10-01,79177090.00000000000
1969-11-01,46459580.00000000000
1969-12-01,113742800.00000000000
1970-01-01,331596900.00000000000
1970-02-01,178105200.00000000000
1970-03-01,135584500.00000000000
1970-04-01,226328300.00000000000
1970-05-01,196675400.00000000000
1970-06-01,195726200.00000000000
1970-07-01,267197500.00000000000
1970-08-01,230087600.00000000000
1970-09-01,198674800.00000000000
1970-10-01,327754700.00000000000
1970-11-01,302628400.00000000000
1970-12-01,276100600.00000000000
1971-01-01,315723600.00000000000
1971-02-01,209581700.00000000000
1971-03-01,203710900.00000000000
1971-04-01,198127500.00000000000
1971-05-01,165762500.00000000000
1971-06-01,184776100.00000000000
1971-07-01,157576500.00000000000
1971-08-01,241053200.00000000000
1971-09-01,198786100.00000000000
1971-10-01,88816680.00000000000
1971-11-01,86412620.00000000000
1971-12-01,173545700.00000000000
1972-01-01,12131190.00000000000
1972-02-01,173506800.00000000000
1972-03-01,94901080.00000000000
1972-04-01,42838130.00000000000
1972-05-01,152737200.00000000000
1972-06-01,162825500.00000000000
1972-07-01,3399335.00000000000
1972-08-01,115882700.00000000000
1972-09-01,64630060.00000000000
1972-10-01,204323500.00000000000
1972-11-01,216019600.00000000000
1972-12-01,166398100.00000000000
1973-01-01,196699900.00000000000
1973-02-01,152255000.00000000000
1973-03-01,165733500.00000000000
1973-04-01,280887400.00000000000
1973-05-01,138371600.00000000000
1973-06-01,180389700.00000000000
1973-07-01,187153900.00000000000
1973-08-01,126771000.00000000000
1973-09-01,127261800.00000000000
1973-10-01,156360100.00000000000
1973-11-01,244228900.00000000000
1973-12-01,113744800.00000000000
1974-01-01,203116100.00000000000
1974-02-01,81631800.00000000000
1974-03-01,92377060.00000000000
1974-04-01,221084400.00000000000
1974-05-01,181779300.00000000000
1974-06-01,-73867540.00000000000
1974-07-01,43812170.00000000000
1974-08-01,109870000.00000000000
1974-09-01,40892480.00000000000
1974-10-01,26146750.00000000000
1974-11-01,-57439660.00000000000
1974-12-01,-158932400.00000000000
1975-01-01,-111172500.00000000000
1975-02-01,-75137160.00000000000
1975-03-01,-258860400.00000000000
1975-04-01,-129122600.00000000000
1975-05-01,-71500270.00000000000
1975-06-01,-226089300.00000000000
1975-07-01,-24194330.00000000000
1975-08-01,-312014500.00000000000
1975-09-01,-94017380.00000000000
1975-10-01,-65385890.00000000000
1975-11-01,-91350180.00000000000
1975-12-01,43993420.00000000000
1976-01-01,-43582810.00000000000
1976-02-01,-59843950.00000000000
1976-03-01,-55740840.00000000000
1976-04-01,71492460.00000000000
1976-05-01,68407600.00000000000
1976-06-01,63689430.00000000745
1976-07-01,146914200.00000000000
1976-08-01,251879600.00000000000
1976-09-01,206229900.00000000000
1976-10-01,219865100.00000000000
1976-11-01,-52316360.00000000000
1976-12-01,180485000.00000000000
1977-01-01,100759100.00000000000
1977-02-01,35916450.00000000000
1977-03-01,342034000.00000000000
1977-04-01,133630200.00000000000
1977-05-01,2127892.00000000000
1977-06-01,148220100.00000000000
1977-07-01,292199000.00000000000
1977-08-01,229485400.00000000000
1977-09-01,45960430.00000000000
1977-10-01,384961600.00000000000
1977-11-01,63637139.99999999255
1977-12-01,447275200.00000000000
1978-01-01,286380600.00000000000
1978-02-01,153853400.00000000000
1978-03-01,615964900.00000000000
1978-04-01,182938000.00000000000
1978-05-01,341125700.00000000000
1978-06-01,126889400.00000000000
1978-07-01,93155620.00000000000
1978-08-01,263656400.00000000000
1978-09-01,454524400.00000000000
1978-10-01,77171480.00000000000
1978-11-01,324225500.00000000000
1978-12-01,32816610.00000000373
1979-01-01,263023200.00000000000
1979-02-01,42566960.00000000000
1979-03-01,74962590.00000000000
1979-04-01,242023100.00000000000
1979-05-01,182564700.00000000000
1979-06-01,188649500.00000000000
1979-07-01,237668400.00000000000
1979-08-01,-107817900.00000000000
1979-09-01,608687900.00000000000
1979-10-01,285657000.00000000000
1979-11-01,95557240.00000000000
1979-12-01,678883300.00000000000
1980-01-01,423158100.00000000000
1980-02-01,671074500.00000000000
1980-03-01,619438700.00000000000
1980-04-01,277388300.00000000000
1980-05-01,339970200.00000000000
1980-06-01,656471100.00000000000
1980-07-01,729351700.00000000000
1980-08-01,828999600.00000000000
1980-09-01,704924200.00000000000
1980-10-01,464781500.00000000000
1980-11-01,689760400.00000000000
1980-12-01,531531100.00000005960
1981-01-01,640409600.00000000000
1981-02-01,339469000.00000000000
1981-03-01,355873400.00000000000
1981-04-01,297959900.00000000000
1981-05-01,105613400.00000000000
1981-06-01,333446100.00000000000
1981-07-01,216848200.00000000000
1981-08-01,330957900.00000000000
1981-09-01,32232720.00000000000
1981-10-01,340474600.00000000000
1981-11-01,821581900.00000000000
1981-12-01,451027700.00000000000
1982-01-01,986923500.00000000000
1982-02-01,993585200.00000000000
1982-03-01,1137931000.00000000000
1982-04-01,1290334000.00000000000
1982-05-01,1436836000.00000000000
1982-06-01,1565166000.00000000000
1982-07-01,1527849000.00000000000
1982-08-01,1418708000.00000000000
1982-09-01,2009762000.00000000000
1982-10-01,1342641000.00000000000
1982-11-01,1250129000.00000000000
1982-12-01,1739447000.00000000000
1983-01-01,1104905000.00000000000
1983-02-01,1537928000.00000000000
1983-03-01,1493213000.00000000000
1983-04-01,1491790000.00000000000
1983-05-01,1363274000.00000000000
1983-06-01,1507552000.00000000000
1983-07-01,1230998000.00000000000
1983-08-01,1280514000.00000000000
1983-09-01,954315100.00000000000
1983-10-01,604500900.00000000000
1983-11-01,1097536000.00000000000
1983-12-01,1241746000.00000000000
1984-01-01,1481487000.00000000000
1984-02-01,1104920000.00000000000
1984-03-01,1158258000.00000000000
1984-04-01,1304117000.00000000000
1984-05-01,1292732000.00000000000
1984-06-01,1472134000.00000000000
1984-07-01,1789431000.00000000000
1984-08-01,1279841000.00000000000
1984-09-01,1452290000.00000000000
1984-10-01,1359215000.00000000000
1984-11-01,1729704000.00000000000
1984-12-01,1348748000.00000000000
1985-01-01,1450309000.00000000000
1985-02-01,1678298000.00000000000
1985-03-01,2161422000.00000000000
1985-04-01,1492129000.00000000000
1985-05-01,1362704000.00000000000
1985-06-01,1160300000.00000000000
1985-07-01,51789700.00000000000
1985-08-01,1090726000.00000000000
1985-09-01,1344611000.00000000000
1985-10-01,1307099000.00000000000
1985-11-01,745331200.00000000000
1985-12-01,1123128000.00000000000
1986-01-01,1052400000.00000000000
1986-02-01,153900000.00000000000
1986-03-01,907900000.00000000000
1986-04-01,656300000.00000000000
1986-05-01,689300000.00000000000
1986-06-01,531400000.00000000000
1986-07-01,-96700000.00000000000
1986-08-01,295900000.00000000000
1986-09-01,1221900000.00000000000
1986-10-01,1164900000.00000000000
1986-11-01,693100000.00000000000
1986-12-01,887900000.00000000000
1987-01-01,659600000.00000000000
1987-02-01,1312000000.00000000000
1987-03-01,989100000.00000000000
1987-04-01,938700000.00000000000
1987-05-01,933700000.00000000000
1987-06-01,173900000.00000000000
1987-07-01,253600000.00000000000
1987-08-01,946500000.00000000000
1987-09-01,623800000.00000000000
1987-10-01,1025200000.00000000000
1987-11-01,655100000.00000000000
1987-12-01,336800000.00000000000
1988-01-01,-2186100000.00000000000
1988-02-01,1010600000.00000000000
1988-03-01,732600000.00000000000
1988-04-01,914600000.00000000000
1988-05-01,538600000.00000000000
1988-06-01,1507000000.00000000000
1988-07-01,944700000.00000000000
1988-08-01,419100000.00000000000
1988-09-01,738900000.00000000000
1988-10-01,1051500000.00000000000
1988-11-01,1025700000.00000000000
1988-12-01,530300000.00000000000
1989-01-01,912600000.00000000000
1989-02-01,417700000.00000000000
1989-03-01,171300000.00000000000
1989-04-01,-137300000.00000000000
1989-05-01,36900000.00000000000
1989-06-01,32500000.00000000000
1989-07-01,584700000.00000000000
1989-08-01,98300000.00000000000
1989-09-01,579900000.00000000000
1989-10-01,-64900000.00000000000
1989-11-01,746600000.00000000000
1989-12-01,132100000.00000000000
1990-01-01,677200000.00000000000
1990-02-01,247000000.00000000000
1990-03-01,575700000.00000000000
1990-04-01,875000000.00000000000
1990-05-01,1479300000.00000000000
1990-06-01,937900000.00000000000
1990-07-01,1674100000.00000000000
1990-08-01,1122600000.00000000000
1990-09-01,1783300000.00000000000
1990-10-01,1741600000.00000000000
1990-11-01,1047200000.00000000000
1990-12-01,594300000.00000000000
1991-01-01,492900000.00000000000
1991-02-01,997200000.00000000000
1991-03-01,887600000.00000000000
1991-04-01,1130900000.00000000000
1991-05-01,1406600000.00000000000
1991-06-01,1055900000.00000000000
1991-07-01,1060200000.00000000000
1991-08-01,1121700000.00000000000
1991-09-01,521100000.00000000000
1991-10-01,488600000.00000000000
1991-11-01,214400000.00000000000
1991-12-01,1168700000.00000000000
1992-01-01,725100000.00000000000
1992-02-01,1204700000.00000000000
1992-03-01,978600000.00000000000
1992-04-01,1407000000.00000000000
1992-05-01,1655700000.00000000000
1992-06-01,734200000.00000000000
1992-07-01,1088200000.00000000000
1992-08-01,1501300000.00000000000
1992-09-01,1221300000.00000000000
1992-10-01,1618000000.00000000000
1992-11-01,1408400000.00000000000
1992-12-01,1267100000.00000000000
1993-01-01,1825600000.00000000000
1993-02-01,1243300000.00000000000
1993-03-01,1307500000.00000000000
1993-04-01,1300400000.00000000000
1993-05-01,1791100000.00000000000
1993-06-01,1754400000.00000000000
1993-07-01,1451000000.00000000000
1993-08-01,1090600000.00000000000
1993-09-01,1802300000.00000000000
1993-10-01,1664700000.00000000000
1993-11-01,1366700000.00000000000
1993-12-01,966700000.00000000000
1994-01-01,1168700000.00000000000
1994-02-01,1397300000.00000000000
1994-03-01,1523800000.00000000000
1994-04-01,1687100000.00000000000
1994-05-01,1091000000.00000000000
1994-06-01,2207200000.00000000000
1994-07-01,3085400000.00000000000
1994-08-01,1583300000.00000000000
1994-09-01,2049900000.00000000000
1994-10-01,2218100000.00000000000
1994-11-01,2759400000.00000000000
1994-12-01,2169800000.00000000000
1995-01-01,2683600000.00000000000
1995-02-01,3100200000.00000000000
1995-03-01,2490900000.00000000000
1995-04-01,3121200000.00000000000
1995-05-01,1978600000.00000000000
1995-06-01,2923200000.00000000000
1995-07-01,2236200000.00000000000
1995-08-01,3311100000.00000000000
1995-09-01,3780700000.00000000000
1995-10-01,3473100000.00000000000
1995-11-01,3634800000.00000000000
1995-12-01,3980600000.00000000000
1996-01-01,3221900000.00000000000
1996-02-01,2857400000.00000000000
1996-03-01,3366400000.00000000000
1996-04-01,3857300000.00000000000
1996-05-01,4719200000.00000000000
1996-06-01,4192500000.00000000000
1996-07-01,3880700000.00000000000
1996-08-01,4213600000.00000000000
1996-09-01,3833300000.00000000000
1996-10-01,2678700000.00000000000
1996-11-01,2842600000.00000000000
1996-12-01,3590100000.00000000000
1997-01-01,2979400000.00000000000
1997-02-01,2910000000.00000000000
1997-03-01,3237400000.00000000000
1997-04-01,1961900000.00000000000
1997-05-01,2386400000.00000000000
1997-06-01,1520100000.00000000000
1997-07-01,2286800000.00000000000
1997-08-01,1654900000.00000000000
1997-09-01,1416900000.00000000000
1997-10-01,1026700000.00000000000
1997-11-01,1766000000.00000000000
1997-12-01,1976300000.00000000000
1998-01-01,1046100000.00000000000
1998-02-01,1386500000.00000000000
1998-03-01,1419300000.00000000000
1998-04-01,1811400000.00000000000
1998-05-01,1604200000.00000000000
1998-06-01,903900000.00000000000
1998-07-01,2145200000.00000000000
1998-08-01,2042200000.00000000000
1998-09-01,2079800000.00000000000
1998-10-01,1608600000.00000000000
1998-11-01,1941200000.00000000000
1998-12-01,2040500000.00000000000
1999-01-01,2762100000.00000000000
1999-02-01,2617900000.00000000000
1999-03-01,2394200000.00000000000
1999-04-01,2397900000.00000000000
1999-05-01,2336500000.00000000000
1999-06-01,2912600000.00000000000
1999-07-01,3503700000.00000000000
1999-08-01,3639000000.00000000000
1999-09-01,3115400000.00000000000
1999-10-01,3050000000.00000000000
1999-11-01,3434200000.00000000000
1999-12-01,2848900000.00000000000
2000-01-01,4396600000.00000000000
2000-02-01,3612600000.00000000000
2000-03-01,4330600000.00000000000
2000-04-01,3794300000.00000000000
2000-05-01,4058700000.00000000000
2000-06-01,5129400000.00000000000
2000-07-01,4915700000.00000000000
2000-08-01,4883900000.00000000000
2000-09-01,4569900000.00000000000
2000-10-01,5581000000.00000000000
2000-11-01,4917100000.00000000000
2000-12-01,6033500000.00000000000
2001-01-01,8053500000.00000000000
2001-02-01,6336900000.00000000000
2001-03-01,5943100000.00000000000
2001-04-01,5738900000.00000000000
2001-05-01,5864500000.00000000000
2001-06-01,4199100000.00000000000
2001-07-01,4242600000.00000095367
2001-08-01,3431300000.00000000000
2001-09-01,4390800000.00000000000
2001-10-01,3385200000.00000000000
2001-11-01,5181300000.00000000000
2001-12-01,4208000000.00000000000
2002-01-01,4138700000.00000000000
2002-02-01,4741600000.00000000000
2002-03-01,3681600000.00000000000
2002-04-01,4606700000.00000000000
2002-05-01,4517300000.00000000000
2002-06-01,2598800000.00000000000
2002-07-01,3663900000.00000000000
2002-08-01,3434600000.00000000000
2002-09-01,4336500000.00000000000
2002-10-01,4384700000.00000000000
2002-11-01,4111100000.00000095367
2002-12-01,3209500000.00000000000
2003-01-01,3894500000.00000000000
2003-02-01,3758800000.00000000000
2003-03-01,5194000000.00000000000
2003-04-01,2687300000.00000000000
2003-05-01,2854300000.00000000000
2003-06-01,2505400000.00000000000
2003-07-01,4057200000.00000000000
2003-08-01,4397200000.00000000000
2003-09-01,4273300000.00000000000
2003-10-01,4065600000.00000000000
2003-11-01,3758900000.00000000000
2003-12-01,3584600000.00000000000
2004-01-01,4289200000.00000000000
2004-02-01,4711600000.00000000000
2004-03-01,5185300000.00000000000
2004-04-01,5399400000.00000000000
2004-05-01,4250100000.00000000000
2004-06-01,7016300000.00000000000
2004-07-01,4792700000.00000000000
2004-08-01,5311600000.00000000000
2004-09-01,4043900000.00000000000
2004-10-01,3591600000.00000000000
2004-11-01,4402500000.00000000000
2004-12-01,3409700000.00000000000
2005-01-01,3387200000.00000000000
2005-02-01,3743000000.00000000000
2005-03-01,3228800000.00000000000
2005-04-01,3960500000.00000000000
2005-05-01,3803700000.00000000000
2005-06-01,3181700000.00000000000
2005-07-01,4332300000.00000000000
2005-08-01,4881700000.00000000000
2005-09-01,5670900000.00000000000
2005-10-01,7306000000.00000000000
2005-11-01,5819600000.00000000000
2005-12-01,6177200000.00000000000
2006-01-01,5041800000.00000000000
2006-02-01,5141200000.00000000000
2006-03-01,3778400000.00000000000
2006-04-01,3333500000.00000000000
2006-05-01,3148400000.00000000000
2006-06-01,3285100000.00000000000
2006-07-01,3099500000.00000000000
2006-08-01,2648700000.00000000000
2006-09-01,2969800000.00000000000
2006-10-01,3022000000.00000000000
2006-11-01,3428000000.00000000000
2006-12-01,4424800000.00000000000
2007-01-01,4761900000.00000000000
2007-02-01,3674100000.00000000000
2007-03-01,4338600000.00000000000
2007-04-01,4532400000.00000000000
2007-05-01,4735800000.00000000000
2007-06-01,4489000000.00000000000
2007-07-01,2956100000.00000000000
2007-08-01,3160500000.00000000000
2007-09-01,2395200000.00000000000
2007-10-01,2894700000.00000000000
2007-11-01,3013500000.00000000000
2007-12-01,2067800000.00000000000
2008-01-01,2693000000.00000000000
2008-02-01,4135800000.00000000000
2008-03-01,4322900000.00000000000
2008-04-01,5831400000.00000000000
2008-05-01,4671900000.00000000000
2008-06-01,4452000000.00000000000
2008-07-01,6786100000.00000000000
2008-08-01,5897600000.00000000000
2008-09-01,4353200000.00000000000
2008-10-01,4302100000.00000000000
2008-11-01,2085200000.00000000000
2008-12-01,-42000000.00000000000
2009-01-01,-1185900000.00000000000
2009-02-01,-132600000.00000000000
2009-03-01,671400000.00000000000
2009-04-01,-788600000.00000000000
2009-05-01,-1097900000.00000000000
2009-06-01,-333100000.00000000000
2009-07-01,123000000.00000000000
2009-08-01,-1016900000.00000000000
2009-09-01,-800800000.00000000000
2009-10-01,256100000.00000000000
2009-11-01,-937800000.00000000000
2009-12-01,-362800000.00000000000
2010-01-01,473300000.00000000000
2010-02-01,187900000.00000000000
2010-03-01,-249500000.00000000000
2010-04-01,-64000000.00000000000
2010-05-01,-426300000.00000000000
2010-06-01,-873400000.00000000000
2010-07-01,-1608300000.00000000000
2010-08-01,-995100000.00000000000
2010-09-01,-2050200000.00000000000
2010-10-01,-1411200000.00000000000
2010-11-01,-302300000.00000000000
2010-12-01,2474700000.00000000000
2011-01-01,-112800000.00000000000
2011-02-01,-475600000.00000000000
2011-03-01,-373600000.00000000000
2011-04-01,-996500000.00000000000
2011-05-01,-852800000.00000000000
2011-06-01,-1054600000.00000000000
2011-07-01,21300000.00000000000
2011-08-01,616600000.00000000000
2011-09-01,1537300000.00000000000
2011-10-01,-754800000.00000000000
2011-11-01,1009500000.00000000000
2011-12-01,1477000000.00000000000
2012-01-01,102100000.00000000000
2012-02-01,40300000.00000000000
2012-03-01,-291100000.00000000000
2012-04-01,267700000.00000000000
2012-05-01,-539200000.00000000000
2012-06-01,-1886900000.00000000000
2012-07-01,-1406300000.00000000000
2012-08-01,-967900000.00000000000
2012-09-01,-1438700000.00000000000
2012-10-01,102900000.00000000000
2012-11-01,-534100000.00000000000
2012-12-01,-349800000.00000000000
2013-01-01,-54700000.00000000000
2013-02-01,-12800000.00000000000
2013-03-01,-468200000.00000000000
2013-04-01,-118200000.00000000000
2013-05-01,947500000.00000000000
2013-06-01,-1338100000.00000000000
2013-07-01,-843700000.00000000000
2013-08-01,-1021200000.00000000000
2013-09-01,-495600000.00000000000
2013-10-01,391100000.00000000000
2013-11-01,-46600000.00000000000
2013-12-01,-653400000.00000000000
2014-01-01,226900000.00000000000
2014-02-01,559500000.00000000000
2014-03-01,1865000000.00000000000
2014-04-01,942800000.00000000000
2014-05-01,1477900000.00000000000
2014-06-01,1822400000.00000000000
2014-07-01,2430000000.00000000000
2014-08-01,685900000.00000000000
2014-09-01,1765600000.00000000000
2014-10-01,889100000.00000000000
2014-11-01,533100000.00000000000
2014-12-01,1374600000.00000000000
2015-01-01,-212000000.00000000000
2015-02-01,-585900000.00000000000
2015-03-01,-2227400000.00000000000
2015-04-01,-1846900000.00000000000
2015-05-01,-2844600000.00000000000
2015-06-01,605900000.00000000000
2015-07-01,304600000.00000000000
2015-08-01,194800000.00000000000
2015-09-01,-384400000.00000000000
2015-10-01,-2063600000.00000000000
2015-11-01,-2154700000.00000000000
2015-12-01,-871500000.00000000000
2016-01-01,-278300000.00000000000
2016-02-01,-1699600000.00000000000
2016-03-01,-2403800000.00000000000
2016-04-01,-2647800000.00000000000
2016-05-01,-3274400000.00000000000
2016-06-01,-2839300000.00000000000
2016-07-01,-1205300000.00000000000
2016-08-01,-690000000.00000000000
2016-09-01,-3285800000.00000000000
2016-10-01,-559200000.00000000000
2016-11-01,1934900000.00000000000
2016-12-01,468700000.00000000000
2017-01-01,574800000.00000000000
2017-02-01,377000000.00000000000
2017-03-01,286900000.00000000000
2017-04-01,-37600000.00000000000
2017-05-01,-694900000.00000000000
2017-06-01,-2686700000.00000000000
2017-07-01,-2238600000.00000000000
2017-08-01,-2709400000.00000000000
2017-09-01,-2954600000.00000000000
2017-10-01,-1255100000.00000000000
2017-11-01,-2177500000.00000000000
2017-12-01,-2426600000.00000000000
2018-01-01,-1369800000.00000000000
2018-02-01,-1729400000.00000000000
2018-03-01,-2591600000.00000000000
2018-04-01,-1053700000.00000000000
2018-05-01,-1800300000.00000000000
2018-06-01,331800000.00000000000
2018-07-01,486100000.00000000000
2018-08-01,150900000.00000000000
2018-09-01,-247200000.00000000000
2018-10-01,95600000.00000000000
2018-11-01,-690200000.00000000000
2018-12-01,-3173100000.00000000000
2019-01-01,-4755900000.00000000000
2019-02-01,-4030400000.00000000000
2019-03-01,-1930800000.00000000000
2019-04-01,-682500000.00000000000
2019-05-01,1114400000.00000000000
2019-06-01,294500000.00000000000
2019-07-01,124200000.00000000000
2019-08-01,-421000000.00000000000
2019-09-01,-72600000.00000000000
2019-10-01,-456200000.00000000000
2019-11-01,-426500000.00000000000
2019-12-01,1362800000.00000000000
2020-01-01,-908100000.00000000000
2020-02-01,-72400000.00000000000
2020-03-01,-844000000.00000000000
2020-04-01,-2650800000.00000000000
2020-05-01,-768000000.00000000000
2020-06-01,-2582000000.00000000000
2020-07-01,-2813500000.00000000000
2020-08-01,-2149400000.00000000000
2020-09-01,-1981600000.00000000000
2020-10-01,-2566200000.00000000000
2020-11-01,-2340700000.00000000000
2020-12-01,-1416200000.00000000000
2021-01-01,1548100000.00000000000
2021-02-01,1620400000.00000000000
2021-03-01,-869800000.00000000000
2021-04-01,292400000.00000000000
2021-05-01,-1188100000.00000000000
2021-06-01,3193300000.00000000000
2021-07-01,843600000.00000000000
2021-08-01,2766200000.00000000000
2021-09-01,1979500000.00000000000
2021-10-01,1423900000.00000000000
2021-11-01,3570200000.00000000000
2021-12-01,-86100000.00000000000
2022-01-01,3245600000.00000000000
2022-02-01,3244500000.00000000000
2022-03-01,2627700000.00000000000
2022-04-01,2554400000.00000000000
2022-05-01,9070700000.00000000000
2022-06-01,4724900000.00000000000
2022-07-01,4027500000.00000000000
2022-08-01,2797600000.00000000000
2022-09-01,2110000000.00000000000
2022-10-01,682400000.00000000000
2022-11-01,1169700000.00000000000
2022-12-01,2748900000.00000000000
2023-01-01,1964300000.00000000000
2023-02-01,312300000.00000000000
2023-03-01,2855900000.00000000000
2023-04-01,3005800000.00000000000
2023-05-01,-743400000.00000000000
2023-06-01,-3704000000.00000000000
2023-07-01,21500000.00000000000
2023-08-01,1017700000.00000000000
2023-09-01,1218500000.00000000000
2023-10-01,3031200000.00000000000
2023-11-01,2393900000.00000000000
2023-12-01,-607200000.00000000000
2024-01-01,450800000.00000000000
2024-02-01,823000000.00000000000
2024-03-01,74400000.00000000000
2024-04-01,1031600000.00000000000
2024-05-01,-304600000.00000000000
2024-06-01,1533400000.00000000000
2024-07-01,2805300000.00000000000
2024-08-01,-443900000.00000000000
2024-09-01,862900000.00000000000
2024-10-01,1366800000.00000000000
2024-11-01,1463700000.00000000000
2024-12-01,3896200000.00000000000
2025-01-01,6493900000.00000000000
2025-02-01,2615300000.00000000000
2025-03-01,964300000.00000000000
2025-04-01,-3957800000.00000000000
2025-05-01,-3953100000.00000000000
2025-06-01,-5871600000.00000000000
2025-07-01,-3138900000.00000000000
2025-08-01,-4801100000.00000000000
2025-09-01,1215200000.00000000000
2025-10-01,-76000000.00000000000
2025-11-01,-973400000.00000000000
2025-12-01,612600000.00000000000
2026-01-01,-4150000000.00000095367
2026-02-01,-3828600000.00000000000
2026-03-01,323200000.00000000000
2026-04-01,3263900000.00000000000
2026-05-01,3470200000.00000000000
2026-06-01,6018400000.00000000000
