observation_date,XTNTVA01DEM664S
1950-01-01,-230000000.0000000
1950-02-01,-110000000.0000000
1950-03-01,-100000000.0000000
1950-04-01,-120000000.0000000
1950-05-01,-60000000.0000000
1950-06-01,-90000000.0000000
1950-07-01,-130000000.0000000
1950-08-01,-90000000.0000000
1950-09-01,-150000000.0000000
1950-10-01,-180000000.0000000
1950-11-01,-90000000.0000000
1950-12-01,-180000000.0000000
1951-01-01,-100000000.0000000
1951-02-01,-100000000.0000000
1951-03-01,-70000000.0000000
1951-04-01,30000000.0000000
1951-05-01,10000000.0000000
1951-06-01,60000000.0000000
1951-07-01,50000000.0000000
1951-08-01,10000000.0000000
1951-09-01,-70000000.0000000
1951-10-01,60000000.0000000
1951-11-01,-30000000.0000000
1951-12-01,60000000.0000000
1952-01-01,40000000.0000000
1952-02-01,-70000000.0000000
1952-03-01,-30000000.0000000
1952-04-01,20000000.0000000
1952-05-01,90000000.0000000
1952-06-01,120000000.0000000
1952-07-01,100000000.0000000
1952-08-01,50000000.0000000
1952-09-01,110000000.0000000
1952-10-01,0.0000000
1952-11-01,0.0000000
1952-12-01,-20000000.0000000
1953-01-01,30000000.0000000
1953-02-01,60000000.0000000
1953-03-01,110000000.0000000
1953-04-01,160000000.0000000
1953-05-01,70000000.0000000
1953-06-01,70000000.0000000
1953-07-01,120000000.0000000
1953-08-01,100000000.0000000
1953-09-01,90000000.0000000
1953-10-01,160000000.0000000
1953-11-01,120000000.0000000
1953-12-01,190000000.0000000
1954-01-01,190000000.0000000
1954-02-01,190000000.0000000
1954-03-01,160000000.0000000
1954-04-01,110000000.0000000
1954-05-01,90000000.0000000
1954-06-01,40000000.0000000
1954-07-01,150000000.0000000
1954-08-01,140000000.0000000
1954-09-01,100000000.0000000
1954-10-01,90000000.0000000
1954-11-01,60000000.0000000
1954-12-01,60000000.0000000
1955-01-01,170000000.0000000
1955-02-01,60000000.0000000
1955-03-01,100000000.0000000
1955-04-01,0.0000000
1955-05-01,70000000.0000000
1955-06-01,-10000000.0000000
1955-07-01,0.0000000
1955-08-01,-50000000.0000000
1955-09-01,0.0000000
1955-10-01,80000000.0000000
1955-11-01,110000000.0000000
1955-12-01,60000000.0000000
1956-01-01,120000000.0000000
1956-02-01,120000000.0000000
1956-03-01,80000000.0000000
1956-04-01,230000000.0000000
1956-05-01,80000000.0000000
1956-06-01,140000000.0000000
1956-07-01,80000000.0000000
1956-08-01,30000000.0000000
1956-09-01,150000000.0000000
1956-10-01,140000000.0000000
1956-11-01,130000000.0000000
1956-12-01,200000000.0000000
1957-01-01,70000000.0000000
1957-02-01,140000000.0000000
1957-03-01,240000000.0000000
1957-04-01,150000000.0000000
1957-05-01,190000000.0000000
1957-06-01,200000000.0000000
1957-07-01,150000000.0000000
1957-08-01,230000000.0000000
1957-09-01,140000000.0000000
1957-10-01,170000000.0000000
1957-11-01,200000000.0000000
1957-12-01,200000000.0000000
1958-01-01,30000000.0000000
1958-02-01,220000000.0000000
1958-03-01,170000000.0000000
1958-04-01,270000000.0000000
1958-05-01,240000000.0000000
1958-06-01,220000000.0000000
1958-07-01,210000000.0000000
1958-08-01,260000000.0000000
1958-09-01,270000000.0000000
1958-10-01,270000000.0000000
1958-11-01,200000000.0000000
1958-12-01,190000000.0000000
1959-01-01,210000000.0000000
1959-02-01,300000000.0000000
1959-03-01,190000000.0000000
1959-04-01,160000000.0000000
1959-05-01,210000000.0000000
1959-06-01,250000000.0000000
1959-07-01,210000000.0000000
1959-08-01,210000000.0000000
1959-09-01,250000000.0000000
1959-10-01,270000000.0000000
1959-11-01,360000000.0000000
1959-12-01,140000000.0000000
1960-01-01,310000000.0000000
1960-02-01,160000000.0000000
1960-03-01,270000000.0000000
1960-04-01,160000000.0000000
1960-05-01,130000000.0000000
1960-06-01,110000000.0000000
1960-07-01,280000000.0000000
1960-08-01,120000000.0000000
1960-09-01,260000000.0000000
1960-10-01,210000000.0000000
1960-11-01,280000000.0000000
1960-12-01,310000000.0000000
1961-01-01,370000000.0000000
1961-02-01,420000000.0000000
1961-03-01,260000000.0000000
1961-04-01,370000000.0000000
1961-05-01,100000000.0000000
1961-06-01,380000000.0000000
1961-07-01,320000000.0000000
1961-08-01,340000000.0000000
1961-09-01,320000000.0000000
1961-10-01,180000000.0000000
1961-11-01,200000000.0000000
1961-12-01,180000000.0000000
1962-01-01,20000000.0000000
1962-02-01,-30000000.0000000
1962-03-01,190000000.0000000
1962-04-01,250000000.0000000
1962-05-01,90000000.0000000
1962-06-01,200000000.0000000
1962-07-01,200000000.0000000
1962-08-01,210000000.0000000
1962-09-01,260000000.0000000
1962-10-01,190000000.0000000
1962-11-01,140000000.0000000
1962-12-01,90000000.0000000
1963-01-01,30000000.0000000
1963-02-01,110000000.0000000
1963-03-01,90000000.0000000
1963-04-01,220000000.0000000
1963-05-01,230000000.0000000
1963-06-01,210000000.0000000
1963-07-01,200000000.0000000
1963-08-01,410000000.0000000
1963-09-01,230000000.0000000
1963-10-01,350000000.0000000
1963-11-01,550000000.0000000
1963-12-01,430000000.0000000
1964-01-01,360000000.0000000
1964-02-01,470000000.0000000
1964-03-01,330000000.0000000
1964-04-01,360000000.0000000
1964-05-01,360000000.0000000
1964-06-01,340000000.0000000
1964-07-01,150000000.0000000
1964-08-01,190000000.0000000
1964-09-01,160000000.0000000
1964-10-01,170000000.0000000
1964-11-01,110000000.0000000
1964-12-01,70000000.0000000
1965-01-01,130000000.0000000
1965-02-01,190000000.0000000
1965-03-01,140000000.0000000
1965-04-01,20000000.0000000
1965-05-01,70000000.0000000
1965-06-01,-30000000.0000000
1965-07-01,90000000.0000000
1965-08-01,-50000000.0000000
1965-09-01,-130000000.0000000
1965-10-01,10000000.0000000
1965-11-01,20000000.0000000
1965-12-01,110000000.0000000
1966-01-01,170000000.0000000
1966-02-01,160000000.0000000
1966-03-01,0.0000000
1966-04-01,200000000.0000000
1966-05-01,270000000.0000000
1966-06-01,340000000.0000000
1966-07-01,500000000.0000000
1966-08-01,320000000.0000000
1966-09-01,490000000.0000000
1966-10-01,350000000.0000000
1966-11-01,460000000.0000000
1966-12-01,670000000.0000000
1967-01-01,840000000.0000000
1967-02-01,740000000.0000000
1967-03-01,640000000.0000000
1967-04-01,980000000.0000000
1967-05-01,610000000.0000000
1967-06-01,740000000.0000000
1967-07-01,690000000.0000000
1967-08-01,660000000.0000000
1967-09-01,780000000.0000000
1967-10-01,720000000.0000000
1967-11-01,680000000.0000000
1967-12-01,510000000.0000000
1968-01-01,770000000.0000000
1968-02-01,630000000.0000000
1968-03-01,790000000.0000000
1968-04-01,610000000.0000000
1968-05-01,570000000.0000000
1968-06-01,750000000.0000000
1968-07-01,660000000.0000000
1968-08-01,820000000.0000000
1968-09-01,790000000.0000000
1968-10-01,720000000.0000000
1968-11-01,1180000000.0000000
1968-12-01,1110000000.0000000
1969-01-01,190000000.0000000
1969-02-01,510000000.0000000
1969-03-01,690000000.0000000
1969-04-01,720000000.0000000
1969-05-01,700000000.0000000
1969-06-01,810000000.0000000
1969-07-01,790000000.0000000
1969-08-01,740000000.0000000
1969-09-01,630000000.0000000
1969-10-01,580000000.0000000
1969-11-01,900000000.0000000
1969-12-01,710000000.0000000
1970-01-01,260000000.0000000
1970-02-01,650000000.0000000
1970-03-01,690000000.0000000
1970-04-01,560000000.0000000
1970-05-01,600000000.0000000
1970-06-01,760000000.0000000
1970-07-01,910000000.0000000
1970-08-01,690000000.0000000
1970-09-01,620000000.0000000
1970-10-01,740000000.0000000
1970-11-01,460000000.0000000
1970-12-01,950000000.0000000
1971-01-01,700000000.0000000
1971-02-01,450000000.0000000
1971-03-01,770000000.0000000
1971-04-01,590000000.0000000
1971-05-01,620000000.0000000
1971-06-01,710000000.0000000
1971-07-01,640000000.0000000
1971-08-01,870000000.0000000
1971-09-01,900000000.0000000
1971-10-01,710000000.0000000
1971-11-01,560000000.0000000
1971-12-01,550000000.0000000
1972-01-01,830000000.0000000
1972-02-01,850000000.0000000
1972-03-01,670000000.0000000
1972-04-01,770000000.0000000
1972-05-01,620000000.0000000
1972-06-01,820000000.0000000
1972-07-01,830000000.0000000
1972-08-01,860000000.0000000
1972-09-01,760000000.0000000
1972-10-01,1180000000.0000000
1972-11-01,930000000.0000000
1972-12-01,1150000000.0000000
1973-01-01,1120000000.0000000
1973-02-01,970000000.0000000
1973-03-01,990000000.0000000
1973-04-01,1420000000.0000000
1973-05-01,1260000000.0000000
1973-06-01,1110000000.0000000
1973-07-01,1490000000.0000000
1973-08-01,1940000000.0000000
1973-09-01,1980000000.0000000
1973-10-01,1690000000.0000000
1973-11-01,1710000000.0000000
1973-12-01,1350000000.0000000
1974-01-01,2220000000.0000000
1974-02-01,2690000000.0000000
1974-03-01,2120000000.0000000
1974-04-01,2330000000.0000000
1974-05-01,2280000000.0000000
1974-06-01,1750000000.0000000
1974-07-01,2240000000.0000000
1974-08-01,2060000000.0000000
1974-09-01,2040000000.0000000
1974-10-01,1940000000.0000000
1974-11-01,2150000000.0000000
1974-12-01,2320000000.0000000
1975-01-01,2240000000.0000000
1975-02-01,1890000000.0000000
1975-03-01,1720000000.0000000
1975-04-01,1320000000.0000000
1975-05-01,1710000000.0000000
1975-06-01,1850000000.0000000
1975-07-01,1910000000.0000000
1975-08-01,1250000000.0000000
1975-09-01,1300000000.0000000
1975-10-01,1080000000.0000000
1975-11-01,1750000000.0000000
1975-12-01,1240000000.0000000
1976-01-01,1710000000.0000000
1976-02-01,1180000000.0000000
1976-03-01,1630000000.0000000
1976-04-01,1130000000.0000000
1976-05-01,1580000000.0000000
1976-06-01,1270000000.0000000
1976-07-01,1470000000.0000000
1976-08-01,990000000.0000000
1976-09-01,2220000000.0000000
1976-10-01,1490000000.0000000
1976-11-01,1500000000.0000000
1976-12-01,1150000000.0000000
1977-01-01,1480000000.0000000
1977-02-01,1500000000.0000000
1977-03-01,1680000000.0000000
1977-04-01,1500000000.0000000
1977-05-01,1770000000.0000000
1977-06-01,1690000000.0000000
1977-07-01,1130000000.0000000
1977-08-01,1710000000.0000000
1977-09-01,1680000000.0000000
1977-10-01,2080000000.0000000
1977-11-01,1490000000.0000000
1977-12-01,1620000000.0000000
1978-01-01,1550000000.0000000
1978-02-01,1610000000.0000000
1978-03-01,1880000000.0000000
1978-04-01,1600000000.0000000
1978-05-01,1540000000.0000000
1978-06-01,1990000000.0000000
1978-07-01,1160000000.0000000
1978-08-01,2090000000.0000000
1978-09-01,2300000000.0000000
1978-10-01,1970000000.0000000
1978-11-01,1680000000.0000000
1978-12-01,1700000000.0000000
1979-01-01,1450000000.0000000
1979-02-01,1360000000.0000000
1979-03-01,1370000000.0000000
1979-04-01,1700000000.0000000
1979-05-01,880000000.0000000
1979-06-01,1040000000.0000000
1979-07-01,640000000.0000000
1979-08-01,1030000000.0000000
1979-09-01,760000000.0000000
1979-10-01,360000000.0000000
1979-11-01,630000000.0000000
1979-12-01,300000000.0000000
1980-01-01,770000000.0000000
1980-02-01,300000000.0000000
1980-03-01,610000000.0000000
1980-04-01,530000000.0000000
1980-05-01,70000000.0000000
1980-06-01,220000000.0000000
1980-07-01,430000000.0000000
1980-08-01,510000000.0000000
1980-09-01,450000000.0000000
1980-10-01,260000000.0000000
1980-11-01,110000000.0000000
1980-12-01,290000000.0000000
1981-01-01,170000000.0000000
1981-02-01,560000000.0000000
1981-03-01,-430000000.0000000
1981-04-01,1640000000.0000000
1981-05-01,710000000.0000000
1981-06-01,980000000.0000000
1981-07-01,2220000000.0000000
1981-08-01,600000000.0000000
1981-09-01,1400000000.0000000
1981-10-01,2010000000.0000000
1981-11-01,1790000000.0000000
1981-12-01,2200000000.0000000
1982-01-01,1490000000.0000000
1982-02-01,2050000000.0000000
1982-03-01,2540000000.0000000
1982-04-01,1750000000.0000000
1982-05-01,2540000000.0000000
1982-06-01,2410000000.0000000
1982-07-01,2310000000.0000000
1982-08-01,2130000000.0000000
1982-09-01,2260000000.0000000
1982-10-01,1600000000.0000000
1982-11-01,2240000000.0000000
1982-12-01,2660000000.0000000
1983-01-01,2210000000.0000000
1983-02-01,2080000000.0000000
1983-03-01,2230000000.0000000
1983-04-01,1540000000.0000000
1983-05-01,1740000000.0000000
1983-06-01,1970000000.0000000
1983-07-01,1440000000.0000000
1983-08-01,1970000000.0000000
1983-09-01,1440000000.0000000
1983-10-01,1790000000.0000000
1983-11-01,1430000000.0000000
1983-12-01,1430000000.0000000
1984-01-01,1770000000.0000000
1984-02-01,2490000000.0000000
1984-03-01,2010000000.0000000
1984-04-01,1590000000.0000000
1984-05-01,2160000000.0000000
1984-06-01,730000000.0000000
1984-07-01,1720000000.0000000
1984-08-01,2720000000.0000000
1984-09-01,2560000000.0000000
1984-10-01,3800000000.0000000
1984-11-01,3190000000.0000000
1984-12-01,2800000000.0000000
1985-01-01,1960000000.0000000
1985-02-01,2690000000.0000000
1985-03-01,3030000000.0000000
1985-04-01,3100000000.0000000
1985-05-01,3490000000.0000000
1985-06-01,3110000000.0000000
1985-07-01,3310000000.0000000
1985-08-01,2270000000.0000000
1985-09-01,3460000000.0000000
1985-10-01,3960000000.0000000
1985-11-01,3470000000.0000000
1985-12-01,3680000000.0000000
1986-01-01,4310000000.0000000
1986-02-01,3940000000.0000000
1986-03-01,4380000000.0000000
1986-04-01,5170000000.0000000
1986-05-01,4220000000.0000000
1986-06-01,5170000000.0000000
1986-07-01,5390000000.0000000
1986-08-01,5140000000.0000000
1986-09-01,4790000000.0000000
1986-10-01,4920000000.0000000
1986-11-01,5260000000.0000000
1986-12-01,5350000000.0000000
1987-01-01,4390000000.0000000
1987-02-01,5660000000.0000000
1987-03-01,4660000000.0000000
1987-04-01,5110000000.0000000
1987-05-01,5410000000.0000000
1987-06-01,4530000000.0000000
1987-07-01,4880000000.0000000
1987-08-01,4010000000.0000000
1987-09-01,5290000000.0000000
1987-10-01,4810000000.0000000
1987-11-01,5450000000.0000000
1987-12-01,5890000000.0000000
1988-01-01,5310000000.0000000
1988-02-01,4320000000.0000000
1988-03-01,3620000000.0000000
1988-04-01,5510000000.0000000
1988-05-01,5130000000.0000000
1988-06-01,7350000000.0000000
1988-07-01,5920000000.0000000
1988-08-01,5250000000.0000000
1988-09-01,5130000000.0000000
1988-10-01,5220000000.0000000
1988-11-01,6420000000.0000000
1988-12-01,5940000000.0000000
1989-01-01,6780000000.0000000
1989-02-01,6090000000.0000000
1989-03-01,6040000000.0000000
1989-04-01,5650000000.0000000
1989-05-01,5460000000.0000000
1989-06-01,6600000000.0000000
1989-07-01,5680000000.0000000
1989-08-01,6120000000.0000000
1989-09-01,5890000000.0000000
1989-10-01,4480000000.0000000
1989-11-01,5210000000.0000000
1989-12-01,4940000000.0000000
1990-01-01,7220000000.0000000
1990-02-01,5970000000.0000000
1990-03-01,6080000000.0000000
1990-04-01,4780000000.0000000
1990-05-01,5800000000.0000000
1990-06-01,4320000000.0000000
1990-07-01,5210000000.0000000
1990-08-01,4010000000.0000000
1990-09-01,3820000000.0000000
1990-10-01,3690000000.0000000
1990-11-01,1520000000.0000000
1990-12-01,2090000000.0000000
1991-01-01,1630000000.0000000
1991-02-01,1780000000.0000000
1991-03-01,1400000000.0000000
1991-04-01,-140000000.0000000
1991-05-01,-390000000.0000000
1991-06-01,-270000000.0000000
1991-07-01,320000000.0000000
1991-08-01,1590000000.0000000
1991-09-01,280000000.0000000
1991-10-01,780000000.0000000
1991-11-01,1810000000.0000000
1991-12-01,3030000000.0000000
1992-01-01,890000000.0000000
1992-02-01,1440000000.0000000
1992-03-01,2250000000.0000000
1992-04-01,1680000000.0000000
1992-05-01,660000000.0000000
1992-06-01,640000000.0000000
1992-07-01,830000000.0000000
1992-08-01,3010000000.0000000
1992-09-01,2360000000.0000000
1992-10-01,2290000000.0000000
1992-11-01,890000000.0000000
1992-12-01,450000000.0000000
1993-01-01,1540000000.0000000
1993-02-01,3270000000.0000000
1993-03-01,3130000000.0000000
1993-04-01,1640000000.0000000
1993-05-01,2650000000.0000000
1993-06-01,2720000000.0000000
1993-07-01,1960000000.0000000
1993-08-01,2030000000.0000000
1993-09-01,2430000000.0000000
1993-10-01,3140000000.0000000
1993-11-01,2260000000.0000000
1993-12-01,3440000000.0000000
1994-01-01,3000000000.0000000
1994-02-01,2770000000.0000000
1994-03-01,2710000000.0000000
1994-04-01,3440000000.0000000
1994-05-01,3200000000.0000000
1994-06-01,4130000000.0000000
1994-07-01,1910000000.0000000
1994-08-01,4340000000.0000000
1994-09-01,2800000000.0000000
1994-10-01,3050000000.0000000
1994-11-01,2820000000.0000000
1994-12-01,2450000000.0000000
1995-01-01,4710000000.0000000
1995-02-01,3140000000.0000000
1995-03-01,2530000000.0000000
1995-04-01,3710000000.0000000
1995-05-01,3890000000.0000000
1995-06-01,3360000000.0000000
1995-07-01,2680000000.0000000
1995-08-01,4020000000.0000000
1995-09-01,4080000000.0000000
1995-10-01,3590000000.0000000
1995-11-01,4060000000.0000000
1995-12-01,3930000000.0000000
1996-01-01,3020000000.0000000
1996-02-01,4390000000.0000000
1996-03-01,3440000000.0000000
1996-04-01,3730000000.0000000
1996-05-01,4720000000.0000000
1996-06-01,2900000000.0000000
1996-07-01,4950000000.0000000
1996-08-01,4670000000.0000000
1996-09-01,4170000000.0000000
1996-10-01,5140000000.0000000
1996-11-01,4640000000.0000000
1996-12-01,4700000000.0000000
1997-01-01,2950000000.0000000
1997-02-01,4230000000.0000010
1997-03-01,5290000000.0000000
1997-04-01,4390000000.0000000
1997-05-01,4860000000.0000000
1997-06-01,5220000000.0000000
1997-07-01,4840000000.0000000
1997-08-01,4760000000.0000000
1997-09-01,6600000000.0000000
1997-10-01,4410000000.0000000
1997-11-01,5270000000.0000000
1997-12-01,7210000000.0000000
1998-01-01,3550000000.0000000
1998-02-01,5720000000.0000000
1998-03-01,6000000000.0000000
1998-04-01,5080000000.0000000
1998-05-01,7290000000.0000000
1998-06-01,4790000000.0000000
1998-07-01,5870000000.0000000
1998-08-01,4820000000.0000000
1998-09-01,5190000000.0000000
1998-10-01,5410000000.0000000
1998-11-01,7020000000.0000000
1998-12-01,3800000000.0000000
1999-01-01,4957800000.0000000
1999-02-01,4811200000.0000000
1999-03-01,4081000000.0000010
1999-04-01,5323200000.0000000
1999-05-01,4027200000.0000000
1999-06-01,5327900000.0000000
1999-07-01,5779100000.0000000
1999-08-01,4205600000.0000000
1999-09-01,5487300000.0000000
1999-10-01,5422600000.0000000
1999-11-01,7033400000.0000000
1999-12-01,5717000000.0000000
2000-01-01,3609300000.0000000
2000-02-01,6310300000.0000000
2000-03-01,4077100000.0000000
2000-04-01,5869800000.0000000
2000-05-01,4056500000.0000000
2000-06-01,5790000000.0000000
2000-07-01,5030000000.0000000
2000-08-01,3566300000.0000000
2000-09-01,4847100000.0000000
2000-10-01,6402300000.0000000
2000-11-01,4082000000.0000000
2000-12-01,3518200000.0000000
2001-01-01,6131900000.0000000
2001-02-01,6293700000.0000000
2001-03-01,7823400000.0000000
2001-04-01,6366300000.0000000
2001-05-01,7938500000.0000000
2001-06-01,7016500000.0000000
2001-07-01,7960500000.0000000
2001-08-01,9786900000.0000000
2001-09-01,8172599999.9999981
2001-10-01,8677800000.0000000
2001-11-01,6684300000.0000000
2001-12-01,11347700000.0000000
2002-01-01,10874200000.0000000
2002-02-01,10038700000.0000000
2002-03-01,11323900000.0000000
2002-04-01,9690700000.0000000
2002-05-01,10638500000.0000000
2002-06-01,10672700000.0000000
2002-07-01,11191200000.0000000
2002-08-01,11845400000.0000000
2002-09-01,11669600000.0000000
2002-10-01,10666700000.0000000
2002-11-01,12049700000.0000000
2002-12-01,11110800000.0000000
2003-01-01,9519700000.0000000
2003-02-01,10241800000.0000000
2003-03-01,8655700000.0000000
2003-04-01,8981300000.0000000
2003-05-01,10732900000.0000000
2003-06-01,9693000000.0000000
2003-07-01,11758000000.0000000
2003-08-01,12328000000.0000000
2003-09-01,13454000000.0000000
2003-10-01,9993700000.0000000
2003-11-01,10877100000.0000000
2003-12-01,13020800000.0000000
2004-01-01,13539100000.0000000
2004-02-01,12381200000.0000000
2004-03-01,13651800000.0000000
2004-04-01,13969000000.0000000
2004-05-01,15200100000.0000000
2004-06-01,12648000000.0000000
2004-07-01,12127200000.0000000
2004-08-01,12722000000.0000000
2004-09-01,10816700000.0000000
2004-10-01,12124800000.0000000
2004-11-01,10877700000.0000000
2004-12-01,11826400000.0000000
2005-01-01,14411400000.0000000
2005-02-01,13038200000.0000000
2005-03-01,13887100000.0000000
2005-04-01,11726600000.0000000
2005-05-01,12043600000.0000000
2005-06-01,13499800000.0000000
2005-07-01,12884000000.0000000
2005-08-01,13180600000.0000000
2005-09-01,13342200000.0000000
2005-10-01,11997900000.0000000
2005-11-01,11710300000.0000000
2005-12-01,10091200000.0000000
2006-01-01,12690500000.0000000
2006-02-01,12429500000.0000000
2006-03-01,11053300000.0000000
2006-04-01,12007000000.0000000
2006-05-01,11718900000.0000000
2006-06-01,10751800000.0000000
2006-07-01,12115700000.0000000
2006-08-01,12477900000.0000000
2006-09-01,14534100000.0000000
2006-10-01,16709599999.9999981
2006-11-01,16235600000.0000019
2006-12-01,13903600000.0000000
2007-01-01,16832500000.0000000
2007-02-01,13290700000.0000000
2007-03-01,15022700000.0000000
2007-04-01,15069200000.0000000
2007-05-01,16911300000.0000000
2007-06-01,14499300000.0000000
2007-07-01,16507700000.0000000
2007-08-01,15403400000.0000000
2007-09-01,18230500000.0000000
2007-10-01,17085600000.0000000
2007-11-01,17578700000.0000000
2007-12-01,15406700000.0000000
2008-01-01,17711400000.0000000
2008-02-01,16427700000.0000019
2008-03-01,15946800000.0000000
2008-04-01,17221100000.0000000
2008-05-01,14255700000.0000000
2008-06-01,17600500000.0000000
2008-07-01,11914600000.0000000
2008-08-01,13983700000.0000000
2008-09-01,13244400000.0000000
2008-10-01,14859900000.0000000
2008-11-01,10459700000.0000000
2008-12-01,10183200000.0000000
2009-01-01,8669000000.0000000
2009-02-01,8403900000.0000000
2009-03-01,9261200000.0000000
2009-04-01,9583400000.0000000
2009-05-01,11230200000.0000000
2009-06-01,12195100000.0000000
2009-07-01,13544900000.0000000
2009-08-01,11542400000.0000000
2009-09-01,9872600000.0000000
2009-10-01,11237500000.0000000
2009-11-01,15447300000.0000000
2009-12-01,14620000000.0000000
2010-01-01,10390500000.0000000
2010-02-01,12887800000.0000000
2010-03-01,12271400000.0000000
2010-04-01,12599900000.0000000
2010-05-01,11159300000.0000000
2010-06-01,11220700000.0000000
2010-07-01,11565300000.0000000
2010-08-01,11622900000.0000000
2010-09-01,13876100000.0000000
2010-10-01,14189100000.0000000
2010-11-01,12215400000.0000000
2010-12-01,13345100000.0000000
2011-01-01,12002100000.0000000
2011-02-01,11638700000.0000000
2011-03-01,14238100000.0000000
2011-04-01,11144300000.0000000
2011-05-01,12738200000.0000000
2011-06-01,11823500000.0000000
2011-07-01,10275800000.0000000
2011-08-01,13047400000.0000000
2011-09-01,14281000000.0000000
2011-10-01,11752300000.0000000
2011-11-01,14307200000.0000000
2011-12-01,13079400000.0000000
2012-01-01,15317600000.0000000
2012-02-01,14931400000.0000000
2012-03-01,14020100000.0000000
2012-04-01,14903700000.0000000
2012-05-01,15918500000.0000000
2012-06-01,15914800000.0000000
2012-07-01,15996100000.0000000
2012-08-01,17724000000.0000000
2012-09-01,16359200000.0000019
2012-10-01,15045100000.0000000
2012-11-01,15262100000.0000000
2012-12-01,16732299999.9999981
2013-01-01,15458000000.0000000
2013-02-01,16163100000.0000000
2013-03-01,17097300000.0000000
2013-04-01,17321500000.0000000
2013-05-01,13708300000.0000000
2013-06-01,16432600000.0000000
2013-07-01,14193700000.0000000
2013-08-01,15373100000.0000000
2013-09-01,18552100000.0000000
2013-10-01,16866299999.9999981
2013-11-01,17345000000.0000000
2013-12-01,17709800000.0000000
2014-01-01,16612300000.0000019
2014-02-01,16028700000.0000000
2014-03-01,14659500000.0000000
2014-04-01,16933700000.0000019
2014-05-01,17760800000.0000000
2014-06-01,15462800000.0000000
2014-07-01,20452600000.0000000
2014-08-01,17098600000.0000019
2014-09-01,18774900000.0000000
2014-10-01,19944700000.0000000
2014-11-01,18577500000.0000000
2014-12-01,21817100000.0000000
2015-01-01,19194500000.0000000
2015-02-01,19166300000.0000000
2015-03-01,19617200000.0000000
2015-04-01,20715100000.0000000
2015-05-01,21998700000.0000000
2015-06-01,20428500000.0000000
2015-07-01,21687300000.0000000
2015-08-01,18789600000.0000000
2015-09-01,19609900000.0000000
2015-10-01,20382500000.0000000
2015-11-01,20451400000.0000000
2015-12-01,20774800000.0000000
2016-01-01,17955600000.0000000
2016-02-01,18728900000.0000000
2016-03-01,22138200000.0000000
2016-04-01,24054100000.0000000
2016-05-01,20580500000.0000000
2016-06-01,20751000000.0000000
2016-07-01,19143900000.0000000
2016-08-01,20978100000.0000000
2016-09-01,20605200000.0000000
2016-10-01,20118200000.0000000
2016-11-01,20136700000.0000000
2016-12-01,18852000000.0000000
2017-01-01,17931100000.0000000
2017-02-01,20083400000.0000000
2017-03-01,19868200000.0000000
2017-04-01,19816000000.0000000
2017-05-01,21098500000.0000000
2017-06-01,20253700000.0000000
2017-07-01,19460000000.0000000
2017-08-01,21769800000.0000000
2017-09-01,22708500000.0000000
2017-10-01,19411700000.0000000
2017-11-01,21799400000.0000000
2017-12-01,21943700000.0000000
2018-01-01,21031800000.0000000
2018-02-01,18341900000.0000000
2018-03-01,21508900000.0000000
2018-04-01,20963600000.0000000
2018-05-01,19752900000.0000000
2018-06-01,20147600000.0000000
2018-07-01,15726600000.0000000
2018-08-01,18930200000.0000000
2018-09-01,18022700000.0000000
2018-10-01,17909400000.0000000
2018-11-01,18411600000.0000000
2018-12-01,19626800000.0000000
2019-01-01,17718700000.0000000
2019-02-01,17354400000.0000000
2019-03-01,19830400000.0000000
2019-04-01,17606800000.0000000
2019-05-01,19337100000.0000000
2019-06-01,17180400000.0000000
2019-07-01,19002300000.0000000
2019-08-01,19028400000.0000000
2019-09-01,19875900000.0000000
2019-10-01,20492500000.0000000
2019-11-01,18154500000.0000000
2019-12-01,19929400000.0000000
2020-01-01,16348600000.0000019
2020-02-01,20571100000.0000000
2020-03-01,14073300000.0000000
2020-04-01,3119000000.0000000
2020-05-01,8073800000.0000000
2020-06-01,13654400000.0000000
2020-07-01,17142800000.0000019
2020-08-01,15190800000.0000000
2020-09-01,17643700000.0000000
2020-10-01,18589900000.0000000
2020-11-01,17078100000.0000000
2020-12-01,17819900000.0000000
2021-01-01,19301200000.0000000
2021-02-01,17330400000.0000000
2021-03-01,16726099999.9999981
2021-04-01,16212499999.9999981
2021-05-01,14746900000.0000000
2021-06-01,13252500000.0000000
2021-07-01,16941099999.9999981
2021-08-01,13895400000.0000000
2021-09-01,13758200000.0000000
2021-10-01,13632600000.0000000
2021-11-01,10752500000.0000000
2021-12-01,7216000000.0000000
2022-01-01,9103200000.0000000
2022-02-01,11495600000.0000000
2022-03-01,4067000000.0000000
2022-04-01,2643600000.0000000
2022-05-01,3736700000.0000000
2022-06-01,6521300000.0000000
2022-07-01,4898400000.0000000
2022-08-01,2584300000.0000000
2022-09-01,4910700000.0000000
2022-10-01,8346399999.9999981
2022-11-01,10208800000.0000000
2022-12-01,11135800000.0000000
2023-01-01,12780100000.0000000
2023-02-01,16341999999.9999981
2023-03-01,17233900000.0000000
2023-04-01,16191099999.9999981
2023-05-01,14129700000.0000000
2023-06-01,17643900000.0000000
2023-07-01,17128000000.0000000
2023-08-01,20076600000.0000000
2023-09-01,18064700000.0000000
2023-10-01,19829000000.0000000
2023-11-01,20686300000.0000000
2023-12-01,19339700000.0000000
2024-01-01,24681300000.0000000
2024-02-01,20992100000.0000000
2024-03-01,19025500000.0000000
2024-04-01,23101700000.0000000
2024-05-01,20246300000.0000000
2024-06-01,21067500000.0000000
2024-07-01,17890500000.0000000
2024-08-01,20513200000.0000000
2024-09-01,17617500000.0000000
2024-10-01,14673000000.0000000
2024-11-01,19870100000.0000000
2024-12-01,19744400000.0000000
2025-01-01,14357100000.0000000
2025-02-01,16850200000.0000019
2025-03-01,19611200000.0000000
2025-04-01,16512200000.0000000
2025-05-01,18268800000.0000000
2025-06-01,15398000000.0000000
2025-07-01,15151000000.0000000
2025-08-01,16424600000.0000019
2025-09-01,15545300000.0000000
2025-10-01,17144500000.0000000
2025-11-01,16175700000.0000000
2025-12-01,17585400000.0000000
2026-01-01,18208600000.0000000
2026-02-01,17964700000.0000000
2026-03-01,15584200000.0000000
2026-04-01,13798700000.0000000
2026-05-01,18016900000.0000000
