observation_date,XTNTVA01CHM664S
1955-01-01,-38657780.000000000
1955-02-01,-63336420.000000007
1955-03-01,-66414299.999999993
1955-04-01,-74011110.000000000
1955-05-01,-49826430.000000000
1955-06-01,-56693140.000000000
1955-07-01,-54134920.000000000
1955-08-01,-71631580.000000000
1955-09-01,-53179790.000000000
1955-10-01,-79884570.000000000
1955-11-01,-72550600.000000000
1955-12-01,-116958600.000000000
1956-01-01,-71057040.000000000
1956-02-01,-43273020.000000000
1956-03-01,-94192180.000000000
1956-04-01,-110909400.000000000
1956-05-01,-105021100.000000000
1956-06-01,-111031500.000000000
1956-07-01,-121873400.000000000
1956-08-01,-135508400.000000000
1956-09-01,-150647700.000000000
1956-10-01,-109847400.000000000
1956-11-01,-159238100.000000000
1956-12-01,-189698000.000000000
1957-01-01,-200656900.000000000
1957-02-01,-185619000.000000000
1957-03-01,-158438700.000000000
1957-04-01,-157817300.000000000
1957-05-01,-140917300.000000000
1957-06-01,-148176400.000000000
1957-07-01,-158888300.000000000
1957-08-01,-128070600.000000000
1957-09-01,-132378900.000000000
1957-10-01,-132406000.000000000
1957-11-01,-109540100.000000000
1957-12-01,-89336320.000000000
1958-01-01,-72106020.000000000
1958-02-01,-73721010.000000000
1958-03-01,-56603600.000000000
1958-04-01,-78315380.000000000
1958-05-01,-59137050.000000000
1958-06-01,-67973220.000000000
1958-07-01,-34106820.000000000
1958-08-01,-54535590.000000000
1958-09-01,-48675590.000000000
1958-10-01,-31325830.000000000
1958-11-01,-60418200.000000000
1958-12-01,-57565790.000000000
1959-01-01,-54897470.000000000
1959-02-01,-22248080.000000000
1959-03-01,-61231070.000000000
1959-04-01,-69841580.000000000
1959-05-01,-87136300.000000000
1959-06-01,-102030800.000000000
1959-07-01,-70834920.000000000
1959-08-01,-50060180.000000000
1959-09-01,-75979720.000000000
1959-10-01,-81390280.000000000
1959-11-01,-102931300.000000000
1959-12-01,-229721600.000000000
1960-01-01,-33700630.000000000
1960-02-01,-129856200.000000000
1960-03-01,-79212680.000000000
1960-04-01,-111150300.000000000
1960-05-01,-138438500.000000000
1960-06-01,-150546400.000000000
1960-07-01,-133722800.000000000
1960-08-01,-145608100.000000000
1960-09-01,-151906200.000000000
1960-10-01,-144745500.000000000
1960-11-01,-163408300.000000000
1960-12-01,-159253200.000000000
1961-01-01,-182222200.000000000
1961-02-01,-220607700.000000000
1961-03-01,-252251700.000000030
1961-04-01,-215452800.000000000
1961-05-01,-223583000.000000000
1961-06-01,-217903000.000000000
1961-07-01,-226477400.000000000
1961-08-01,-250338000.000000000
1961-09-01,-247890100.000000000
1961-10-01,-288974800.000000000
1961-11-01,-279290600.000000000
1961-12-01,-241588000.000000000
1962-01-01,-377910700.000000000
1962-02-01,-299935000.000000000
1962-03-01,-259279300.000000000
1962-04-01,-242888000.000000000
1962-05-01,-297399400.000000000
1962-06-01,-281068900.000000000
1962-07-01,-309317500.000000000
1962-08-01,-302421700.000000000
1962-09-01,-266628100.000000000
1962-10-01,-268753900.000000000
1962-11-01,-234743700.000000000
1962-12-01,-279863200.000000000
1963-01-01,-246362100.000000000
1963-02-01,-210939100.000000000
1963-03-01,-297187600.000000000
1963-04-01,-345072200.000000000
1963-05-01,-328981000.000000000
1963-06-01,-264501600.000000000
1963-07-01,-371019600.000000000
1963-08-01,-303192800.000000000
1963-09-01,-308916000.000000000
1963-10-01,-296212300.000000000
1963-11-01,-270196900.000000000
1963-12-01,-314952600.000000000
1964-01-01,-378070400.000000000
1964-02-01,-381634600.000000000
1964-03-01,-338244700.000000000
1964-04-01,-345137300.000000000
1964-05-01,-333590800.000000000
1964-06-01,-354388800.000000000
1964-07-01,-344076900.000000000
1964-08-01,-374009900.000000000
1964-09-01,-286929100.000000000
1964-10-01,-304780700.000000000
1964-11-01,-348122400.000000000
1964-12-01,-295998400.000000000
1965-01-01,-292905600.000000000
1965-02-01,-257822300.000000000
1965-03-01,-292061400.000000000
1965-04-01,-256725700.000000000
1965-05-01,-282475200.000000000
1965-06-01,-240022900.000000000
1965-07-01,-256047800.000000000
1965-08-01,-283855300.000000000
1965-09-01,-216656900.000000000
1965-10-01,-249440800.000000000
1965-11-01,-253240900.000000000
1965-12-01,-221189000.000000000
1966-01-01,-168821200.000000000
1966-02-01,-284110700.000000000
1966-03-01,-218591300.000000000
1966-04-01,-195978000.000000000
1966-05-01,-236575600.000000000
1966-06-01,-218490100.000000000
1966-07-01,-232789400.000000000
1966-08-01,-256737500.000000000
1966-09-01,-265109700.000000000
1966-10-01,-240850400.000000000
1966-11-01,-277172700.000000000
1966-12-01,-243421400.000000000
1967-01-01,-228659100.000000000
1967-02-01,-259720000.000000000
1967-03-01,-227582900.000000000
1967-04-01,-206024400.000000000
1967-05-01,-256852200.000000000
1967-06-01,-253114900.000000000
1967-07-01,-266559200.000000000
1967-08-01,-232323000.000000000
1967-09-01,-252777600.000000000
1967-10-01,-177143300.000000000
1967-11-01,-153022400.000000000
1967-12-01,-166501200.000000000
1968-01-01,-168541500.000000000
1968-02-01,-218590900.000000000
1968-03-01,-143616500.000000000
1968-04-01,-122072900.000000000
1968-05-01,-152144500.000000000
1968-06-01,-162271600.000000000
1968-07-01,-232827600.000000000
1968-08-01,-139855600.000000000
1968-09-01,-159861400.000000000
1968-10-01,-233870500.000000000
1968-11-01,-105999500.000000000
1968-12-01,-249103600.000000000
1969-01-01,-192780300.000000000
1969-02-01,-57273120.000000000
1969-03-01,-170081000.000000000
1969-04-01,-198614500.000000000
1969-05-01,-185509800.000000000
1969-06-01,-246803400.000000000
1969-07-01,-199738500.000000000
1969-08-01,-329688000.000000000
1969-09-01,-212131900.000000000
1969-10-01,-288199700.000000000
1969-11-01,-390070900.000000000
1969-12-01,-322264200.000000000
1970-01-01,-409339600.000000000
1970-02-01,-464326600.000000000
1970-03-01,-481012100.000000000
1970-04-01,-507216500.000000000
1970-05-01,-432487000.000000000
1970-06-01,-456743400.000000000
1970-07-01,-504223900.000000000
1970-08-01,-451755100.000000000
1970-09-01,-410126800.000000000
1970-10-01,-536705700.000000000
1970-11-01,-551816600.000000000
1970-12-01,-532442000.000000000
1971-01-01,-399288600.000000000
1971-02-01,-550432200.000000000
1971-03-01,-534793400.000000000
1971-04-01,-435140300.000000000
1971-05-01,-672456100.000000000
1971-06-01,-483248600.000000000
1971-07-01,-491731700.000000000
1971-08-01,-421124000.000000000
1971-09-01,-535992200.000000000
1971-10-01,-480136500.000000000
1971-11-01,-514603400.000000060
1971-12-01,-485192400.000000000
1972-01-01,-527738000.000000060
1972-02-01,-559277700.000000000
1972-03-01,-422698300.000000000
1972-04-01,-557062300.000000000
1972-05-01,-531105000.000000060
1972-06-01,-494362000.000000000
1972-07-01,-346350600.000000000
1972-08-01,-634816000.000000000
1972-09-01,-613014700.000000000
1972-10-01,-517827700.000000000
1972-11-01,-541820000.000000000
1972-12-01,-574883000.000000000
1973-01-01,-642393800.000000000
1973-02-01,-591410900.000000000
1973-03-01,-429605900.000000000
1973-04-01,-434578200.000000000
1973-05-01,-483671400.000000000
1973-06-01,-526975600.000000000
1973-07-01,-574830900.000000000
1973-08-01,-418865300.000000000
1973-09-01,-577374500.000000000
1973-10-01,-686714100.000000000
1973-11-01,-652794000.000000000
1973-12-01,-595538400.000000000
1974-01-01,-818433200.000000000
1974-02-01,-583411700.000000000
1974-03-01,-731647400.000000000
1974-04-01,-681484800.000000000
1974-05-01,-597532300.000000000
1974-06-01,-764269800.000000000
1974-07-01,-680832500.000000000
1974-08-01,-592326800.000000000
1974-09-01,-646283100.000000000
1974-10-01,-638491300.000000000
1974-11-01,-452503200.000000000
1974-12-01,-451656100.000000000
1975-01-01,-408292500.000000000
1975-02-01,-311573200.000000000
1975-03-01,-254097900.000000000
1975-04-01,-241585900.000000000
1975-05-01,-40482280.000000000
1975-06-01,50629920.000000000
1975-07-01,27799600.000000000
1975-08-01,54537170.000000000
1975-09-01,-24394180.000000000
1975-10-01,25333210.000000000
1975-11-01,178123200.000000000
1975-12-01,97710100.000000000
1976-01-01,20091140.000000000
1976-02-01,51734440.000000000
1976-03-01,87781320.000000000
1976-04-01,209308100.000000000
1976-05-01,100907200.000000000
1976-06-01,20287750.000000000
1976-07-01,77644620.000000000
1976-08-01,-84860500.000000000
1976-09-01,-144308300.000000000
1976-10-01,64558830.000000000
1976-11-01,15570710.000000000
1976-12-01,-258806500.000000000
1977-01-01,-36854970.000000000
1977-02-01,-26561630.000000000
1977-03-01,-131177900.000000000
1977-04-01,-105964100.000000000
1977-05-01,-137652100.000000000
1977-06-01,-168538200.000000000
1977-07-01,-79817570.000000000
1977-08-01,-286598400.000000000
1977-09-01,-14122550.000000000
1977-10-01,-121863800.000000000
1977-11-01,-100757600.000000000
1977-12-01,191409100.000000000
1978-01-01,-121456500.000000000
1978-02-01,95293840.000000000
1978-03-01,-134937500.000000000
1978-04-01,-75825500.000000000
1978-05-01,-79418550.000000000
1978-06-01,-152257100.000000000
1978-07-01,-12658420.000000000
1978-08-01,150357800.000000000
1978-09-01,98056540.000000000
1978-10-01,-37917370.000000000
1978-11-01,-194055000.000000000
1978-12-01,8634325.000000000
1979-01-01,-65265889.999999993
1979-02-01,-302707500.000000000
1979-03-01,-204369600.000000000
1979-04-01,-217251500.000000000
1979-05-01,-325638200.000000000
1979-06-01,-162104000.000000000
1979-07-01,-573031700.000000000
1979-08-01,-386065100.000000000
1979-09-01,-538521300.000000000
1979-10-01,-606534800.000000000
1979-11-01,-610042400.000000000
1979-12-01,-670864400.000000000
1980-01-01,-674836200.000000000
1980-02-01,-892898000.000000000
1980-03-01,-968340300.000000000
1980-04-01,-1035858000.000000000
1980-05-01,-706391800.000000000
1980-06-01,-766347500.000000000
1980-07-01,-915473600.000000000
1980-08-01,-881245600.000000000
1980-09-01,-941626800.000000000
1980-10-01,-778459700.000000000
1980-11-01,-860353500.000000000
1980-12-01,-899154700.000000000
1981-01-01,-361852100.000000000
1981-02-01,-776116100.000000000
1981-03-01,-608374800.000000000
1981-04-01,-542535700.000000000
1981-05-01,-626781700.000000000
1981-06-01,-691266700.000000000
1981-07-01,-481956100.000000000
1981-08-01,-851407200.000000000
1981-09-01,-843657900.000000000
1981-10-01,-559644900.000000000
1981-11-01,-564984600.000000000
1981-12-01,-425108900.000000000
1982-01-01,-231784800.000000000
1982-02-01,-290964000.000000000
1982-03-01,-276440700.000000000
1982-04-01,-530932100.000000000
1982-05-01,-365902100.000000000
1982-06-01,-373472900.000000000
1982-07-01,-371736100.000000000
1982-08-01,-498372400.000000000
1982-09-01,-756606600.000000000
1982-10-01,-523801600.000000000
1982-11-01,-718168500.000000000
1982-12-01,-492020800.000000000
1983-01-01,-720529400.000000000
1983-02-01,-628238600.000000000
1983-03-01,-723182400.000000000
1983-04-01,-704876000.000000000
1983-05-01,-703394500.000000000
1983-06-01,-675849800.000000000
1983-07-01,-482262000.000000000
1983-08-01,-691204000.000000000
1983-09-01,-277020800.000000000
1983-10-01,-616962200.000000000
1983-11-01,-731149000.000000000
1983-12-01,-446751500.000000000
1984-01-01,-1049586000.000000000
1984-02-01,-833113700.000000000
1984-03-01,-692771400.000000000
1984-04-01,-570081000.000000000
1984-05-01,-540685400.000000000
1984-06-01,-511813900.000000060
1984-07-01,-851929000.000000000
1984-08-01,-641362700.000000000
1984-09-01,-666057500.000000000
1984-10-01,-888239800.000000000
1984-11-01,-532000000.000000000
1984-12-01,-597392300.000000000
1985-01-01,-653569000.000000000
1985-02-01,-628929600.000000000
1985-03-01,-831812200.000000000
1985-04-01,-754154100.000000000
1985-05-01,-652442400.000000000
1985-06-01,-826378600.000000000
1985-07-01,-788375600.000000000
1985-08-01,-524788800.000000060
1985-09-01,-705053900.000000000
1985-10-01,-569263500.000000000
1985-11-01,-375647600.000000000
1985-12-01,-815708300.000000000
1986-01-01,-803224100.000000000
1986-02-01,-663023500.000000000
1986-03-01,-601379600.000000000
1986-04-01,-539699400.000000000
1986-05-01,-565399100.000000000
1986-06-01,-534878600.000000000
1986-07-01,-397827400.000000000
1986-08-01,-533643200.000000000
1986-09-01,-567758000.000000000
1986-10-01,-329748200.000000000
1986-11-01,-509092900.000000000
1986-12-01,-485632000.000000000
1987-01-01,-212566200.000000000
1987-02-01,-590224600.000000000
1987-03-01,-842655200.000000000
1987-04-01,-620025600.000000000
1987-05-01,-688020200.000000000
1987-06-01,-572599200.000000000
1987-07-01,-713153400.000000000
1987-08-01,-473155100.000000000
1987-09-01,-727421500.000000000
1987-10-01,-928568800.000000000
1987-11-01,-604580600.000000000
1987-12-01,-548884700.000000000
1988-01-01,-162718600.000000000
1988-02-01,-572813900.000000000
1988-03-01,-507448900.000000000
1988-04-01,-621892300.000000000
1988-05-01,-845631400.000000000
1988-06-01,-757300600.000000000
1988-07-01,-750327800.000000000
1988-08-01,-815188900.000000000
1988-09-01,-726936300.000000000
1988-10-01,-895610700.000000000
1988-11-01,-780893100.000000000
1988-12-01,-860316100.000000000
1989-01-01,-940204700.000000000
1989-02-01,-704942200.000000000
1989-03-01,-674946300.000000000
1989-04-01,-1089609000.000000000
1989-05-01,-1042723000.000000000
1989-06-01,-986633200.000000000
1989-07-01,-794558000.000000000
1989-08-01,-970223400.000000000
1989-09-01,-790398100.000000000
1989-10-01,-1083904000.000000000
1989-11-01,-1049257000.000000000
1989-12-01,-1110910000.000000000
1990-01-01,-1173020000.000000000
1990-02-01,-838322400.000000000
1990-03-01,-730125400.000000000
1990-04-01,-830346800.000000000
1990-05-01,-864926100.000000000
1990-06-01,-575869100.000000000
1990-07-01,-753708100.000000000
1990-08-01,-570206800.000000000
1990-09-01,-758722800.000000000
1990-10-01,-700504600.000000000
1990-11-01,-407210000.000000000
1990-12-01,-586929300.000000000
1991-01-01,-524734300.000000000
1991-02-01,-581309700.000000000
1991-03-01,-763001900.000000000
1991-04-01,-533921600.000000000
1991-05-01,-304340500.000000000
1991-06-01,-906326000.000000000
1991-07-01,-695939000.000000000
1991-08-01,-524245600.000000000
1991-09-01,-516632700.000000000
1991-10-01,-397040600.000000000
1991-11-01,-404552300.000000000
1991-12-01,-458971600.000000000
1992-01-01,44074230.000000000
1992-02-01,-381096100.000000000
1992-03-01,-283151100.000000000
1992-04-01,-179225500.000000000
1992-05-01,-328251400.000000000
1992-06-01,25564290.000000000
1992-07-01,11748710.000000000
1992-08-01,163507700.000000000
1992-09-01,-39483000.000000000
1992-10-01,200172600.000000000
1992-11-01,168302700.000000000
1992-12-01,99285040.000000000
1993-01-01,391738800.000000000
1993-02-01,226872200.000000000
1993-03-01,187668200.000000000
1993-04-01,250342700.000000000
1993-05-01,408802000.000000000
1993-06-01,49869440.000000000
1993-07-01,282752800.000000000
1993-08-01,314782600.000000000
1993-09-01,66686449.999999993
1993-10-01,595922500.000000000
1993-11-01,293736900.000000000
1993-12-01,-43566700.000000000
1994-01-01,727879000.000000000
1994-02-01,511100900.000000000
1994-03-01,301393400.000000000
1994-04-01,263395300.000000000
1994-05-01,59152790.000000000
1994-06-01,-118009200.000000000
1994-07-01,234632300.000000000
1994-08-01,193697000.000000000
1994-09-01,124299500.000000000
1994-10-01,225739100.000000000
1994-11-01,341048800.000000000
1994-12-01,-82213260.000000000
1995-01-01,414068400.000000000
1995-02-01,-87006430.000000000
1995-03-01,-52676910.000000000
1995-04-01,-23666910.000000000
1995-05-01,-74037590.000000000
1995-06-01,224408700.000000000
1995-07-01,104267200.000000000
1995-08-01,218394600.000000000
1995-09-01,375147100.000000000
1995-10-01,-21000270.000000000
1995-11-01,168701400.000000000
1995-12-01,73256980.000000000
1996-01-01,-57223200.000000000
1996-02-01,108980400.000000000
1996-03-01,178915100.000000000
1996-04-01,92723240.000000000
1996-05-01,250399400.000000000
1996-06-01,240730300.000000000
1996-07-01,197965500.000000000
1996-08-01,542384400.000000000
1996-09-01,46625450.000000000
1996-10-01,172712000.000000000
1996-11-01,346389100.000000000
1996-12-01,265508900.000000000
1997-01-01,-479926000.000000000
1997-02-01,-174292000.000000000
1997-03-01,117852000.000000000
1997-04-01,31230760.000000000
1997-05-01,337582500.000000000
1997-06-01,260375300.000000000
1997-07-01,121945600.000000000
1997-08-01,-16105830.000000002
1997-09-01,281645500.000000000
1997-10-01,352374400.000000000
1997-11-01,402401500.000000000
1997-12-01,669003900.000000000
1998-01-01,-60925640.000000000
1998-02-01,470175500.000000000
1998-03-01,458021800.000000000
1998-04-01,296261600.000000000
1998-05-01,282104900.000000000
1998-06-01,241254700.000000000
1998-07-01,512978100.000000000
1998-08-01,85272890.000000000
1998-09-01,200764700.000000000
1998-10-01,202060100.000000000
1998-11-01,-523204100.000000000
1998-12-01,166408500.000000000
1999-01-01,397300800.000000000
1999-02-01,-143712900.000000000
1999-03-01,-128660600.000000000
1999-04-01,466728600.000000000
1999-05-01,-75400730.000000000
1999-06-01,60066660.000000000
1999-07-01,-2073198.000000000
1999-08-01,-127565600.000000000
1999-09-01,89605080.000000000
1999-10-01,247491500.000000000
1999-11-01,477694000.000000000
1999-12-01,-196715800.000000000
2000-01-01,-247140700.000000000
2000-02-01,166135200.000000000
2000-03-01,58237500.000000000
2000-04-01,-147746300.000000000
2000-05-01,-178004000.000000000
2000-06-01,-29234830.000000000
2000-07-01,-356854400.000000000
2000-08-01,-291961300.000000000
2000-09-01,318001100.000000000
2000-10-01,-594366900.000000000
2000-11-01,-532629900.000000000
2000-12-01,-276975600.000000000
2001-01-01,-66510850.000000000
2001-02-01,61421310.000000000
2001-03-01,293265700.000000000
2001-04-01,-319781700.000000000
2001-05-01,220424300.000000000
2001-06-01,146802400.000000000
2001-07-01,-35027220.000000000
2001-08-01,199894100.000000000
2001-09-01,35808110.000000000
2001-10-01,172986300.000000000
2001-11-01,619969800.000000000
2001-12-01,637340200.000000000
2002-01-01,636447800.000000000
2002-02-01,-100861800.000000000
2002-03-01,465678900.000000000
2002-04-01,253533300.000000030
2002-05-01,756480800.000000000
2002-06-01,405647500.000000000
2002-07-01,542227400.000000000
2002-08-01,1039641000.000000000
2002-09-01,901483100.000000000
2002-10-01,734453500.000000000
2002-11-01,775852100.000000000
2002-12-01,1137750000.000000000
2003-01-01,-386345400.000000000
2003-02-01,681038700.000000000
2003-03-01,416822300.000000000
2003-04-01,550610700.000000000
2003-05-01,974251900.000000000
2003-06-01,737684800.000000000
2003-07-01,337192500.000000000
2003-08-01,644936600.000000000
2003-09-01,926104000.000000000
2003-10-01,999760000.000000000
2003-11-01,533047300.000000000
2003-12-01,571443400.000000000
2004-01-01,921821200.000000000
2004-02-01,1189221000.000000000
2004-03-01,952580200.000000000
2004-04-01,739443200.000000000
2004-05-01,971585900.000000000
2004-06-01,710024200.000000000
2004-07-01,762542800.000000000
2004-08-01,615615200.000000000
2004-09-01,501269900.000000060
2004-10-01,629265000.000000000
2004-11-01,878526900.000000000
2004-12-01,676346200.000000000
2005-01-01,887931900.000000000
2005-02-01,271003400.000000000
2005-03-01,603927300.000000000
2005-04-01,567590600.000000000
2005-05-01,902329800.000000000
2005-06-01,1266948000.000000000
2005-07-01,387838300.000000000
2005-08-01,466216100.000000000
2005-09-01,891496500.000000000
2005-10-01,583323900.000000000
2005-11-01,305429700.000000000
2005-12-01,843760000.000000000
2006-01-01,709284700.000000000
2006-02-01,883985200.000000000
2006-03-01,1099130000.000000000
2006-04-01,850863500.000000000
2006-05-01,898908400.000000000
2006-06-01,829525500.000000000
2006-07-01,1122373000.000000000
2006-08-01,1208104000.000000000
2006-09-01,1472538000.000000000
2006-10-01,1148934000.000000000
2006-11-01,938753000.000000000
2006-12-01,928551600.000000000
2007-01-01,1303773000.000000000
2007-02-01,1422622000.000000000
2007-03-01,1218746000.000000000
2007-04-01,991069300.000000000
2007-05-01,884185300.000000000
2007-06-01,1242900000.000000000
2007-07-01,1106785000.000000000
2007-08-01,1383416000.000000000
2007-09-01,1246588000.000000000
2007-10-01,1127832000.000000000
2007-11-01,1346850000.000000000
2007-12-01,828249000.000000000
2008-01-01,1218399000.000000000
2008-02-01,1695018000.000000000
2008-03-01,1689615000.000000000
2008-04-01,1821962000.000000000
2008-05-01,1655185000.000000000
2008-06-01,1969643000.000000000
2008-07-01,1844685000.000000000
2008-08-01,1764829000.000000000
2008-09-01,1354146000.000000000
2008-10-01,1623288000.000000000
2008-11-01,1473537000.000000000
2008-12-01,1116374000.000000000
2009-01-01,1969190000.000000000
2009-02-01,926434900.000000000
2009-03-01,788626400.000000000
2009-04-01,2653680000.000000000
2009-05-01,1718587000.000000000
2009-06-01,1367721000.000000000
2009-07-01,1877242000.000000000
2009-08-01,2173722000.000000000
2009-09-01,1675217000.000000000
2009-10-01,2024051000.000000000
2009-11-01,1576571000.000000000
2009-12-01,2248818000.000000000
2010-01-01,2204610000.000000000
2010-02-01,1412577000.000000000
2010-03-01,2145581000.000000000
2010-04-01,2396476000.000000000
2010-05-01,264729300.000000000
2010-06-01,1430185000.000000000
2010-07-01,2220270000.000000000
2010-08-01,877974000.000000000
2010-09-01,1588910000.000000000
2010-10-01,1570171000.000000000
2010-11-01,1491077000.000000000
2010-12-01,2079756000.000000000
2011-01-01,1697774000.000000000
2011-02-01,2363101000.000000000
2011-03-01,1654802000.000000000
2011-04-01,1650025000.000000000
2011-05-01,2604648000.000000000
2011-06-01,1389033000.000000000
2011-07-01,2221904000.000000000
2011-08-01,1496012000.000000000
2011-09-01,1762191000.000000000
2011-10-01,1651332000.000000000
2011-11-01,2427356000.000000000
2011-12-01,2633102000.000000000
2012-01-01,1214711000.000000000
2012-02-01,2514418000.000000000
2012-03-01,2088501000.000000000
2012-04-01,1630997000.000000000
2012-05-01,2295185000.000000000
2012-06-01,1922301000.000000000
2012-07-01,2282910000.000000000
2012-08-01,2116280000.000000000
2012-09-01,1402381000.000000000
2012-10-01,2299570000.000000000
2012-11-01,2332371000.000000000
2012-12-01,1647153000.000000000
2013-01-01,1950069000.000000000
2013-02-01,2002354000.000000000
2013-03-01,2058012000.000000000
2013-04-01,1937290000.000000000
2013-05-01,2065051000.000000000
2013-06-01,2229471000.000000000
2013-07-01,2092015000.000000000
2013-08-01,2392095000.000000000
2013-09-01,2122320000.000000000
2013-10-01,2088164000.000000000
2013-11-01,1613694000.000000000
2013-12-01,1302917000.000000000
2014-01-01,2346511000.000000000
2014-02-01,2349625000.000000000
2014-03-01,2375924000.000000000
2014-04-01,2950565000.000000000
2014-05-01,2622775000.000000000
2014-06-01,1261118000.000000000
2014-07-01,3337724000.000000000
2014-08-01,1573961000.000000000
2014-09-01,2387238000.000000000
2014-10-01,2759916000.000000000
2014-11-01,3066439000.000000000
2014-12-01,2483703000.000000000
2015-01-01,3082634000.000000000
2015-02-01,2410820000.000000000
2015-03-01,2657653000.000000000
2015-04-01,3060925000.000000000
2015-05-01,3248761000.000000000
2015-06-01,3240752000.000000000
2015-07-01,3096612000.000000000
2015-08-01,3408077000.000000000
2015-09-01,3113953000.000000000
2015-10-01,3528750000.000000000
2015-11-01,2561311000.000000000
2015-12-01,3543929000.000000000
2016-01-01,3136401000.000000000
2016-02-01,3759706000.000000000
2016-03-01,2634109000.000000000
2016-04-01,2628875000.000000000
2016-05-01,3145952000.000000000
2016-06-01,3338437000.000000000
2016-07-01,2303179000.000000000
2016-08-01,3397578000.000000000
2016-09-01,4018328000.000000954
2016-10-01,2302839000.000000000
2016-11-01,3134784000.000000000
2016-12-01,3565082000.000000000
2017-01-01,4266054000.000000000
2017-02-01,3148499000.000000000
2017-03-01,3451159000.000000000
2017-04-01,2365603000.000000000
2017-05-01,2998993000.000000000
2017-06-01,2627551000.000000000
2017-07-01,3082033000.000000000
2017-08-01,2768521000.000000000
2017-09-01,2616858000.000000000
2017-10-01,2112445000.000000000
2017-11-01,2207575000.000000000
2017-12-01,3353143000.000000000
2018-01-01,1770771000.000000000
2018-02-01,3215736000.000000000
2018-03-01,2048531000.000000000
2018-04-01,2485776000.000000000
2018-05-01,2636538000.000000000
2018-06-01,2040818000.000000000
2018-07-01,2026829000.000000000
2018-08-01,2823255000.000000000
2018-09-01,2246778000.000000000
2018-10-01,3209860000.000000000
2018-11-01,4067627000.000000000
2018-12-01,2964771000.000000000
2019-01-01,2768438000.000000000
2019-02-01,2923495000.000000000
2019-03-01,3137736000.000000000
2019-04-01,2912329000.000000000
2019-05-01,2939995000.000000000
2019-06-01,3376219000.000000000
2019-07-01,3454893000.000000000
2019-08-01,2177177000.000000000
2019-09-01,3596240000.000000000
2019-10-01,3240787000.000000000
2019-11-01,3493218000.000000000
2019-12-01,3296130000.000000000
2020-01-01,4354901000.000000000
2020-02-01,3503858000.000000000
2020-03-01,3805180000.000000000
2020-04-01,4262948000.000000000
2020-05-01,2516556000.000000000
2020-06-01,2960911000.000000000
2020-07-01,3166256000.000000000
2020-08-01,3716361000.000000000
2020-09-01,3036641000.000000000
2020-10-01,3694396000.000000000
2020-11-01,3931724000.000000000
2020-12-01,4349638000.000000000
2021-01-01,4613232000.000000000
2021-02-01,4017715000.000000000
2021-03-01,5265625000.000000000
2021-04-01,4166818000.000000000
2021-05-01,4556457000.000000000
2021-06-01,5015379000.000000000
2021-07-01,5110771000.000000000
2021-08-01,5467934000.000000000
2021-09-01,4883255000.000000000
2021-10-01,5042122000.000000000
2021-11-01,5510557000.000000000
2021-12-01,5127841000.000000000
2022-01-01,2498446000.000000000
2022-02-01,5907442000.000000000
2022-03-01,3081679000.000000000
2022-04-01,4713789000.000000000
2022-05-01,2721267000.000000000
2022-06-01,3205203000.000000000
2022-07-01,3214554000.000000000
2022-08-01,3962439000.000000000
2022-09-01,3858466000.000000000
2022-10-01,3855361000.000000000
2022-11-01,2482197000.000000000
2022-12-01,4081538000.000000000
2023-01-01,4148078000.000000000
2023-02-01,3447610000.000000000
2023-03-01,4352433000.000000000
2023-04-01,3112964000.000000000
2023-05-01,5028773000.000000000
2023-06-01,4017332000.000000000
2023-07-01,3176356000.000000000
2023-08-01,4121163000.000000000
2023-09-01,5431461000.000000000
2023-10-01,4402894000.000000000
2023-11-01,3681190000.000000000
2023-12-01,2818370000.000000000
2024-01-01,4431059000.000000000
2024-02-01,4003884000.000000000
2024-03-01,3807073000.000000000
2024-04-01,4575846000.000000000
2024-05-01,5173828000.000000000
2024-06-01,5000148000.000000000
2024-07-01,4973885000.000000000
2024-08-01,5234760000.000000000
2024-09-01,4728454000.000000000
2024-10-01,7604856000.000000000
2024-11-01,5842978000.000000000
2024-12-01,5515489000.000000000
2025-01-01,6017687000.000000000
2025-02-01,5040675000.000000000
2025-03-01,5114131000.000000000
2025-04-01,7026370000.000000000
2025-05-01,3368544000.000000000
2025-06-01,4693728000.000000000
2025-07-01,4607744000.000000000
2025-08-01,4228761000.000000954
2025-09-01,3575988000.000000000
2025-10-01,3695368000.000000000
2025-11-01,3328450000.000000000
2025-12-01,3104335000.000000000
2026-01-01,3290149000.000000000
2026-02-01,4426627000.000000000
2026-03-01,2936977000.000000000
2026-04-01,3761931000.000000000
2026-05-01,5352006000.000000000
2026-06-01,4278722000.000000000
