observation_date,XTNTVA01TRM664S
1955-01-01,-55.499350000000000
1955-02-01,-28.072990000000001
1955-03-01,-68.963319999999996
1955-04-01,-60.990470000000002
1955-05-01,-46.817360000000001
1955-06-01,-54.040909999999997
1955-07-01,-23.673420000000000
1955-08-01,-26.887619999999998
1955-09-01,-33.476509999999998
1955-10-01,-45.368840000000006
1955-11-01,-36.057890000000000
1955-12-01,-35.130769999999998
1956-01-01,-14.384020000000000
1956-02-01,-53.692959999999999
1956-03-01,-28.584050000000001
1956-04-01,-25.327040000000000
1956-05-01,-27.986080000000001
1956-06-01,-23.316739999999999
1956-07-01,-43.916630000000005
1956-08-01,-24.013530000000003
1956-09-01,-23.382850000000001
1956-10-01,-4.907252000000000
1956-11-01,-24.306719999999999
1956-12-01,-3.704021000000000
1957-01-01,-37.325949999999999
1957-02-01,-29.702179999999998
1957-03-01,-30.983750000000001
1957-04-01,-4.161587000000000
1957-05-01,-15.899390000000000
1957-06-01,-19.262910000000002
1957-07-01,-21.556100000000001
1957-08-01,-23.427000000000000
1957-09-01,-27.902590000000000
1957-10-01,-42.658130000000000
1957-11-01,-23.999520000000000
1957-12-01,-18.766010000000001
1958-01-01,-45.444030000000005
1958-02-01,-39.967950000000002
1958-03-01,-39.408110000000001
1958-04-01,-33.646259999999998
1958-05-01,-40.582200000000000
1958-06-01,-46.234119999999997
1958-07-01,-36.063470000000002
1958-08-01,-74.898099999999999
1958-09-01,-46.952100000000002
1958-10-01,-43.980610000000006
1958-11-01,-45.986719999999998
1958-12-01,-33.213850000000001
1959-01-01,-63.095799999999997
1959-02-01,-32.169950000000000
1959-03-01,10.498650000000000
1959-04-01,-32.764740000000003
1959-05-01,15.960819999999998
1959-06-01,4.384019000000000
1959-07-01,-15.995189999999999
1959-08-01,-33.837730000000001
1959-09-01,-35.417090000000002
1959-10-01,-34.721660000000000
1959-11-01,-127.720799999999997
1959-12-01,-94.723129999999998
1960-01-01,-38.806130000000003
1960-02-01,-32.230180000000004
1960-03-01,-38.113149999999997
1960-04-01,-18.790099999999999
1960-05-01,-34.068210000000001
1960-06-01,-24.165690000000001
1960-07-01,-30.104179999999999
1960-08-01,-26.697310000000002
1960-09-01,-103.932100000000005
1960-10-01,-64.607650000000007
1960-11-01,-190.182700000000011
1960-12-01,-56.135579999999997
1961-01-01,-14.173909999999999
1961-02-01,-79.808670000000006
1961-03-01,-113.450599999999994
1961-04-01,-143.821699999999993
1961-05-01,-61.084949999999999
1961-06-01,-61.357180000000000
1961-07-01,-69.950100000000006
1961-08-01,-435.023399999999981
1961-09-01,-34.915730000000003
1961-10-01,-194.144800000000004
1961-11-01,-111.856399999999994
1961-12-01,-327.943900000000042
1962-01-01,-95.190100000000001
1962-02-01,-160.131500000000017
1962-03-01,-69.959060000000008
1962-04-01,-237.248799999999989
1962-05-01,70.630730000000000
1962-06-01,-215.072000000000003
1962-07-01,-212.613799999999998
1962-08-01,-161.042900000000003
1962-09-01,-261.065800000000024
1962-10-01,-304.085200000000043
1962-11-01,-240.302300000000002
1962-12-01,-325.144800000000032
1963-01-01,-325.055700000000002
1963-02-01,-100.157799999999995
1963-03-01,-115.958600000000004
1963-04-01,-313.914499999999975
1963-05-01,-171.773000000000025
1963-06-01,-247.635099999999994
1963-07-01,-227.468500000000006
1963-08-01,-188.529699999999991
1963-09-01,-369.706599999999980
1963-10-01,-352.086000000000013
1963-11-01,-273.641000000000020
1963-12-01,-425.292199999999980
1964-01-01,-93.955939999999998
1964-02-01,-357.180100000000039
1964-03-01,-137.954399999999993
1964-04-01,-200.770000000000010
1964-05-01,-242.446300000000008
1964-06-01,-82.544439999999994
1964-07-01,-156.366199999999992
1964-08-01,-195.217800000000011
1964-09-01,-14.995359999999998
1964-10-01,12.966260000000000
1964-11-01,-5.982620000000000
1964-12-01,-76.624089999999995
1965-01-01,-184.792599999999993
1965-02-01,-90.647130000000004
1965-03-01,-76.447509999999994
1965-04-01,-19.554220000000001
1965-05-01,-133.209200000000010
1965-06-01,-133.542000000000002
1965-07-01,-100.373300000000000
1965-08-01,-69.533069999999995
1965-09-01,-51.681550000000001
1965-10-01,-135.188000000000017
1965-11-01,-61.409439999999996
1965-12-01,-70.510720000000006
1966-01-01,-101.189300000000003
1966-02-01,-198.640899999999988
1966-03-01,-259.406400000000019
1966-04-01,-105.012100000000004
1966-05-01,-173.806299999999993
1966-06-01,-217.241399999999999
1966-07-01,-297.014599999999973
1966-08-01,-166.036299999999983
1966-09-01,-198.684400000000011
1966-10-01,-142.783199999999994
1966-11-01,-210.796199999999999
1966-12-01,-147.371099999999984
1967-01-01,-100.924999999999997
1967-02-01,-149.788900000000012
1967-03-01,-143.112400000000008
1967-04-01,-170.809699999999992
1967-05-01,-124.017300000000006
1967-06-01,-122.459299999999999
1967-07-01,-16.271699999999999
1967-08-01,-279.808100000000024
1967-09-01,-268.640300000000025
1967-10-01,-175.023500000000013
1967-11-01,-131.183300000000003
1967-12-01,-161.193800000000010
1968-01-01,-91.798569999999998
1968-02-01,-260.140500000000031
1968-03-01,-148.218899999999991
1968-04-01,-306.502099999999984
1968-05-01,-305.667700000000025
1968-06-01,-236.767200000000003
1968-07-01,-255.050000000000011
1968-08-01,-238.335800000000006
1968-09-01,-185.286900000000003
1968-10-01,-278.368200000000002
1968-11-01,-259.600399999999979
1968-12-01,-205.498799999999989
1969-01-01,-270.724699999999984
1969-02-01,-244.788999999999987
1969-03-01,-337.052900000000022
1969-04-01,-125.290099999999995
1969-05-01,-142.954299999999989
1969-06-01,-254.077200000000005
1969-07-01,-292.488000000000000
1969-08-01,-180.246000000000009
1969-09-01,-118.817899999999995
1969-10-01,-155.761200000000002
1969-11-01,-250.337400000000002
1969-12-01,-102.442700000000002
1970-01-01,-468.966200000000015
1970-02-01,-395.361800000000017
1970-03-01,-313.684300000000007
1970-04-01,-429.761599999999987
1970-05-01,-542.448700000000031
1970-06-01,-494.205399999999997
1970-07-01,-613.000900000000001
1970-08-01,-33.369490000000006
1970-09-01,-58.438789999999997
1970-10-01,-24.709370000000000
1970-11-01,-219.949500000000000
1970-12-01,-412.973500000000001
1971-01-01,-949.196299999999951
1971-02-01,-733.803099999999972
1971-03-01,-730.058700000000044
1971-04-01,-869.807099999999991
1971-05-01,-847.639099999999985
1971-06-01,-1003.173000000000002
1971-07-01,-1078.713000000000193
1971-08-01,-573.619500000000016
1971-09-01,-745.774800000000027
1971-10-01,-687.145099999999957
1971-11-01,-413.109399999999994
1971-12-01,-523.416799999999967
1972-01-01,-532.527199999999993
1972-02-01,-707.390500000000088
1972-03-01,-615.912199999999984
1972-04-01,-812.862899999999968
1972-05-01,-982.444600000000037
1972-06-01,-762.635999999999967
1972-07-01,-938.739900000000034
1972-08-01,-921.649099999999976
1972-09-01,-1201.116999999999962
1972-10-01,-938.429999999999950
1972-11-01,-755.338799999999992
1972-12-01,-1371.463999999999942
1973-01-01,-842.481300000000033
1973-02-01,-592.356600000000071
1973-03-01,-1434.640000000000100
1973-04-01,-615.494100000000003
1973-05-01,-740.067299999999818
1973-06-01,-885.365799999999808
1973-07-01,-941.986800000000017
1973-08-01,-457.123800000000017
1973-09-01,-1114.131000000000085
1973-10-01,-971.498500000000035
1973-11-01,-1704.395999999999958
1973-12-01,-1197.075000000000045
1974-01-01,-1280.809999999999945
1974-02-01,-1418.865999999999985
1974-03-01,-1748.778999999999996
1974-04-01,-2411.715000000000146
1974-05-01,-2757.847000000000207
1974-06-01,-2158.195999999999913
1974-07-01,-2043.990000000000009
1974-08-01,-3100.914000000000215
1974-09-01,-2908.447000000000116
1974-10-01,-3234.532999999999902
1974-11-01,-4361.007999999999811
1974-12-01,-4892.788999999999760
1975-01-01,-3803.452000000000226
1975-02-01,-3659.293000000000120
1975-03-01,-4837.025999999999840
1975-04-01,-3857.418000000000120
1975-05-01,-3278.419000000000324
1975-06-01,-5469.948999999999614
1975-07-01,-4485.471000000000458
1975-08-01,-3729.588999999999942
1975-09-01,-3520.813000000000102
1975-10-01,-3578.711999999999989
1975-11-01,-5509.534999999999854
1975-12-01,-2921.628000000000156
1976-01-01,-2933.967000000000098
1976-02-01,-1988.698000000000093
1976-03-01,-4470.506999999999607
1976-04-01,-4211.947000000000116
1976-05-01,-2279.914000000000215
1976-06-01,-3858.789000000000215
1976-07-01,-6378.551999999999680
1976-08-01,-5708.680000000000291
1976-09-01,-4576.886999999999716
1976-10-01,-5828.311999999999898
1976-11-01,-5941.315999999999804
1976-12-01,-4354.372999999999593
1977-01-01,-7549.358999999998559
1977-02-01,-4906.839999999999236
1977-03-01,-5672.409999999999854
1977-04-01,-7878.283999999999651
1977-05-01,-4562.551000000000386
1977-06-01,-7278.378999999999905
1977-07-01,-5604.261000000000422
1977-08-01,-9951.476000000000568
1977-09-01,-6190.543000000000575
1977-10-01,-4382.914999999999964
1977-11-01,-3921.943999999999960
1977-12-01,-5608.724000000000160
1978-01-01,-1575.979999999999791
1978-02-01,-8407.890999999999622
1978-03-01,-3199.353999999999814
1978-04-01,-6298.603000000000065
1978-05-01,-7111.047999999999774
1978-06-01,-4771.429000000000087
1978-07-01,-3040.704999999999927
1978-08-01,-1666.260999999999967
1978-09-01,-4216.407000000000153
1978-10-01,-5522.439000000000306
1978-11-01,-5379.713999999999942
1978-12-01,-6353.514000000000124
1979-01-01,-4294.594000000000051
1979-02-01,-6703.038999999999760
1979-03-01,-11922.889999999999418
1979-04-01,-7137.530000000000655
1979-05-01,-5604.037999999999556
1979-06-01,-9835.011000000000422
1979-07-01,-3732.579999999999927
1979-08-01,-6489.684000000000196
1979-09-01,-14704.280000000000655
1979-10-01,-9891.978999999999360
1979-11-01,-6682.275999999999840
1979-12-01,-12777.530000000000655
1980-01-01,-19916.009999999998399
1980-02-01,-29243.159999999999854
1980-03-01,-11881.870000000000800
1980-04-01,-11859.950000000000728
1980-05-01,-36505.889999999999418
1980-06-01,-25412.580000000001746
1980-07-01,-33693.009999999994761
1980-08-01,-31564.490000000001601
1980-09-01,-65033.029999999998836
1980-10-01,-56119.150000000001455
1980-11-01,-24007.570000000003347
1980-12-01,-37342.050000000002910
1981-01-01,-57944.750000000000000
1981-02-01,-63354.030000000006112
1981-03-01,-42595.330000000001746
1981-04-01,-37352.740000000005239
1981-05-01,-47687.830000000001746
1981-06-01,-31696.939999999998690
1981-07-01,-48105.180000000000291
1981-08-01,-35958.629999999997381
1981-09-01,-26610.490000000001601
1981-10-01,-23732.909999999999854
1981-11-01,-37592.040000000000873
1981-12-01,-31839.160000000003492
1982-01-01,-32252.500000000003638
1982-02-01,-35969.120000000002619
1982-03-01,-33278.809999999997672
1982-04-01,-42560.230000000003201
1982-05-01,-44833.940000000002328
1982-06-01,-42862.850000000005821
1982-07-01,-38742.980000000003201
1982-08-01,-44515.860000000000582
1982-09-01,-30112.610000000000582
1982-10-01,-45270.480000000003201
1982-11-01,-51102.420000000005530
1982-12-01,-84485.149999999994179
1983-01-01,-59468.279999999998836
1983-02-01,-66485.919999999998254
1983-03-01,-75913.089999999996508
1983-04-01,-36942.650000000001455
1983-05-01,-48875.169999999998254
1983-06-01,-53338.980000000003201
1983-07-01,-42915.569999999999709
1983-08-01,-79529.580000000001746
1983-09-01,-42136.850000000005821
1983-10-01,-67733.769999999989523
1983-11-01,-75371.119999999995343
1983-12-01,-99976.970000000001164
1984-01-01,-62389.360000000000582
1984-02-01,-45876.060000000004948
1984-03-01,-64905.859999999993306
1984-04-01,-117081.399999999994179
1984-05-01,-110758.100000000005821
1984-06-01,-96360.330000000001746
1984-07-01,-143346.100000000005821
1984-08-01,-106497.300000000002910
1984-09-01,-146960.399999999994179
1984-10-01,-129534.800000000002910
1984-11-01,-139778.500000000000000
1984-12-01,-209880.600000000005821
1985-01-01,-102744.600000000005821
1985-02-01,-80280.229999999995925
1985-03-01,-146787.800000000017462
1985-04-01,-137138.699999999982538
1985-05-01,-124141.100000000005821
1985-06-01,-87969.669999999998254
1985-07-01,-160848.699999999982538
1985-08-01,-118261.800000000002910
1985-09-01,-189163.200000000011642
1985-10-01,-200603.500000000000000
1985-11-01,-334486.700000000011642
1985-12-01,-124143.100000000005821
1986-01-01,-271252.400000000023283
1986-02-01,-149108.099999999976717
1986-03-01,-202616.200000000011642
1986-04-01,-177715.199999999982538
1986-05-01,-219919.399999999994179
1986-06-01,-200054.399999999994179
1986-07-01,-184239.500000000000000
1986-08-01,-186429.000000000000000
1986-09-01,-238994.700000000011642
1986-10-01,-174230.899999999994179
1986-11-01,-251776.299999999988358
1986-12-01,-152649.000000000000000
1987-01-01,-193365.700000000011642
1987-02-01,-303629.400000000023283
1987-03-01,-182719.899999999994179
1987-04-01,-277903.099999999976717
1987-05-01,-92841.580000000001746
1987-06-01,-135604.399999999994179
1987-07-01,-404294.300000000104774
1987-08-01,-149794.299999999988358
1987-09-01,-225852.200000000011642
1987-10-01,-436011.400000000023283
1987-11-01,-481262.700000000011642
1987-12-01,-502626.099999999976717
1988-01-01,-187469.000000000000000
1988-02-01,-299269.299999999988358
1988-03-01,-448246.099999999976717
1988-04-01,-411350.799999999988358
1988-05-01,-297578.400000000023283
1988-06-01,-373637.400000000023283
1988-07-01,-54948.319999999999709
1988-08-01,-356894.900000000023283
1988-09-01,-287746.000000000000000
1988-10-01,-258400.100000000034925
1988-11-01,-361500.599999999976717
1988-12-01,-280136.000000000000000
1989-01-01,-613565.699999999953434
1989-02-01,-369935.000000000000000
1989-03-01,-386525.500000000000000
1989-04-01,-631381.299999999930151
1989-05-01,-632457.100000000093132
1989-06-01,-769946.699999999953434
1989-07-01,-755666.900000000023283
1989-08-01,-1047518.000000000000000
1989-09-01,-793516.800000000046566
1989-10-01,-1197946.000000000000000
1989-11-01,-984925.000000000000000
1989-12-01,-706979.500000000000000
1990-01-01,-1433511.000000000000000
1990-02-01,-1545123.000000000000000
1990-03-01,-1775920.000000000000000
1990-04-01,-865989.500000000000000
1990-05-01,-2280222.000000000000000
1990-06-01,-1335748.000000000000000
1990-07-01,-1528858.000000000000000
1990-08-01,-2527362.000000000000000
1990-09-01,-2183456.000000000000000
1990-10-01,-3294240.000000000000000
1990-11-01,-2952272.000000000000000
1990-12-01,-2138743.000000000000000
1991-01-01,-2177249.000000000000000
1991-02-01,-1374911.000000000000000
1991-03-01,-2104124.000000000000000
1991-04-01,-1144728.000000000000000
1991-05-01,-2546747.000000000000000
1991-06-01,-2206837.000000000000000
1991-07-01,-2912193.000000000000000
1991-08-01,-2773063.000000000000000
1991-09-01,-2755646.000000000000000
1991-10-01,-3105405.000000000000000
1991-11-01,-2837312.000000000000000
1991-12-01,-3786854.000000000000000
1992-01-01,-3037495.000000000000000
1992-02-01,-3214516.000000000000000
1992-03-01,-3282024.000000000000000
1992-04-01,-3818287.000000000000000
1992-05-01,-3685030.000000000000000
1992-06-01,-4944601.000000000000000
1992-07-01,-5336913.000000000000000
1992-08-01,-4350643.000000000000000
1992-09-01,-5011992.000000000000000
1992-10-01,-4365264.000000000000000
1992-11-01,-6084858.000000000000000
1992-12-01,-7749826.000000000000000
1993-01-01,-6486847.000000000000000
1993-02-01,-9278039.000000000000000
1993-03-01,-8269026.000000001862645
1993-04-01,-15232460.000000000000000
1993-05-01,-11134930.000000000000000
1993-06-01,-13195310.000000000000000
1993-07-01,-13189440.000000000000000
1993-08-01,-15676039.999999998137355
1993-09-01,-12871130.000000000000000
1993-10-01,-11140470.000000000000000
1993-11-01,-14577100.000000000000000
1993-12-01,-16700469.999999998137355
1994-01-01,-14257630.000000000000000
1994-02-01,-10020600.000000000000000
1994-03-01,-12109190.000000000000000
1994-04-01,-15275840.000000000000000
1994-05-01,-8404073.000000000000000
1994-06-01,-12206240.000000000000000
1994-07-01,-2891307.000000000000000
1994-08-01,-10777910.000000000000000
1994-09-01,-7379100.000000000000000
1994-10-01,-14136010.000000000000000
1994-11-01,-17790000.000000000000000
1994-12-01,-17286670.000000000000000
1995-01-01,-28048490.000000000000000
1995-02-01,-35928560.000000000000000
1995-03-01,-31607440.000000000000000
1995-04-01,-45926650.000000000000000
1995-05-01,-34511090.000000000000000
1995-06-01,-44506850.000000000000000
1995-07-01,-42282430.000000000000000
1995-08-01,-58895980.000000000000000
1995-09-01,-58235780.000000000000000
1995-10-01,-61460980.000000000000000
1995-11-01,-74433130.000000000000000
1995-12-01,-86198470.000000000000000
1996-01-01,-111121400.000000000000000
1996-02-01,-86654890.000000000000000
1996-03-01,-119040800.000000000000000
1996-04-01,-123748700.000000000000000
1996-05-01,-145448300.000000000000000
1996-06-01,-114875800.000000000000000
1996-07-01,-150299300.000000000000000
1996-08-01,-122845300.000000000000000
1996-09-01,-115335200.000000000000000
1996-10-01,-139618600.000000000000000
1996-11-01,-160840400.000000000000000
1996-12-01,-186309200.000000000000000
1997-01-01,-216226200.000000000000000
1997-02-01,-195434900.000000000000000
1997-03-01,-219562400.000000000000000
1997-04-01,-206619600.000000000000000
1997-05-01,-273006100.000000000000000
1997-06-01,-231307000.000000000000000
1997-07-01,-258200900.000000000000000
1997-08-01,-323513200.000000000000000
1997-09-01,-344477400.000000000000000
1997-10-01,-347848200.000000000000000
1997-11-01,-364480300.000000000000000
1997-12-01,-361119400.000000000000000
1998-01-01,-323043600.000000000000000
1998-02-01,-468117000.000000000000000
1998-03-01,-445513000.000000000000000
1998-04-01,-505769700.000000000000000
1998-05-01,-448477100.000000000000000
1998-06-01,-426223700.000000000000000
1998-07-01,-450176300.000000000000000
1998-08-01,-387684200.000000000000000
1998-09-01,-366219700.000000000000000
1998-10-01,-380766400.000000000000000
1998-11-01,-342586100.000000000000000
1998-12-01,-342447800.000000000000000
1999-01-01,-285128000.000000000000000
1999-02-01,-272600400.000000000000000
1999-03-01,-295616400.000000000000000
1999-04-01,-518203700.000000059604645
1999-05-01,-471784900.000000000000000
1999-06-01,-516191200.000000000000000
1999-07-01,-551062200.000000000000000
1999-08-01,-505013000.000000059604645
1999-09-01,-564717200.000000000000000
1999-10-01,-548963500.000000000000000
1999-11-01,-611357700.000000000000000
1999-12-01,-848392500.000000000000000
2000-01-01,-815562700.000000000000000
2000-02-01,-1047955000.000000000000000
2000-03-01,-1077056000.000000000000000
2000-04-01,-1318335000.000000000000000
2000-05-01,-1262996000.000000000000000
2000-06-01,-1493017000.000000000000000
2000-07-01,-1529536000.000000000000000
2000-08-01,-1690301000.000000000000000
2000-09-01,-1540697000.000000000000000
2000-10-01,-1756975000.000000000000000
2000-11-01,-1731631000.000000000000000
2000-12-01,-1298219000.000000000000000
2001-01-01,-1433515000.000000000000000
2001-02-01,-1027460000.000000000000000
2001-03-01,-833645000.000000000000000
2001-04-01,-585382000.000000000000000
2001-05-01,-517028000.000000059604645
2001-06-01,-933434700.000000000000000
2001-07-01,-1015808000.000000000000000
2001-08-01,-939873700.000000000000000
2001-09-01,-1370697000.000000000000000
2001-10-01,-965705300.000000000000000
2001-11-01,-1062254000.000000000000000
2001-12-01,-1048855000.000000000000000
2002-01-01,-1383720000.000000000000000
2002-02-01,-1215596000.000000000000000
2002-03-01,-1626851000.000000000000000
2002-04-01,-1934933000.000000000000000
2002-05-01,-1410172000.000000000000000
2002-06-01,-1845751000.000000000000000
2002-07-01,-2033165000.000000000000000
2002-08-01,-2169630000.000000000000000
2002-09-01,-2044029000.000000000000000
2002-10-01,-2295268000.000000000000000
2002-11-01,-2393895000.000000000000000
2002-12-01,-2651941000.000000000000000
2003-01-01,-2012044000.000000000000000
2003-02-01,-3062540000.000000000000000
2003-03-01,-3446084000.000000000000000
2003-04-01,-2506747000.000000000000000
2003-05-01,-2521048000.000000000000000
2003-06-01,-2504539000.000000000000000
2003-07-01,-2272092000.000000000000000
2003-08-01,-2537028000.000000000000000
2003-09-01,-2546715000.000000000000000
2003-10-01,-2710889000.000000000000000
2003-11-01,-2669770000.000000000000000
2003-12-01,-3852213000.000000000000000
2004-01-01,-3475072000.000000000000000
2004-02-01,-4533090000.000000000000000
2004-03-01,-4008984000.000000000000000
2004-04-01,-3946279000.000000000000000
2004-05-01,-4426197000.000000000000000
2004-06-01,-4019422000.000000000000000
2004-07-01,-4198759000.000000000000000
2004-08-01,-4025524000.000000000000000
2004-09-01,-3787987000.000000000000000
2004-10-01,-4239442000.000000953674316
2004-11-01,-4313294000.000000000000000
2004-12-01,-4363976000.000000000000000
2005-01-01,-4100884000.000000000000000
2005-02-01,-4359893000.000000000000000
2005-03-01,-4537435000.000000000000000
2005-04-01,-4746877000.000000000000000
2005-05-01,-4755973000.000000000000000
2005-06-01,-4750678000.000000000000000
2005-07-01,-4928119000.000000000000000
2005-08-01,-5316977000.000000000000000
2005-09-01,-4391860000.000000000000000
2005-10-01,-4890450000.000000000000000
2005-11-01,-5040588000.000000000000000
2005-12-01,-5161471000.000000000000000
2006-01-01,-5419485000.000000000000000
2006-02-01,-5997698000.000000000000000
2006-03-01,-5361548000.000000000000000
2006-04-01,-7093694000.000000000000000
2006-05-01,-7220411000.000000000000000
2006-06-01,-6763437000.000000000000000
2006-07-01,-6942005000.000000000000000
2006-08-01,-6704222000.000000000000000
2006-09-01,-6780702000.000000000000000
2006-10-01,-6973918000.000000000000000
2006-11-01,-6049261000.000000000000000
2006-12-01,-6062109000.000000000000000
2007-01-01,-6854444000.000000000000000
2007-02-01,-6358198000.000000000000000
2007-03-01,-6416317000.000000000000000
2007-04-01,-6564449000.000000000000000
2007-05-01,-6109052000.000000000000000
2007-06-01,-6877917000.000000000000000
2007-07-01,-6699941000.000000000000000
2007-08-01,-6400448000.000000000000000
2007-09-01,-7096623000.000000000000000
2007-10-01,-6930931000.000000000000000
2007-11-01,-6305920000.000000000000000
2007-12-01,-7335482000.000000000000000
2008-01-01,-7735153000.000000000000000
2008-02-01,-7195931000.000000000000000
2008-03-01,-7363123000.000000000000000
2008-04-01,-8391010000.000000000000000
2008-05-01,-8358700000.000001907348633
2008-06-01,-8831044000.000000000000000
2008-07-01,-7928782000.000000000000000
2008-08-01,-8065894999.999998092651367
2008-09-01,-5741080000.000000000000000
2008-10-01,-8744999000.000000000000000
2008-11-01,-5312303000.000000000000000
2008-12-01,-5445899000.000000000000000
2009-01-01,-3356799000.000000000000000
2009-02-01,-2222636000.000000000000000
2009-03-01,-3858439000.000000000000000
2009-04-01,-4095970000.000000953674316
2009-05-01,-6101738000.000000000000000
2009-06-01,-5446192000.000000000000000
2009-07-01,-4520888000.000000000000000
2009-08-01,-6365938000.000000000000000
2009-09-01,-5687990000.000000000000000
2009-10-01,-5201258000.000000000000000
2009-11-01,-5995019000.000000000000000
2009-12-01,-5701483000.000000000000000
2010-01-01,-7479351000.000000000000000
2010-02-01,-6631386000.000000000000000
2010-03-01,-7199088000.000000000000000
2010-04-01,-8230385000.000000000000000
2010-05-01,-7319468000.000000000000000
2010-06-01,-7834931000.000000000000000
2010-07-01,-9257717000.000000000000000
2010-08-01,-9448738000.000000000000000
2010-09-01,-9571801000.000000000000000
2010-10-01,-10734870000.000000000000000
2010-11-01,-12670090000.000000000000000
2010-12-01,-10721660000.000000000000000
2011-01-01,-13235060000.000000000000000
2011-02-01,-13901480000.000000000000000
2011-03-01,-14214890000.000000000000000
2011-04-01,-13578350000.000000000000000
2011-05-01,-14512930000.000000000000000
2011-06-01,-14906760000.000000000000000
2011-07-01,-15272520000.000000000000000
2011-08-01,-13023630000.000000000000000
2011-09-01,-18099660000.000000000000000
2011-10-01,-15705410000.000000000000000
2011-11-01,-14692410000.000000000000000
2011-12-01,-13451090000.000000000000000
2012-01-01,-13767370000.000000000000000
2012-02-01,-11898150000.000000000000000
2012-03-01,-13548300000.000000000000000
2012-04-01,-12042790000.000000000000000
2012-05-01,-13036650000.000000000000000
2012-06-01,-13095890000.000000000000000
2012-07-01,-12761140000.000000000000000
2012-08-01,-10708650000.000000000000000
2012-09-01,-12882770000.000000000000000
2012-10-01,-11197900000.000000000000000
2012-11-01,-12274930000.000000000000000
2012-12-01,-11517040000.000000000000000
2013-01-01,-13855700000.000000000000000
2013-02-01,-14048950000.000000000000000
2013-03-01,-12941600000.000000000000000
2013-04-01,-17390640000.000000000000000
2013-05-01,-15913480000.000000000000000
2013-06-01,-15633420000.000000000000000
2013-07-01,-16736989999.999998092651367
2013-08-01,-14610350000.000000000000000
2013-09-01,-15409320000.000000000000000
2013-10-01,-17640790000.000000000000000
2013-11-01,-16161010000.000001907348633
2013-12-01,-18916250000.000000000000000
2014-01-01,-16918660000.000000000000000
2014-02-01,-12965000000.000000000000000
2014-03-01,-12766700000.000000000000000
2014-04-01,-14725080000.000000000000000
2014-05-01,-13546840000.000000000000000
2014-06-01,-15444740000.000000000000000
2014-07-01,-12117120000.000000000000000
2014-08-01,-17064990000.000001907348633
2014-09-01,-15903500000.000000000000000
2014-10-01,-16959869999.999998092651367
2014-11-01,-20460760000.000000000000000
2014-12-01,-16751150000.000000000000000
2015-01-01,-11188460000.000000000000000
2015-02-01,-13819990000.000000000000000
2015-03-01,-15276840000.000000000000000
2015-04-01,-12257190000.000000000000000
2015-05-01,-16443600000.000000000000000
2015-06-01,-14603630000.000000000000000
2015-07-01,-16560120000.000001907348633
2015-08-01,-13788530000.000000000000000
2015-09-01,-12699210000.000000000000000
2015-10-01,-12431680000.000000000000000
2015-11-01,-13843170000.000000000000000
2015-12-01,-16429780000.000000000000000
2016-01-01,-12600540000.000000000000000
2016-02-01,-10767930000.000000000000000
2016-03-01,-13125720000.000000000000000
2016-04-01,-10986930000.000000000000000
2016-05-01,-12502650000.000000000000000
2016-06-01,-16228230000.000000000000000
2016-07-01,-12517360000.000000000000000
2016-08-01,-13286310000.000000000000000
2016-09-01,-14020130000.000000000000000
2016-10-01,-12774720000.000000000000000
2016-11-01,-14420670000.000000000000000
2016-12-01,-16794970000.000000000000000
2017-01-01,-16724060000.000001907348633
2017-02-01,-14929870000.000000000000000
2017-03-01,-14785460000.000000000000000
2017-04-01,-15522610000.000000000000000
2017-05-01,-23221670000.000000000000000
2017-06-01,-20503870000.000000000000000
2017-07-01,-28057770000.000000000000000
2017-08-01,-19168730000.000000000000000
2017-09-01,-31433990000.000000000000000
2017-10-01,-27550790000.000000000000000
2017-11-01,-25988000000.000000000000000
2017-12-01,-31279930000.000000000000000
2018-01-01,-34667320000.000000000000000
2018-02-01,-25235010000.000000000000000
2018-03-01,-23203850000.000000000000000
2018-04-01,-26380760000.000000000000000
2018-05-01,-31062590000.000000000000000
2018-06-01,-26403980000.000000000000000
2018-07-01,-24595200000.000000000000000
2018-08-01,-15844020000.000000000000000
2018-09-01,-11723980000.000000000000000
2018-10-01,-4252422000.000000000000000
2018-11-01,-3267096000.000000000000000
2018-12-01,-8331941000.000001907348633
2019-01-01,-11982320000.000000000000000
2019-02-01,-10800030000.000000000000000
2019-03-01,-11196200000.000000000000000
2019-04-01,-15669430000.000000000000000
2019-05-01,-5643741000.000000000000000
2019-06-01,-19559520000.000000000000000
2019-07-01,-14588400000.000000000000000
2019-08-01,-13186620000.000000000000000
2019-09-01,-10676270000.000000000000000
2019-10-01,-16230770000.000000000000000
2019-11-01,-15523430000.000000000000000
2019-12-01,-23728880000.000000000000000
2020-01-01,-21737770000.000000000000000
2020-02-01,-18945110000.000000000000000
2020-03-01,-33079110000.000000000000000
2020-04-01,-30549540000.000000000000000
2020-05-01,-20300130000.000000000000000
2020-06-01,-20877560000.000000000000000
2020-07-01,-13512140000.000000000000000
2020-08-01,-45677550000.000000000000000
2020-09-01,-40926570000.000000000000000
2020-10-01,-30871150000.000000000000000
2020-11-01,-47548790000.000000000000000
2020-12-01,-34579110000.000000000000000
2021-01-01,-24945570000.000000000000000
2021-02-01,-25660210000.000000000000000
2021-03-01,-34255060000.000000000000000
2021-04-01,-20213680000.000000000000000
2021-05-01,-24763090000.000000000000000
2021-06-01,-22136780000.000000000000000
2021-07-01,-27111410000.000000000000000
2021-08-01,-36097220000.000000000000000
2021-09-01,-29004680000.000000000000000
2021-10-01,-29282530000.000000000000000
2021-11-01,-65349050000.000007629394531
2021-12-01,-91260410000.000000000000000
2022-01-01,-132843899999.999984741210938
2022-02-01,-116673800000.000000000000000
2022-03-01,-123905600000.000000000000000
2022-04-01,-77735700000.000000000000000
2022-05-01,-159199900000.000000000000000
2022-06-01,-139571900000.000000000000000
2022-07-01,-178167600000.000000000000000
2022-08-01,-201089300000.000000000000000
2022-09-01,-178647100000.000000000000000
2022-10-01,-171414200000.000000000000000
2022-11-01,-167382000000.000000000000000
2022-12-01,-167020300000.000000000000000
2023-01-01,-236646800000.000000000000000
2023-02-01,-225673400000.000000000000000
2023-03-01,-152100600000.000000000000000
2023-04-01,-163198700000.000000000000000
2023-05-01,-233267900000.000000000000000
2023-06-01,-151190100000.000000000000000
2023-07-01,-280885600000.000000000000000
2023-08-01,-249350000000.000000000000000
2023-09-01,-166269100000.000000000000000
2023-10-01,-198439600000.000000000000000
2023-11-01,-179603500000.000000000000000
2023-12-01,-168110200000.000000000000000
2024-01-01,-167500400000.000000000000000
2024-02-01,-191404300000.000000000000000
2024-03-01,-229658900000.000000000000000
2024-04-01,-310985100000.000000000000000
2024-05-01,-174125400000.000000000000000
2024-06-01,-218806900000.000000000000000
2024-07-01,-188537500000.000000000000000
2024-08-01,-209248800000.000000000000000
2024-09-01,-223009400000.000000000000000
2024-10-01,-260802700000.000030517578125
2024-11-01,-279585100000.000000000000000
2024-12-01,-285305800000.000000000000000
2025-01-01,-248419700000.000000000000000
2025-02-01,-258694200000.000030517578125
2025-03-01,-253073600000.000000000000000
2025-04-01,-411003000000.000000000000000
2025-05-01,-270530200000.000000000000000
2025-06-01,-332373800000.000000000000000
2025-07-01,-194913000000.000000000000000
2025-08-01,-202296100000.000000000000000
2025-09-01,-329080700000.000000000000000
2025-10-01,-385148600000.000000000000000
2025-11-01,-390443800000.000000000000000
2025-12-01,-375264300000.000000000000000
2026-01-01,-388536200000.000000000000000
2026-02-01,-398354300000.000000000000000
2026-03-01,-455639300000.000000000000000
2026-04-01,-298178100000.000000000000000
2026-05-01,-291862900000.000000000000000
2026-06-01,-419042800000.000000000000000
