observation_date,XTNTVA01SEM664S
1955-01-01,-91555680.0000000000
1955-02-01,-96940610.0000000000
1955-03-01,-214575600.0000000000
1955-04-01,-169626900.0000000000
1955-05-01,-126273900.0000000000
1955-06-01,-111799800.0000000000
1955-07-01,-76990160.0000000000
1955-08-01,-60140250.0000000000
1955-09-01,-126078100.0000000000
1955-10-01,-42018500.0000000000
1955-11-01,-106331400.0000000000
1955-12-01,-132938200.0000000000
1956-01-01,-64432279.9999999925
1956-02-01,-194824600.0000000000
1956-03-01,-129518000.0000000000
1956-04-01,-194626500.0000000000
1956-05-01,-120094100.0000000000
1956-06-01,-89977470.0000000000
1956-07-01,-67667720.0000000000
1956-08-01,-104811900.0000000000
1956-09-01,-73232300.0000000000
1956-10-01,-147185200.0000000000
1956-11-01,-99615870.0000000000
1956-12-01,-146943500.0000000000
1957-01-01,-144699500.0000000000
1957-02-01,-197807100.0000000000
1957-03-01,-120803400.0000000000
1957-04-01,-98854640.0000000000
1957-05-01,-109813000.0000000000
1957-06-01,-199847400.0000000000
1957-07-01,-202810500.0000000000
1957-08-01,-118341100.0000000000
1957-09-01,-8821385.0000000000
1957-10-01,-109167400.0000000000
1957-11-01,-97011530.0000000000
1957-12-01,-116617100.0000000000
1958-01-01,-215133200.0000000000
1958-02-01,-154967500.0000000000
1958-03-01,-216307000.0000000000
1958-04-01,-162276700.0000000000
1958-05-01,-112878800.0000000000
1958-06-01,13736950.0000000000
1958-07-01,-90346740.0000000000
1958-08-01,-134933600.0000000000
1958-09-01,-5105373.0000000000
1958-10-01,-105366800.0000000000
1958-11-01,-5234981.0000000000
1958-12-01,-276323100.0000000000
1959-01-01,-18151020.0000000000
1959-02-01,-27473540.0000000000
1959-03-01,21411760.0000000000
1959-04-01,-91412580.0000000000
1959-05-01,-457433.4000000000
1959-06-01,-125990400.0000000000
1959-07-01,-85052460.0000000000
1959-08-01,-65920810.0000000000
1959-09-01,-165407500.0000000000
1959-10-01,-19355880.0000000000
1959-11-01,-142375000.0000000000
1959-12-01,-324172100.0000000000
1960-01-01,-231950500.0000000000
1960-02-01,-100042000.0000000000
1960-03-01,-83451670.0000000000
1960-04-01,4054525.0000000000
1960-05-01,-196384600.0000000000
1960-06-01,-229541400.0000000000
1960-07-01,-57914190.0000000000
1960-08-01,-147647000.0000000000
1960-09-01,-130378500.0000000000
1960-10-01,-57483750.0000000000
1960-11-01,-117770900.0000000000
1960-12-01,-350166100.0000000000
1961-01-01,-52465720.0000000000
1961-02-01,-50847140.0000000000
1961-03-01,-97588770.0000000000
1961-04-01,-117461800.0000000000
1961-05-01,-3998659.0000000000
1961-06-01,-104680300.0000000000
1961-07-01,56418320.0000000000
1961-08-01,-29258210.0000000000
1961-09-01,-184338600.0000000000
1961-10-01,-64440180.0000000000
1961-11-01,-173168100.0000000000
1961-12-01,-106298700.0000000000
1962-01-01,-56062290.0000000000
1962-02-01,-26292150.0000000000
1962-03-01,-176825300.0000000000
1962-04-01,62092850.0000000000
1962-05-01,-28755080.0000000000
1962-06-01,-62887700.0000000075
1962-07-01,-83628810.0000000000
1962-08-01,-84810320.0000000000
1962-09-01,-91869230.0000000000
1962-10-01,-149309900.0000000000
1962-11-01,-151682100.0000000000
1962-12-01,-139996500.0000000000
1963-01-01,9788529.0000000000
1963-02-01,-189980500.0000000000
1963-03-01,-174592700.0000000000
1963-04-01,-257989200.0000000000
1963-05-01,-246363500.0000000000
1963-06-01,-34363960.0000000000
1963-07-01,-63226290.0000000075
1963-08-01,82536630.0000000000
1963-09-01,52256840.0000000000
1963-10-01,-113053500.0000000000
1963-11-01,17245960.0000000000
1963-12-01,-101979100.0000000000
1964-01-01,-79031080.0000000000
1964-02-01,-251321000.0000000298
1964-03-01,-2775459.0000000000
1964-04-01,-166485500.0000000000
1964-05-01,-150475800.0000000000
1964-06-01,48220420.0000000000
1964-07-01,-166306100.0000000000
1964-08-01,-44114990.0000000000
1964-09-01,-98228980.0000000000
1964-10-01,-12296160.0000000000
1964-11-01,-633747.8000000000
1964-12-01,-65565440.0000000000
1965-01-01,-45767720.0000000000
1965-02-01,-180718000.0000000000
1965-03-01,-189611600.0000000000
1965-04-01,-199112200.0000000000
1965-05-01,-314325300.0000000000
1965-06-01,-208646100.0000000000
1965-07-01,-241645700.0000000000
1965-08-01,-267411800.0000000000
1965-09-01,-142850500.0000000000
1965-10-01,-146359900.0000000000
1965-11-01,-43220860.0000000000
1965-12-01,-162415500.0000000000
1966-01-01,-202828700.0000000000
1966-02-01,-337641000.0000000000
1966-03-01,-177312900.0000000000
1966-04-01,-194390100.0000000000
1966-05-01,-99728320.0000000000
1966-06-01,-129219000.0000000000
1966-07-01,-131984500.0000000000
1966-08-01,-91346150.0000000000
1966-09-01,-133460800.0000000000
1966-10-01,-148389000.0000000000
1966-11-01,-145986100.0000000000
1966-12-01,95795680.0000000000
1967-01-01,-212120800.0000000000
1967-02-01,-76119620.0000000000
1967-03-01,-98402800.0000000000
1967-04-01,135718900.0000000000
1967-05-01,-35754650.0000000000
1967-06-01,115246200.0000000000
1967-07-01,-146391500.0000000000
1967-08-01,-302356300.0000000000
1967-09-01,-185469600.0000000000
1967-10-01,-45239830.0000000000
1967-11-01,-217717300.0000000000
1967-12-01,134838700.0000000000
1968-01-01,-331892000.0000000000
1968-02-01,-100461000.0000000000
1968-03-01,89803330.0000000000
1968-04-01,-94050050.0000000000
1968-05-01,-43809280.0000000000
1968-06-01,-46800720.0000000000
1968-07-01,-61174420.0000000000
1968-08-01,-130620400.0000000000
1968-09-01,-33285020.0000000000
1968-10-01,-64141809.9999999925
1968-11-01,-73756090.0000000000
1968-12-01,-187501500.0000000000
1969-01-01,26006510.0000000000
1969-02-01,-40568740.0000000000
1969-03-01,-80268980.0000000000
1969-04-01,-178939600.0000000000
1969-05-01,38401300.0000000000
1969-06-01,-292207300.0000000000
1969-07-01,-143572300.0000000000
1969-08-01,62519910.0000000000
1969-09-01,-303227600.0000000000
1969-10-01,-145433700.0000000000
1969-11-01,4729820.0000000000
1969-12-01,-53118000.0000000000
1970-01-01,-459092800.0000000000
1970-02-01,-97800080.0000000000
1970-03-01,-246059800.0000000000
1970-04-01,-277936300.0000000000
1970-05-01,-358784700.0000000000
1970-06-01,-59309630.0000000000
1970-07-01,-5422177.0000000000
1970-08-01,158004500.0000000000
1970-09-01,-21262580.0000000000
1970-10-01,-39628560.0000000000
1970-11-01,223379500.0000000000
1970-12-01,-26813100.0000000000
1971-01-01,238731200.0000000000
1971-02-01,94075280.0000000000
1971-03-01,258293400.0000000000
1971-04-01,-9106671.0000000000
1971-05-01,287375700.0000000000
1971-06-01,275935800.0000000000
1971-07-01,-32067650.0000000037
1971-08-01,256113600.0000000000
1971-09-01,236827500.0000000000
1971-10-01,220163800.0000000000
1971-11-01,244425600.0000000000
1971-12-01,-50784000.0000000000
1972-01-01,242630900.0000000000
1972-02-01,73087210.0000000000
1972-03-01,-37728100.0000000000
1972-04-01,326076700.0000000000
1972-05-01,72452330.0000000000
1972-06-01,209837600.0000000000
1972-07-01,210646900.0000000000
1972-08-01,489211100.0000000000
1972-09-01,377432000.0000000000
1972-10-01,174463100.0000000000
1972-11-01,560367600.0000000000
1972-12-01,467621700.0000000000
1973-01-01,832335900.0000000000
1973-02-01,520280500.0000000596
1973-03-01,831236100.0000000000
1973-04-01,138787700.0000000000
1973-05-01,741299200.0000000000
1973-06-01,195651600.0000000000
1973-07-01,1295767000.0000000000
1973-08-01,10658710.0000000000
1973-09-01,290989900.0000000000
1973-10-01,467459900.0000000000
1973-11-01,62371100.0000000000
1973-12-01,379600100.0000000000
1974-01-01,-670880400.0000000000
1974-02-01,-514569200.0000000000
1974-03-01,-296279500.0000000000
1974-04-01,89993290.0000000000
1974-05-01,-423846100.0000000000
1974-06-01,-728914400.0000000000
1974-07-01,-89666220.0000000000
1974-08-01,404541300.0000000000
1974-09-01,24000690.0000000000
1974-10-01,-30956130.0000000000
1974-11-01,-501298500.0000000000
1974-12-01,-426583700.0000000000
1975-01-01,-1436659000.0000000000
1975-02-01,213173300.0000000000
1975-03-01,-15534230.0000000000
1975-04-01,-315854800.0000000000
1975-05-01,-322558800.0000000000
1975-06-01,-309274500.0000000000
1975-07-01,-470786600.0000000000
1975-08-01,-395994300.0000000000
1975-09-01,-130034200.0000000000
1975-10-01,-235923400.0000000000
1975-11-01,53682240.0000000000
1975-12-01,474734000.0000000000
1976-01-01,31382840.0000000037
1976-02-01,193208500.0000000000
1976-03-01,-133440200.0000000000
1976-04-01,-634012000.0000000000
1976-05-01,-313374700.0000000000
1976-06-01,268070800.0000000000
1976-07-01,-427391800.0000000000
1976-08-01,715934300.0000000000
1976-09-01,-109938600.0000000000
1976-10-01,-181446400.0000000000
1976-11-01,-792627500.0000000000
1976-12-01,-1411451000.0000000000
1977-01-01,-740159300.0000000000
1977-02-01,-642050000.0000000000
1977-03-01,-895743500.0000000000
1977-04-01,-550111700.0000000000
1977-05-01,-431462400.0000000000
1977-06-01,-367326800.0000000000
1977-07-01,-486360200.0000000000
1977-08-01,-777376100.0000000000
1977-09-01,-483995300.0000000000
1977-10-01,-178745800.0000000000
1977-11-01,293368000.0000000000
1977-12-01,486700900.0000000000
1978-01-01,233773200.0000000000
1978-02-01,457128600.0000000000
1978-03-01,129102800.0000000000
1978-04-01,867658100.0000000000
1978-05-01,439627900.0000000000
1978-06-01,706965800.0000000000
1978-07-01,35980840.0000000000
1978-08-01,276814100.0000000000
1978-09-01,823436800.0000000000
1978-10-01,171921000.0000000000
1978-11-01,613233400.0000000000
1978-12-01,539824400.0000000000
1979-01-01,335845100.0000000000
1979-02-01,-111153100.0000000000
1979-03-01,-1029193.0000000000
1979-04-01,190518200.0000000000
1979-05-01,-495872900.0000000000
1979-06-01,-527451500.0000000000
1979-07-01,-1128595000.0000000000
1979-08-01,-1169284000.0000000000
1979-09-01,227684900.0000000000
1979-10-01,-624735500.0000000000
1979-11-01,-754218300.0000000000
1979-12-01,-779115400.0000000000
1980-01-01,-1397477000.0000000000
1980-02-01,-432762800.0000000000
1980-03-01,-994744500.0000000000
1980-04-01,-667448800.0000000000
1980-05-01,-2255780000.0000000000
1980-06-01,-1708655000.0000000000
1980-07-01,-803979700.0000000000
1980-08-01,-546149600.0000000000
1980-09-01,-1254686000.0000000000
1980-10-01,-500161300.0000000596
1980-11-01,-262313200.0000000298
1980-12-01,31841450.0000000000
1981-01-01,-446168500.0000000000
1981-02-01,-496543400.0000000000
1981-03-01,169650200.0000000000
1981-04-01,583500900.0000000000
1981-05-01,44909530.0000000000
1981-06-01,8763016.0000000000
1981-07-01,-53936340.0000000000
1981-08-01,-240348300.0000000000
1981-09-01,-279399500.0000000000
1981-10-01,-87227040.0000000000
1981-11-01,-250877300.0000000298
1981-12-01,-198570500.0000000000
1982-01-01,-765458500.0000000000
1982-02-01,46991760.0000000000
1982-03-01,330905000.0000000000
1982-04-01,1359902000.0000000000
1982-05-01,-132471700.0000000000
1982-06-01,-479738300.0000000000
1982-07-01,1694743000.0000000000
1982-08-01,-2242220000.0000000000
1982-09-01,-602104800.0000000000
1982-10-01,-632346600.0000000000
1982-11-01,-2810731000.0000000000
1982-12-01,-1189204000.0000000000
1983-01-01,426324000.0000000000
1983-02-01,-144854800.0000000000
1983-03-01,1319342000.0000000000
1983-04-01,416181500.0000000000
1983-05-01,1672837000.0000000000
1983-06-01,2175105000.0000000000
1983-07-01,1059532000.0000000000
1983-08-01,-594375400.0000000000
1983-09-01,1545123000.0000000000
1983-10-01,1795277000.0000000000
1983-11-01,603345700.0000000000
1983-12-01,-486885200.0000000000
1984-01-01,3155119000.0000000000
1984-02-01,2454963000.0000000000
1984-03-01,2291622000.0000000000
1984-04-01,1046382000.0000000000
1984-05-01,1879059000.0000000000
1984-06-01,810261500.0000000000
1984-07-01,995504700.0000000000
1984-08-01,2848351000.0000000000
1984-09-01,1522042000.0000000000
1984-10-01,1871163000.0000000000
1984-11-01,2540563000.0000000000
1984-12-01,2274595000.0000000000
1985-01-01,483124900.0000000000
1985-02-01,33086860.0000000037
1985-03-01,-363904100.0000000000
1985-04-01,-76209120.0000000000
1985-05-01,303533300.0000000000
1985-06-01,2064813000.0000000000
1985-07-01,993719400.0000000000
1985-08-01,3301238000.0000000000
1985-09-01,1464179000.0000000000
1985-10-01,2032918000.0000000000
1985-11-01,3292696000.0000000000
1985-12-01,2029143000.0000000000
1986-01-01,1884270000.0000000000
1986-02-01,3075013000.0000000000
1986-03-01,3154740000.0000000000
1986-04-01,1953610000.0000000000
1986-05-01,3171171000.0000000000
1986-06-01,3387954000.0000000000
1986-07-01,2974782000.0000000000
1986-08-01,3696343000.0000000000
1986-09-01,2266677000.0000000000
1986-10-01,2918241000.0000000000
1986-11-01,1922267000.0000000000
1986-12-01,2281590000.0000000000
1987-01-01,1678479000.0000000000
1987-02-01,3097805000.0000000000
1987-03-01,1225905000.0000000000
1987-04-01,2544888000.0000000000
1987-05-01,3005298000.0000000000
1987-06-01,136154000.0000000000
1987-07-01,2853841000.0000000000
1987-08-01,1087897000.0000000000
1987-09-01,1823985000.0000000000
1987-10-01,2187596000.0000000000
1987-11-01,829130400.0000000000
1987-12-01,3209153000.0000000000
1988-01-01,1115073000.0000000000
1988-02-01,295243200.0000000000
1988-03-01,2358319000.0000000000
1988-04-01,2664789000.0000000000
1988-05-01,1935711000.0000000000
1988-06-01,2480321000.0000000000
1988-07-01,2985651000.0000000000
1988-08-01,497935300.0000000000
1988-09-01,2859873000.0000000000
1988-10-01,2126409000.0000000000
1988-11-01,2858616000.0000000000
1988-12-01,1872526000.0000000000
1989-01-01,2472569000.0000000000
1989-02-01,2373248000.0000000000
1989-03-01,1592721000.0000000000
1989-04-01,1005329000.0000000000
1989-05-01,755630900.0000000000
1989-06-01,2076231000.0000000000
1989-07-01,-698170.9000000000
1989-08-01,1033859000.0000000000
1989-09-01,2908314000.0000000000
1989-10-01,579584200.0000000000
1989-11-01,449265600.0000000000
1989-12-01,547345700.0000000000
1990-01-01,1614837000.0000000000
1990-02-01,602174400.0000000000
1990-03-01,1445525000.0000000000
1990-04-01,923355300.0000000000
1990-05-01,1489475000.0000000000
1990-06-01,2230587000.0000000000
1990-07-01,-1080865000.0000000000
1990-08-01,2127734000.0000000000
1990-09-01,1511199000.0000000000
1990-10-01,738578300.0000000000
1990-11-01,2881001000.0000000000
1990-12-01,1113575000.0000000000
1991-01-01,1624399000.0000000000
1991-02-01,2366909000.0000000000
1991-03-01,2818277000.0000000000
1991-04-01,3254632000.0000000000
1991-05-01,1192114000.0000000000
1991-06-01,5177957000.0000000000
1991-07-01,742411300.0000000000
1991-08-01,2265425000.0000000000
1991-09-01,2557961000.0000000000
1991-10-01,2826753000.0000000000
1991-11-01,3410916000.0000000000
1991-12-01,2935756000.0000000000
1992-01-01,3552857000.0000000000
1992-02-01,3188620000.0000000000
1992-03-01,2427868000.0000000000
1992-04-01,2303050000.0000000000
1992-05-01,2661031000.0000000000
1992-06-01,1886780000.0000000000
1992-07-01,5409109000.0000000000
1992-08-01,3152178000.0000000000
1992-09-01,1179322000.0000000000
1992-10-01,3783919000.0000000000
1992-11-01,2543392000.0000000000
1992-12-01,3425023000.0000000000
1993-01-01,3931031000.0000000000
1993-02-01,3657217000.0000000000
1993-03-01,2773547000.0000000000
1993-04-01,4372956000.0000000000
1993-05-01,4176344000.0000009537
1993-06-01,2616843000.0000000000
1993-07-01,10325930000.0000000000
1993-08-01,3380221000.0000000000
1993-09-01,5672428000.0000000000
1993-10-01,4145765000.0000000000
1993-11-01,4864113000.0000000000
1993-12-01,5791069000.0000000000
1994-01-01,7266110000.0000000000
1994-02-01,5430470000.0000000000
1994-03-01,5859993000.0000000000
1994-04-01,5662323000.0000000000
1994-05-01,4978971000.0000000000
1994-06-01,4686517000.0000000000
1994-07-01,9046887000.0000000000
1994-08-01,3958473000.0000000000
1994-09-01,5262540000.0000000000
1994-10-01,6294863000.0000000000
1994-11-01,5805285000.0000000000
1994-12-01,9705429000.0000000000
1995-01-01,7924871000.0000000000
1995-02-01,8835880000.0000000000
1995-03-01,8926025000.0000000000
1995-04-01,6354901000.0000000000
1995-05-01,9520370000.0000000000
1995-06-01,10122200000.0000000000
1995-07-01,6131111000.0000000000
1995-08-01,9817150000.0000000000
1995-09-01,10477560000.0000000000
1995-10-01,9751730000.0000000000
1995-11-01,10284170000.0000000000
1995-12-01,8390319999.9999980927
1996-01-01,11312540000.0000000000
1996-02-01,8574271000.0000000000
1996-03-01,9770767000.0000000000
1996-04-01,10511600000.0000000000
1996-05-01,11028800000.0000000000
1996-06-01,11033070000.0000000000
1996-07-01,8079772999.9999980927
1996-08-01,12803270000.0000000000
1996-09-01,8234809999.9999980927
1996-10-01,9532413000.0000000000
1996-11-01,10631730000.0000000000
1996-12-01,8443125000.0000000000
1997-01-01,10150590000.0000000000
1997-02-01,10318640000.0000000000
1997-03-01,9064588000.0000000000
1997-04-01,11454100000.0000000000
1997-05-01,11087530000.0000000000
1997-06-01,10198480000.0000000000
1997-07-01,11853580000.0000000000
1997-08-01,11935120000.0000000000
1997-09-01,12094320000.0000000000
1997-10-01,12317040000.0000000000
1997-11-01,9893723000.0000000000
1997-12-01,11279740000.0000000000
1998-01-01,9414580000.0000000000
1998-02-01,12161650000.0000000000
1998-03-01,10136980000.0000000000
1998-04-01,10131960000.0000000000
1998-05-01,9574771000.0000000000
1998-06-01,10557420000.0000000000
1998-07-01,10611930000.0000000000
1998-08-01,10898100000.0000000000
1998-09-01,11831490000.0000000000
1998-10-01,11056670000.0000000000
1998-11-01,10539020000.0000000000
1998-12-01,12957310000.0000000000
1999-01-01,11372360000.0000000000
1999-02-01,10854270000.0000000000
1999-03-01,10423570000.0000000000
1999-04-01,11366740000.0000000000
1999-05-01,9368130000.0000000000
1999-06-01,11679830000.0000000000
1999-07-01,12533400000.0000000000
1999-08-01,11794330000.0000000000
1999-09-01,11557470000.0000000000
1999-10-01,9986464000.0000000000
1999-11-01,11140230000.0000000000
1999-12-01,11531340000.0000000000
2000-01-01,8647011000.0000000000
2000-02-01,10587150000.0000000000
2000-03-01,12147180000.0000000000
2000-04-01,11667620000.0000000000
2000-05-01,11676320000.0000000000
2000-06-01,9343910000.0000000000
2000-07-01,9805741000.0000000000
2000-08-01,10841640000.0000000000
2000-09-01,10037630000.0000000000
2000-10-01,13283930000.0000000000
2000-11-01,12572730000.0000000000
2000-12-01,10136930000.0000000000
2001-01-01,9295954000.0000000000
2001-02-01,10230460000.0000000000
2001-03-01,12837510000.0000000000
2001-04-01,9159019000.0000000000
2001-05-01,11215170000.0000000000
2001-06-01,13022370000.0000000000
2001-07-01,9168887000.0000000000
2001-08-01,14166250000.0000000000
2001-09-01,14212580000.0000000000
2001-10-01,14367900000.0000000000
2001-11-01,13603700000.0000000000
2001-12-01,11821680000.0000000000
2002-01-01,13782880000.0000000000
2002-02-01,14187440000.0000000000
2002-03-01,11780720000.0000000000
2002-04-01,12427450000.0000000000
2002-05-01,15309380000.0000000000
2002-06-01,11907590000.0000000000
2002-07-01,11505270000.0000000000
2002-08-01,12876780000.0000000000
2002-09-01,11254740000.0000000000
2002-10-01,11669970000.0000000000
2002-11-01,12140110000.0000000000
2002-12-01,10586290000.0000000000
2003-01-01,10138220000.0000000000
2003-02-01,9472707000.0000000000
2003-03-01,11195800000.0000000000
2003-04-01,12748190000.0000000000
2003-05-01,14221530000.0000000000
2003-06-01,10393250000.0000000000
2003-07-01,13872580000.0000000000
2003-08-01,12292250000.0000000000
2003-09-01,15111870000.0000000000
2003-10-01,13516050000.0000000000
2003-11-01,10947340000.0000000000
2003-12-01,12832810000.0000000000
2004-01-01,13260520000.0000000000
2004-02-01,15151400000.0000000000
2004-03-01,13017180000.0000000000
2004-04-01,14951080000.0000000000
2004-05-01,14551240000.0000000000
2004-06-01,16152020000.0000000000
2004-07-01,14922090000.0000000000
2004-08-01,11508190000.0000000000
2004-09-01,12804370000.0000000000
2004-10-01,12407440000.0000000000
2004-11-01,11610570000.0000000000
2004-12-01,14513770000.0000000000
2005-01-01,10798040000.0000000000
2005-02-01,12650550000.0000000000
2005-03-01,11906990000.0000000000
2005-04-01,12447320000.0000000000
2005-05-01,10498510000.0000000000
2005-06-01,14422580000.0000000000
2005-07-01,14184100000.0000000000
2005-08-01,15050920000.0000000000
2005-09-01,12925840000.0000000000
2005-10-01,10240680000.0000000000
2005-11-01,10539500000.0000000000
2005-12-01,9191084000.0000000000
2006-01-01,16103790000.0000000000
2006-02-01,10577130000.0000000000
2006-03-01,18573970000.0000000000
2006-04-01,11646290000.0000000000
2006-05-01,12248830000.0000000000
2006-06-01,12271580000.0000000000
2006-07-01,8919913000.0000000000
2006-08-01,13410810000.0000000000
2006-09-01,10118680000.0000000000
2006-10-01,9846057000.0000000000
2006-11-01,11710410000.0000000000
2006-12-01,13932360000.0000000000
2007-01-01,10580420000.0000000000
2007-02-01,8843703000.0000000000
2007-03-01,8920100000.0000000000
2007-04-01,9910442000.0000000000
2007-05-01,9843329000.0000000000
2007-06-01,7927425000.0000000000
2007-07-01,5102903000.0000000000
2007-08-01,8626515000.0000000000
2007-09-01,5407491000.0000000000
2007-10-01,10504000000.0000000000
2007-11-01,8049260000.0000000000
2007-12-01,11324700000.0000000000
2008-01-01,9336913000.0000000000
2008-02-01,13366270000.0000000000
2008-03-01,7097799000.0000000000
2008-04-01,9214108000.0000000000
2008-05-01,8400847000.0000019073
2008-06-01,2979476000.0000000000
2008-07-01,8612801000.0000000000
2008-08-01,5335007000.0000000000
2008-09-01,8538033000.0000000000
2008-10-01,9766616000.0000000000
2008-11-01,3694342000.0000000000
2008-12-01,9074571000.0000000000
2009-01-01,6748307000.0000000000
2009-02-01,8379193000.0000019073
2009-03-01,6676315000.0000000000
2009-04-01,8101691000.0000019073
2009-05-01,7912176000.0000000000
2009-06-01,12888720000.0000000000
2009-07-01,7665799000.0000000000
2009-08-01,8763962000.0000000000
2009-09-01,4561589000.0000000000
2009-10-01,5496359000.0000000000
2009-11-01,1809744000.0000000000
2009-12-01,5623269000.0000000000
2010-01-01,6271806000.0000000000
2010-02-01,404032000.0000000000
2010-03-01,5590466000.0000000000
2010-04-01,5721382000.0000000000
2010-05-01,1995577000.0000000000
2010-06-01,6217537000.0000000000
2010-07-01,9518823000.0000000000
2010-08-01,1121332000.0000000000
2010-09-01,6982786000.0000000000
2010-10-01,5805632000.0000000000
2010-11-01,9429196000.0000000000
2010-12-01,10106150000.0000000000
2011-01-01,2734952000.0000000000
2011-02-01,9453146000.0000000000
2011-03-01,6798350000.0000000000
2011-04-01,2300528000.0000000000
2011-05-01,4086086000.0000000000
2011-06-01,3483438000.0000000000
2011-07-01,6012259000.0000000000
2011-08-01,9567018000.0000000000
2011-09-01,8079400000.0000000000
2011-10-01,5649614000.0000000000
2011-11-01,3857778000.0000000000
2011-12-01,3289117000.0000000000
2012-01-01,9088470000.0000000000
2012-02-01,2487354000.0000000000
2012-03-01,1874105000.0000000000
2012-04-01,2556304000.0000000000
2012-05-01,9144926000.0000000000
2012-06-01,5100859000.0000000000
2012-07-01,424764000.0000000000
2012-08-01,8091549000.0000019073
2012-09-01,4015813000.0000000000
2012-10-01,7016568000.0000000000
2012-11-01,2955822000.0000000000
2012-12-01,776660500.0000000000
2013-01-01,3889711000.0000000000
2013-02-01,4570936000.0000000000
2013-03-01,4849817000.0000000000
2013-04-01,8036042999.9999980927
2013-05-01,3698655000.0000000000
2013-06-01,578772400.0000000000
2013-07-01,3087348000.0000000000
2013-08-01,5677491000.0000000000
2013-09-01,3351819000.0000000000
2013-10-01,3731343000.0000000000
2013-11-01,3481432000.0000000000
2013-12-01,381717400.0000000000
2014-01-01,3203593000.0000000000
2014-02-01,4171391000.0000000000
2014-03-01,-23365650.0000000000
2014-04-01,2363244000.0000000000
2014-05-01,-976252000.0000000000
2014-06-01,1486107000.0000000000
2014-07-01,1323328000.0000000000
2014-08-01,783802000.0000000000
2014-09-01,408319500.0000000000
2014-10-01,2013511000.0000000000
2014-11-01,39825950.0000000000
2014-12-01,2047376000.0000000000
2015-01-01,928805900.0000000000
2015-02-01,1500257000.0000000000
2015-03-01,1850367000.0000000000
2015-04-01,3046485000.0000000000
2015-05-01,2012120000.0000000000
2015-06-01,3036289000.0000000000
2015-07-01,-251193700.0000000298
2015-08-01,1436232000.0000000000
2015-09-01,885805500.0000000000
2015-10-01,-1375157000.0000000000
2015-11-01,-4334089000.0000000000
2015-12-01,5528140000.0000000000
2016-01-01,-972594600.0000000000
2016-02-01,-1868583000.0000000000
2016-03-01,257293200.0000000000
2016-04-01,2173957000.0000000000
2016-05-01,-3516815000.0000000000
2016-06-01,-2991565000.0000000000
2016-07-01,-1018795000.0000000000
2016-08-01,-4893489000.0000000000
2016-09-01,1333808000.0000000000
2016-10-01,-2011588000.0000000000
2016-11-01,-1187281000.0000000000
2016-12-01,42947470.0000000000
2017-01-01,-935665300.0000000000
2017-02-01,-3060309000.0000000000
2017-03-01,-1566172000.0000000000
2017-04-01,-4674565000.0000000000
2017-05-01,1792671000.0000000000
2017-06-01,2408853000.0000000000
2017-07-01,-3746238000.0000000000
2017-08-01,-483126800.0000000000
2017-09-01,705165900.0000000000
2017-10-01,629918500.0000000000
2017-11-01,367620600.0000000000
2017-12-01,-2681718000.0000000000
2018-01-01,-5423585000.0000000000
2018-02-01,-4931174000.0000000000
2018-03-01,-1037888000.0000000000
2018-04-01,-6564881000.0000000000
2018-05-01,-5763675000.0000000000
2018-06-01,-3291349000.0000000000
2018-07-01,-2943889000.0000000000
2018-08-01,-793851300.0000000000
2018-09-01,-219452700.0000000000
2018-10-01,-5144369000.0000000000
2018-11-01,2653798000.0000000000
2018-12-01,-5574539000.0000000000
2019-01-01,-1345972000.0000000000
2019-02-01,1771630000.0000000000
2019-03-01,2034958000.0000000000
2019-04-01,-39975990.0000000000
2019-05-01,5933497000.0000000000
2019-06-01,-2055007000.0000000000
2019-07-01,5839540000.0000000000
2019-08-01,2293735000.0000000000
2019-09-01,-139997200.0000000000
2019-10-01,-475666500.0000000000
2019-11-01,2425567000.0000000000
2019-12-01,-243200500.0000000000
2020-01-01,8587084000.0000019073
2020-02-01,9138142000.0000000000
2020-03-01,3069616000.0000000000
2020-04-01,5464169000.0000000000
2020-05-01,648663800.0000000000
2020-06-01,1781290000.0000000000
2020-07-01,2389548000.0000000000
2020-08-01,5510214000.0000000000
2020-09-01,2197287000.0000000000
2020-10-01,6089263000.0000000000
2020-11-01,1372567000.0000000000
2020-12-01,4217712000.0000000000
2021-01-01,842147400.0000000000
2021-02-01,1238853000.0000000000
2021-03-01,80752320.0000000000
2021-04-01,1883833000.0000000000
2021-05-01,3055439000.0000000000
2021-06-01,5459383000.0000000000
2021-07-01,5627332000.0000000000
2021-08-01,-2101543000.0000000000
2021-09-01,4817627000.0000000000
2021-10-01,1736975000.0000000000
2021-11-01,51640860.0000000000
2021-12-01,-1235389000.0000000000
2022-01-01,-7066209000.0000000000
2022-02-01,-4620858000.0000000000
2022-03-01,-429681100.0000000000
2022-04-01,-5978793000.0000000000
2022-05-01,-5890582000.0000000000
2022-06-01,-3077452000.0000000000
2022-07-01,-7709826000.0000000000
2022-08-01,-5926541000.0000000000
2022-09-01,-957490800.0000000000
2022-10-01,-8294451000.0000000000
2022-11-01,-5245216000.0000000000
2022-12-01,73153930.0000000000
2023-01-01,3742212000.0000000000
2023-02-01,2458329000.0000000000
2023-03-01,5974368000.0000000000
2023-04-01,-3326056000.0000000000
2023-05-01,1706446000.0000000000
2023-06-01,-422973000.0000000000
2023-07-01,4059122000.0000009537
2023-08-01,5221736000.0000000000
2023-09-01,2149116000.0000000000
2023-10-01,10080780000.0000000000
2023-11-01,9817085000.0000000000
2023-12-01,3825434000.0000000000
2024-01-01,7610454000.0000000000
2024-02-01,4530713000.0000000000
2024-03-01,-41513850.0000000000
2024-04-01,8004538999.9999980927
2024-05-01,10442040000.0000000000
2024-06-01,2599167000.0000000000
2024-07-01,7068146000.0000000000
2024-08-01,1688008000.0000000000
2024-09-01,80930810.0000000000
2024-10-01,4406718000.0000000000
2024-11-01,3753479000.0000000000
2024-12-01,5109406000.0000000000
2025-01-01,2827575000.0000000000
2025-02-01,6568200000.0000000000
2025-03-01,5791106000.0000000000
2025-04-01,5589926000.0000000000
2025-05-01,698262600.0000000000
2025-06-01,7498250000.0000000000
2025-07-01,3247581000.0000000000
2025-08-01,2817788000.0000000000
2025-09-01,5489017000.0000000000
2025-10-01,5116307000.0000000000
2025-11-01,2825514000.0000000000
2025-12-01,7613184000.0000000000
2026-01-01,421802500.0000000000
2026-02-01,-6485485000.0000000000
2026-03-01,2480454000.0000000000
2026-04-01,-8073131000.0000000000
2026-05-01,2402867000.0000000000
2026-06-01,-1437496000.0000000000
