observation_date,XTNTVA01INM664S
1990-01-01,-6488367000.00000000
1990-02-01,-9258865000.00000000
1990-03-01,-5466822000.00000000
1990-04-01,-8270517000.00000000
1990-05-01,-3618759000.00000000
1990-06-01,-4869462000.00000000
1990-07-01,-4149980000.00000000
1990-08-01,-6614383000.00000000
1990-09-01,-12119340000.00000000
1990-10-01,-10539340000.00000000
1990-11-01,-16292449999.99999809
1990-12-01,-11586870000.00000000
1991-01-01,-12015800000.00000000
1991-02-01,-10354480000.00000000
1991-03-01,-7062091000.00000000
1991-04-01,-1341340000.00000000
1991-05-01,-3134243000.00000000
1991-06-01,-8825097000.00000000
1991-07-01,1107669000.00000000
1991-08-01,-3303560000.00000000
1991-09-01,-672993200.00000000
1991-10-01,-5255558000.00000000
1991-11-01,-876816600.00000000
1991-12-01,-5803121000.00000000
1992-01-01,-145684400.00000000
1992-02-01,-6579383000.00000000
1992-03-01,-4539931000.00000000
1992-04-01,-12400990000.00000000
1992-05-01,-12316140000.00000000
1992-06-01,-16682150000.00000000
1992-07-01,-14088770000.00000000
1992-08-01,-4994507000.00000000
1992-09-01,-9518221000.00000000
1992-10-01,-1878365000.00000000
1992-11-01,-7056058000.00000000
1992-12-01,-11070650000.00000000
1993-01-01,-3252822000.00000000
1993-02-01,-5805705000.00000000
1993-03-01,-203194500.00000000
1993-04-01,845528700.00000000
1993-05-01,1166513000.00000000
1993-06-01,-6581185000.00000000
1993-07-01,-2241948000.00000000
1993-08-01,-4087075000.00000000
1993-09-01,-6245298000.00000000
1993-10-01,-253295400.00000000
1993-11-01,-1477277000.00000000
1993-12-01,-8596460000.00000000
1994-01-01,3947980000.00000000
1994-02-01,1392444000.00000000
1994-03-01,-11677520000.00000000
1994-04-01,-800928400.00000000
1994-05-01,-163625500.00000000
1994-06-01,-3815939000.00000000
1994-07-01,-7575452000.00000000
1994-08-01,-5227731000.00000000
1994-09-01,-8290535000.00000000
1994-10-01,-9393835000.00000000
1994-11-01,-5729759000.00000000
1994-12-01,-8607928000.00000000
1995-01-01,-3414717000.00000000
1995-02-01,-12608700000.00000000
1995-03-01,-10546270000.00000000
1995-04-01,-487523000.00000000
1995-05-01,-14563490000.00000000
1995-06-01,-11923030000.00000000
1995-07-01,-15733840000.00000000
1995-08-01,-15000490000.00000000
1995-09-01,-19395010000.00000000
1995-10-01,-7722051000.00000000
1995-11-01,-14569630000.00000000
1995-12-01,-5405378000.00000000
1996-01-01,-29183410000.00000000
1996-02-01,-15546130000.00000000
1996-03-01,-15117420000.00000000
1996-04-01,-5498207000.00000000
1996-05-01,-14816480000.00000000
1996-06-01,-5991436000.00000000
1996-07-01,-5188296000.00000000
1996-08-01,-12700830000.00000000
1996-09-01,-9598050000.00000000
1996-10-01,-16480419999.99999809
1996-11-01,-26585720000.00000000
1996-12-01,-14095090000.00000000
1997-01-01,-36312590000.00000000
1997-02-01,-38464110000.00000000
1997-03-01,-18443040000.00000000
1997-04-01,-20242750000.00000000
1997-05-01,-10250820000.00000000
1997-06-01,-16474400000.00000000
1997-07-01,-15925600000.00000000
1997-08-01,-10306720000.00000000
1997-09-01,-4225616000.00000000
1997-10-01,-16693130000.00000000
1997-11-01,-20712470000.00000000
1997-12-01,-27658690000.00000000
1998-01-01,-28218520000.00000000
1998-02-01,-39620360000.00000000
1998-03-01,-32639090000.00000381
1998-04-01,-35264580000.00000000
1998-05-01,-44332740000.00000000
1998-06-01,-25983560000.00000000
1998-07-01,-42983070000.00000000
1998-08-01,-20355710000.00000000
1998-09-01,-40843580000.00000000
1998-10-01,-31872600000.00000000
1998-11-01,-22768860000.00000000
1998-12-01,-27802230000.00000000
1999-01-01,-34383780000.00000000
1999-02-01,-28042870000.00000000
1999-03-01,-31597200000.00000000
1999-04-01,-25559240000.00000000
1999-05-01,-36161250000.00000000
1999-06-01,-36687940000.00000000
1999-07-01,-41163750000.00000000
1999-08-01,-45312000000.00000000
1999-09-01,-60638660000.00000000
1999-10-01,-40756070000.00000000
1999-11-01,-42206070000.00000000
1999-12-01,-61637990000.00000000
2000-01-01,-54494720000.00000000
2000-02-01,-49328340000.00000000
2000-03-01,-59615980000.00000000
2000-04-01,-50589080000.00000000
2000-05-01,-24960110000.00000000
2000-06-01,-22545560000.00000000
2000-07-01,-38560770000.00000000
2000-08-01,-14828660000.00000000
2000-09-01,-17551180000.00000000
2000-10-01,-20298920000.00000000
2000-11-01,-39430880000.00000000
2000-12-01,-12097700000.00000000
2001-01-01,-19406360000.00000000
2001-02-01,-127012900.00000000
2001-03-01,-36372880000.00000000
2001-04-01,-46873570000.00000000
2001-05-01,-37815310000.00000000
2001-06-01,-16962280000.00000000
2001-07-01,-63876010000.00000000
2001-08-01,-33547960000.00000381
2001-09-01,-9877018000.00000000
2001-10-01,-12042880000.00000000
2001-11-01,-16111260000.00000191
2001-12-01,-37326550000.00000000
2002-01-01,-3865937000.00000000
2002-02-01,-24023700000.00000000
2002-03-01,-37255220000.00000000
2002-04-01,-6791805000.00000000
2002-05-01,-41084230000.00000000
2002-06-01,-12863830000.00000000
2002-07-01,-5462625000.00000000
2002-08-01,-16164490000.00000000
2002-09-01,-28794650000.00000000
2002-10-01,-32141290000.00000000
2002-11-01,-37073100000.00000000
2002-12-01,-43571980000.00000000
2003-01-01,-39412120000.00000000
2003-02-01,-32568450000.00000000
2003-03-01,-63150410000.00000000
2003-04-01,-67764610000.00000763
2003-05-01,-56900020000.00000000
2003-06-01,-61461030000.00000000
2003-07-01,-43273250000.00000000
2003-08-01,-59394500000.00000000
2003-09-01,-36010140000.00000000
2003-10-01,-53336230000.00000000
2003-11-01,-59210770000.00000000
2003-12-01,-53971850000.00000000
2004-01-01,-83593620000.00000000
2004-02-01,-45306830000.00000000
2004-03-01,-45132850000.00000000
2004-04-01,-57346330000.00000000
2004-05-01,-82367520000.00000000
2004-06-01,-118148700000.00000000
2004-07-01,-83688460000.00000000
2004-08-01,-97827600000.00000000
2004-09-01,-111467100000.00000000
2004-10-01,-104206300000.00000000
2004-11-01,-79586490000.00000000
2004-12-01,-127548800000.00000000
2005-01-01,-137730500000.00000000
2005-02-01,-135653200000.00000000
2005-03-01,-139582800000.00000000
2005-04-01,-162783500000.00000000
2005-05-01,-205410000000.00000000
2005-06-01,-168553200000.00000000
2005-07-01,-165080800000.00000000
2005-08-01,-175101000000.00000000
2005-09-01,-189132700000.00000000
2005-10-01,-133511900000.00000000
2005-11-01,-159674700000.00000000
2005-12-01,-138745900000.00000000
2006-01-01,-177947000000.00000000
2006-02-01,-148933600000.00000000
2006-03-01,-171230200000.00000000
2006-04-01,-201850100000.00000000
2006-05-01,-194335200000.00000000
2006-06-01,-182015000000.00000000
2006-07-01,-188903800000.00000000
2006-08-01,-200842900000.00000000
2006-09-01,-302849200000.00000000
2006-10-01,-320495900000.00000000
2006-11-01,-253577300000.00000000
2006-12-01,-216539900000.00000000
2007-01-01,-162994700000.00000000
2007-02-01,-222511800000.00000000
2007-03-01,-245046100000.00000000
2007-04-01,-303128300000.00000000
2007-05-01,-313902700000.00000000
2007-06-01,-331319900000.00000000
2007-07-01,-325578800000.00000000
2007-08-01,-300839100000.00000000
2007-09-01,-235542500000.00000000
2007-10-01,-247161300000.00000000
2007-11-01,-324489900000.00000000
2007-12-01,-217968900000.00000000
2008-01-01,-323600300000.00000000
2008-02-01,-263220100000.00000000
2008-03-01,-331942400000.00000000
2008-04-01,-473555300000.00000000
2008-05-01,-406479000000.00000000
2008-06-01,-432043900000.00000000
2008-07-01,-491253100000.00000000
2008-08-01,-680096300000.00000000
2008-09-01,-682489700000.00000000
2008-10-01,-516967500000.00000000
2008-11-01,-587728400000.00000000
2008-12-01,-283826500000.00000000
2009-01-01,-278950000000.00000000
2009-02-01,-209030300000.00000000
2009-03-01,-254938700000.00000000
2009-04-01,-342437700000.00000000
2009-05-01,-347266900000.00000000
2009-06-01,-455944300000.00000000
2009-07-01,-319814300000.00000000
2009-08-01,-426278400000.00000000
2009-09-01,-326599300000.00000000
2009-10-01,-476446300000.00000000
2009-11-01,-429679600000.00000000
2009-12-01,-528432300000.00006104
2010-01-01,-479514300000.00000000
2010-02-01,-577991000000.00000000
2010-03-01,-503087000000.00000000
2010-04-01,-602723800000.00000000
2010-05-01,-534703100000.00000000
2010-06-01,-378681800000.00000000
2010-07-01,-558587500000.00000000
2010-08-01,-418722800000.00000000
2010-09-01,-473995800000.00000000
2010-10-01,-552223000000.00000000
2010-11-01,-213815100000.00000000
2010-12-01,-353823600000.00000000
2011-01-01,-523601700000.00006104
2011-02-01,-556384000000.00000000
2011-03-01,-306114100000.00000000
2011-04-01,-596179600000.00000000
2011-05-01,-770612300000.00000000
2011-06-01,-653266400000.00000000
2011-07-01,-616011500000.00000000
2011-08-01,-649278400000.00000000
2011-09-01,-615432300000.00000000
2011-10-01,-803077900000.00000000
2011-11-01,-723355500000.00000000
2011-12-01,-763650500000.00000000
2012-01-01,-940295800000.00000000
2012-02-01,-817417200000.00000000
2012-03-01,-819769700000.00000000
2012-04-01,-764103300000.00000000
2012-05-01,-848750100000.00000000
2012-06-01,-658974500000.00000000
2012-07-01,-912708700000.00000000
2012-08-01,-741288700000.00000000
2012-09-01,-961854600000.00000000
2012-10-01,-956622600000.00000000
2012-11-01,-853541900000.00000000
2012-12-01,-971768100000.00000000
2013-01-01,-1047316000000.00000000
2013-02-01,-929826200000.00000000
2013-03-01,-746020400000.00000000
2013-04-01,-930984400000.00000000
2013-05-01,-949139400000.00000000
2013-06-01,-708033300000.00000000
2013-07-01,-662902000000.00000000
2013-08-01,-637330500000.00000000
2013-09-01,-399001400000.00000000
2013-10-01,-532270100000.00000000
2013-11-01,-511710800000.00000000
2013-12-01,-624355800000.00000000
2014-01-01,-602302500000.00000000
2014-02-01,-675286000000.00000000
2014-03-01,-865351100000.00000000
2014-04-01,-603131900000.00000000
2014-05-01,-586249300000.00000000
2014-06-01,-775469800000.00000000
2014-07-01,-769243600000.00000000
2014-08-01,-626112400000.00000000
2014-09-01,-863240500000.00000000
2014-10-01,-706750500000.00000000
2014-11-01,-932895800000.00000000
2014-12-01,-554640400000.00000000
2015-01-01,-515386800000.00000000
2015-02-01,-551364100000.00000000
2015-03-01,-848774000000.00000000
2015-04-01,-719687300000.00000000
2015-05-01,-615243600000.00000000
2015-06-01,-729009000000.00000000
2015-07-01,-750532800000.00000000
2015-08-01,-791021900000.00000000
2015-09-01,-659581000000.00000000
2015-10-01,-537079200000.00000000
2015-11-01,-609510600000.00000000
2015-12-01,-738865000000.00000000
2016-01-01,-556080200000.00000000
2016-02-01,-534840400000.00006104
2016-03-01,-432378100000.00000000
2016-04-01,-337099900000.00000000
2016-05-01,-344732900000.00000000
2016-06-01,-568577000000.00000000
2016-07-01,-467051200000.00000000
2016-08-01,-462089100000.00000000
2016-09-01,-592272200000.00000000
2016-10-01,-650941100000.00000000
2016-11-01,-808543500000.00000000
2016-12-01,-709448200000.00000000
2017-01-01,-701198800000.00000000
2017-02-01,-840335000000.00000000
2017-03-01,-885474100000.00000000
2017-04-01,-982506200000.00000000
2017-05-01,-840768400000.00000000
2017-06-01,-921829500000.00000000
2017-07-01,-726452000000.00000000
2017-08-01,-750870800000.00000000
2017-09-01,-607455700000.00000000
2017-10-01,-835521900000.00000000
2017-11-01,-858618800000.00000000
2017-12-01,-926311300000.00000000
2018-01-01,-981427100000.00000000
2018-02-01,-955781100000.00000000
2018-03-01,-1064515000000.00000000
2018-04-01,-964330400000.00000000
2018-05-01,-917082600000.00000000
2018-06-01,-1249941000000.00000000
2018-07-01,-1203625000000.00000000
2018-08-01,-1160418000000.00000000
2018-09-01,-1102636000000.00000000
2018-10-01,-1137730000000.00000000
2018-11-01,-1128981000000.00000000
2018-12-01,-1039606000000.00000000
2019-01-01,-1071845000000.00000000
2019-02-01,-899407600000.00000000
2019-03-01,-1010631000000.00000000
2019-04-01,-1162202000000.00000000
2019-05-01,-1073427000000.00000000
2019-06-01,-1192208000000.00000000
2019-07-01,-880127600000.00000000
2019-08-01,-926225800000.00000000
2019-09-01,-824690300000.00000000
2019-10-01,-673823100000.00000000
2019-11-01,-803688300000.00000000
2019-12-01,-880006900000.00000000
2020-01-01,-1097160000000.00000000
2020-02-01,-880402200000.00000000
2020-03-01,-896689900000.00000000
2020-04-01,-540900900000.00000000
2020-05-01,-247040100000.00000000
2020-06-01,41447990000.00000000
2020-07-01,-322405000000.00000000
2020-08-01,-571167800000.00000000
2020-09-01,-192623900000.00000000
2020-10-01,-531230200000.00000000
2020-11-01,-649337200000.00000000
2020-12-01,-1114484000000.00000000
2021-01-01,-1121261000000.00000000
2021-02-01,-1194734000000.00000000
2021-03-01,-1212801000000.00000000
2021-04-01,-1181598000000.00000000
2021-05-01,-439083400000.00000000
2021-06-01,-739961600000.00000000
2021-07-01,-696026900000.00000000
2021-08-01,-781477100000.00000000
2021-09-01,-1582608000000.00000000
2021-10-01,-1148150000000.00000000
2021-11-01,-1406571000000.00000000
2021-12-01,-1530707000000.00000000
2022-01-01,-1370141000000.00000000
2022-02-01,-1750379000000.00000000
2022-03-01,-1696882000000.00000000
2022-04-01,-1500146000000.00000000
2022-05-01,-1615642000000.00000000
2022-06-01,-1784404000000.00000000
2022-07-01,-1947735000000.00000000
2022-08-01,-1823408000000.00000000
2022-09-01,-2146055000000.00000000
2022-10-01,-1958047000000.00000000
2022-11-01,-1594759000000.00000000
2022-12-01,-1889447000000.00000000
2023-01-01,-1447506000000.00000000
2023-02-01,-1738487000000.00000000
2023-03-01,-1846755000000.00000000
2023-04-01,-1315958000000.00000000
2023-05-01,-1717220000000.00000000
2023-06-01,-1606145000000.00000000
2023-07-01,-1454673000000.00000000
2023-08-01,-1796656000000.00000000
2023-09-01,-1592079000000.00000000
2023-10-01,-2180518000000.00000000
2023-11-01,-1544343000000.00000000
2023-12-01,-1572584000000.00000000
2024-01-01,-1381998000000.00000000
2024-02-01,-1784486000000.00000000
2024-03-01,-1621342000000.00000000
2024-04-01,-1303991000000.00000000
2024-05-01,-1768783000000.00000000
2024-06-01,-1862370000000.00000000
2024-07-01,-2071443000000.00000000
2024-08-01,-2869515000000.00000000
2024-09-01,-2004153000000.00000000
2024-10-01,-1830456000000.00000000
2024-11-01,-2551857000000.00000000
2024-12-01,-1741695000000.00000000
2025-01-01,-2046787000000.00000000
2025-02-01,-1638164000000.00000000
2025-03-01,-2273253000000.00000000
2025-04-01,-2414014000000.00000000
2025-05-01,-1828209000000.00000000
2025-06-01,-1742395000000.00000000
2025-07-01,-2208828000000.00000000
2025-08-01,-2305569000000.00000000
2025-09-01,-2773636000000.00000000
2025-10-01,-3340688000000.00000000
2025-11-01,-2087843000000.00000000
2025-12-01,-2286182000000.00000000
2026-01-01,-3263482000000.00000000
2026-02-01,-2958059000000.00000000
2026-03-01,-2259890000000.00000000
2026-04-01,-2755149000000.00000000
2026-05-01,-2635028000000.00000000
2026-06-01,-2977997000000.00000000
