observation_date,XTNTVA01GBM664S
1957-01-01,-77561110.000000000
1957-02-01,-53644820.000000000
1957-03-01,-55395250.000000000
1957-04-01,-66689100.000000000
1957-05-01,-70741650.000000000
1957-06-01,-49146250.000000000
1957-07-01,-52972070.000000000
1957-08-01,-53306900.000000000
1957-09-01,-43708030.000000000
1957-10-01,-57117600.000000000
1957-11-01,-38663830.000000000
1957-12-01,-22985010.000000000
1958-01-01,-19445620.000000000
1958-02-01,-33255230.000000000
1958-03-01,-33502870.000000000
1958-04-01,-31904280.000000000
1958-05-01,-18981570.000000000
1958-06-01,-63132350.000000007
1958-07-01,-24867000.000000000
1958-08-01,-34445960.000000000
1958-09-01,-46276450.000000000
1958-10-01,-34931820.000000000
1958-11-01,-32622460.000000000
1958-12-01,-68630250.000000000
1959-01-01,-34138270.000000000
1959-02-01,-32190560.000000000
1959-03-01,-33848040.000000000
1959-04-01,-39241370.000000000
1959-05-01,-18158040.000000000
1959-06-01,-53827660.000000000
1959-07-01,-48100780.000000000
1959-08-01,-34514150.000000000
1959-09-01,-49990860.000000000
1959-10-01,-40239620.000000000
1959-11-01,-61821410.000000000
1959-12-01,-63275680.000000000
1960-01-01,-39776490.000000000
1960-02-01,-70661610.000000000
1960-03-01,-61169370.000000000
1960-04-01,-67628910.000000000
1960-05-01,-66474240.000000007
1960-06-01,-83947560.000000000
1960-07-01,-83184370.000000000
1960-08-01,-78839050.000000000
1960-09-01,-73498730.000000000
1960-10-01,-92633440.000000000
1960-11-01,-85413000.000000000
1960-12-01,-67098050.000000007
1961-01-01,-55080600.000000000
1961-02-01,-66333900.000000000
1961-03-01,-68968290.000000000
1961-04-01,-47472890.000000000
1961-05-01,-75484690.000000000
1961-06-01,-44945160.000000000
1961-07-01,-25321570.000000000
1961-08-01,-31820840.000000004
1961-09-01,-55538990.000000000
1961-10-01,-44270770.000000000
1961-11-01,-49293200.000000000
1961-12-01,-36223740.000000000
1962-01-01,-57429180.000000000
1962-02-01,-42674250.000000000
1962-03-01,-51230300.000000000
1962-04-01,-21862380.000000000
1962-05-01,-56140680.000000000
1962-06-01,-42950610.000000000
1962-07-01,-48562910.000000000
1962-08-01,-66624690.000000000
1962-09-01,-40564840.000000000
1962-10-01,-49220370.000000000
1962-11-01,-53223310.000000000
1962-12-01,-35785890.000000000
1963-01-01,-35719380.000000000
1963-02-01,-42827390.000000000
1963-03-01,-28329890.000000000
1963-04-01,-42042260.000000000
1963-05-01,-56374950.000000000
1963-06-01,-45094880.000000000
1963-07-01,-59420280.000000000
1963-08-01,-49885470.000000000
1963-09-01,-58610240.000000000
1963-10-01,-63917760.000000007
1963-11-01,-68405940.000000000
1963-12-01,-73247600.000000000
1964-01-01,-112071300.000000000
1964-02-01,-83683660.000000000
1964-03-01,-57800670.000000000
1964-04-01,-103294900.000000000
1964-05-01,-65009330.000000007
1964-06-01,-101063900.000000000
1964-07-01,-78348880.000000000
1964-08-01,-99323530.000000000
1964-09-01,-106358200.000000000
1964-10-01,-111451800.000000000
1964-11-01,-91752740.000000000
1964-12-01,-83830140.000000000
1965-01-01,-72519870.000000000
1965-02-01,-43586630.000000000
1965-03-01,-84421170.000000000
1965-04-01,-58501660.000000000
1965-05-01,-100108500.000000000
1965-06-01,-58251120.000000000
1965-07-01,-57358270.000000000
1965-08-01,-70836680.000000000
1965-09-01,-86894370.000000000
1965-10-01,-76428470.000000000
1965-11-01,-61422560.000000000
1965-12-01,-75679530.000000000
1966-01-01,-87581010.000000000
1966-02-01,-69144230.000000000
1966-03-01,-47965510.000000000
1966-04-01,-81064790.000000000
1966-05-01,-60082170.000000000
1966-06-01,-82589670.000000000
1966-07-01,-98810400.000000000
1966-08-01,-59828680.000000000
1966-09-01,-52902640.000000000
1966-10-01,-16450469.999999998
1966-11-01,25654310.000000000
1966-12-01,-52958300.000000000
1967-01-01,-80443700.000000000
1967-02-01,-65820090.000000000
1967-03-01,-72487420.000000000
1967-04-01,-72783430.000000000
1967-05-01,-56490440.000000000
1967-06-01,-85526620.000000000
1967-07-01,-42234170.000000000
1967-08-01,-115448000.000000000
1967-09-01,-109061400.000000000
1967-10-01,-158569800.000000000
1967-11-01,-223159700.000000000
1967-12-01,-116716300.000000000
1968-01-01,-137012200.000000000
1968-02-01,-124677300.000000000
1968-03-01,-118903900.000000000
1968-04-01,-133263500.000000000
1968-05-01,-177148600.000000000
1968-06-01,-72891600.000000000
1968-07-01,-132631600.000000000
1968-08-01,-131851400.000000000
1968-09-01,-92486550.000000000
1968-10-01,-158048900.000000000
1968-11-01,-84592540.000000000
1968-12-01,-83996500.000000000
1969-01-01,-104129900.000000000
1969-02-01,-124492900.000000000
1969-03-01,-101951000.000000000
1969-04-01,-110771400.000000000
1969-05-01,-74987810.000000000
1969-06-01,-56815370.000000000
1969-07-01,-80358650.000000000
1969-08-01,-57267170.000000000
1969-09-01,-42174390.000000000
1969-10-01,-92508620.000000000
1969-11-01,-36672580.000000000
1969-12-01,-91279490.000000000
1970-01-01,-79793390.000000000
1970-02-01,-104604700.000000000
1970-03-01,-51108410.000000000
1970-04-01,-124735900.000000000
1970-05-01,-106740300.000000000
1970-06-01,-138760700.000000000
1970-07-01,48225010.000000000
1970-08-01,-333251000.000000000
1970-09-01,-151382500.000000000
1970-10-01,-124019300.000000000
1970-11-01,-102354400.000000000
1970-12-01,-108590300.000000000
1971-01-01,-94105520.000000000
1971-02-01,-209605400.000000000
1971-03-01,-136698400.000000000
1971-04-01,-82615830.000000000
1971-05-01,-27742920.000000000
1971-06-01,-106052400.000000000
1971-07-01,-46702400.000000000
1971-08-01,-31037170.000000000
1971-09-01,-68947430.000000000
1971-10-01,-88093720.000000000
1971-11-01,-83475880.000000000
1971-12-01,-75634660.000000000
1972-01-01,-46311740.000000000
1972-02-01,-131986600.000000000
1972-03-01,-184591200.000000000
1972-04-01,-116295100.000000000
1972-05-01,-84279340.000000000
1972-06-01,-84680800.000000000
1972-07-01,-3684635.000000000
1972-08-01,-290949900.000000000
1972-09-01,-278255000.000000000
1972-10-01,-162759500.000000000
1972-11-01,-196627500.000000000
1972-12-01,-156211000.000000000
1973-01-01,-265946400.000000030
1973-02-01,-207084000.000000000
1973-03-01,-322572600.000000000
1973-04-01,-177795200.000000000
1973-05-01,-342049700.000000000
1973-06-01,-259715500.000000000
1973-07-01,-275891900.000000000
1973-08-01,-405387300.000000000
1973-09-01,-406115900.000000000
1973-10-01,-450036400.000000000
1973-11-01,-485428200.000000000
1973-12-01,-458275500.000000000
1974-01-01,-483631300.000000000
1974-02-01,-647824000.000000000
1974-03-01,-643413100.000000000
1974-04-01,-678086300.000000000
1974-05-01,-670344800.000000000
1974-06-01,-658633500.000000000
1974-07-01,-654832100.000000000
1974-08-01,-562996100.000000000
1974-09-01,-557578500.000000000
1974-10-01,-599800100.000000000
1974-11-01,-639183200.000000000
1974-12-01,-587247800.000000000
1975-01-01,-548427500.000000000
1975-02-01,-528080500.000000000
1975-03-01,-267783600.000000000
1975-04-01,-432656600.000000000
1975-05-01,-214179000.000000000
1975-06-01,-371969400.000000000
1975-07-01,-491378500.000000000
1975-08-01,-541908100.000000000
1975-09-01,-390037900.000000000
1975-10-01,-459711700.000000000
1975-11-01,-390987700.000000000
1975-12-01,-410162900.000000000
1976-01-01,-323333300.000000000
1976-02-01,-440576900.000000000
1976-03-01,-370334700.000000000
1976-04-01,-590393100.000000000
1976-05-01,-513017000.000000000
1976-06-01,-623242400.000000000
1976-07-01,-652996700.000000000
1976-08-01,-488097400.000000000
1976-09-01,-647471100.000000000
1976-10-01,-618636400.000000000
1976-11-01,-736607100.000000000
1976-12-01,-630152600.000000000
1977-01-01,-642489400.000000000
1977-02-01,-534556700.000000000
1977-03-01,-484419600.000000000
1977-04-01,-455491400.000000000
1977-05-01,-564052800.000000000
1977-06-01,-603622400.000000000
1977-07-01,-365064300.000000000
1977-08-01,-178340700.000000000
1977-09-01,-291535100.000000000
1977-10-01,-309592400.000000000
1977-11-01,-187119100.000000000
1977-12-01,-524570100.000000060
1978-01-01,-436844000.000000000
1978-02-01,-190751800.000000000
1978-03-01,-402252300.000000000
1978-04-01,-174682500.000000000
1978-05-01,-573329100.000000000
1978-06-01,-562748400.000000000
1978-07-01,-432648400.000000000
1978-08-01,-307147600.000000000
1978-09-01,-492214700.000000000
1978-10-01,-297597000.000000000
1978-11-01,-542767900.000000000
1978-12-01,-316702800.000000000
1979-01-01,-243950000.000000000
1979-02-01,-1146773000.000000000
1979-03-01,-785619200.000000000
1979-04-01,-534421700.000000000
1979-05-01,-552761600.000000000
1979-06-01,-431256900.000000000
1979-07-01,-417027500.000000000
1979-08-01,-479857400.000000000
1979-09-01,-442321500.000000000
1979-10-01,-811996600.000000000
1979-11-01,-601850400.000000000
1979-12-01,-390757600.000000000
1980-01-01,-483413400.000000000
1980-02-01,-565751000.000000000
1980-03-01,-343590900.000000000
1980-04-01,-656969700.000000000
1980-05-01,-230608800.000000000
1980-06-01,-272887200.000000000
1980-07-01,-63608509.999999993
1980-08-01,-49926300.000000000
1980-09-01,53349700.000000000
1980-10-01,119560100.000000000
1980-11-01,149171100.000000000
1980-12-01,-57815920.000000000
1981-01-01,377172100.000000000
1981-02-01,122977700.000000000
1981-03-01,375955300.000000000
1981-04-01,425591000.000000000
1981-05-01,148268900.000000000
1981-06-01,-191302500.000000000
1981-07-01,-215687500.000000000
1981-08-01,-589565300.000000000
1981-09-01,-344165100.000000000
1981-10-01,-35355380.000000000
1981-11-01,-551775500.000000000
1981-12-01,-297859000.000000000
1982-01-01,-327006200.000000000
1982-02-01,-118692300.000000000
1982-03-01,-228235200.000000000
1982-04-01,-130819200.000000000
1982-05-01,-269922100.000000000
1982-06-01,-424229000.000000000
1982-07-01,-119908600.000000000
1982-08-01,-14439710.000000000
1982-09-01,-202563100.000000000
1982-10-01,28319070.000000000
1982-11-01,39842260.000000000
1982-12-01,-126718900.000000000
1983-01-01,-526886000.000000000
1983-02-01,-494487000.000000000
1983-03-01,-227978700.000000000
1983-04-01,-297540000.000000000
1983-05-01,-713926300.000000000
1983-06-01,-451017100.000000000
1983-07-01,-432332300.000000000
1983-08-01,-299565500.000000000
1983-09-01,-344914100.000000000
1983-10-01,-615670700.000000000
1983-11-01,-456139000.000000000
1983-12-01,-287941500.000000000
1984-01-01,-630530500.000000000
1984-02-01,-159023200.000000000
1984-03-01,-572149900.000000000
1984-04-01,-870005600.000000000
1984-05-01,-848490600.000000000
1984-06-01,-594070900.000000000
1984-07-01,-327776300.000000000
1984-08-01,-917582500.000000000
1984-09-01,-933123100.000000000
1984-10-01,-978515900.000000000
1984-11-01,-598888100.000000000
1984-12-01,-799516300.000000000
1985-01-01,-742366400.000000000
1985-02-01,-1066110000.000000000
1985-03-01,-1099837000.000000000
1985-04-01,-682458100.000000000
1985-05-01,-246547900.000000000
1985-06-01,-506287400.000000060
1985-07-01,-479828100.000000000
1985-08-01,-240440300.000000000
1985-09-01,-453189900.000000000
1985-10-01,-417936100.000000000
1985-11-01,-611514200.000000000
1985-12-01,-383537500.000000000
1986-01-01,-499404400.000000000
1986-02-01,-946308500.000000000
1986-03-01,-1177067000.000000000
1986-04-01,-951009300.000000000
1986-05-01,-833680600.000000000
1986-06-01,-909923000.000000000
1986-07-01,-996095400.000000000
1986-08-01,-1456447000.000000000
1986-09-01,-1361860000.000000000
1986-10-01,-1197266000.000000000
1986-11-01,-1401793000.000000000
1986-12-01,-1295760000.000000000
1987-01-01,-948990000.000000000
1987-02-01,-919700600.000000000
1987-03-01,-809590700.000000000
1987-04-01,-1031167000.000000000
1987-05-01,-1265144000.000000000
1987-06-01,-1162398000.000000000
1987-07-01,-1194399000.000000000
1987-08-01,-1680858000.000000000
1987-09-01,-1320062000.000000000
1987-10-01,-1340546000.000000000
1987-11-01,-1497866000.000000000
1987-12-01,-1599684000.000000000
1988-01-01,-1709240000.000000000
1988-02-01,-1775134000.000000000
1988-03-01,-1620300000.000000000
1988-04-01,-1538115000.000000000
1988-05-01,-1856109000.000000000
1988-06-01,-1923676000.000000000
1988-07-01,-2550844000.000000000
1988-08-01,-1986072000.000000000
1988-09-01,-1756577000.000000000
1988-10-01,-3031812000.000000000
1988-11-01,-2522666000.000000000
1988-12-01,-2118272000.000000000
1989-01-01,-2437212000.000000000
1989-02-01,-2561236000.000000000
1989-03-01,-2076283000.000000000
1989-04-01,-2705406000.000000000
1989-05-01,-2285601000.000000000
1989-06-01,-2430670000.000000000
1989-07-01,-2677922000.000000000
1989-08-01,-2800843000.000000000
1989-09-01,-2632554000.000000000
1989-10-01,-2208717000.000000000
1989-11-01,-2036949000.000000000
1989-12-01,-1510252000.000000000
1990-01-01,-2412083000.000000000
1990-02-01,-1982478000.000000000
1990-03-01,-2523180000.000000000
1990-04-01,-2385897000.000000000
1990-05-01,-1924614000.000000000
1990-06-01,-2038031000.000000000
1990-07-01,-2240087000.000000000
1990-08-01,-1684244000.000000000
1990-09-01,-1610602000.000000000
1990-10-01,-1435876000.000000000
1990-11-01,-1070551000.000000000
1990-12-01,-1134605000.000000000
1991-01-01,-1565353000.000000000
1991-02-01,-1034739000.000000000
1991-03-01,-1564263000.000000000
1991-04-01,-749392900.000000000
1991-05-01,-1056044000.000000000
1991-06-01,-1294347000.000000000
1991-07-01,-939312000.000000000
1991-08-01,-1464754000.000000000
1991-09-01,-1392176000.000000000
1991-10-01,-1175561000.000000000
1991-11-01,-1277981000.000000000
1991-12-01,-772143400.000000000
1992-01-01,-1162507000.000000000
1992-02-01,-1511868000.000000000
1992-03-01,-1323697000.000000000
1992-04-01,-1527251000.000000000
1992-05-01,-1303652000.000000000
1992-06-01,-1093173000.000000000
1992-07-01,-1350430000.000000000
1992-08-01,-2117080000.000000000
1992-09-01,-1231071000.000000000
1992-10-01,-1361091000.000000000
1992-11-01,-1637841000.000000000
1992-12-01,-1463199000.000000000
1993-01-01,-842100300.000000000
1993-02-01,-1617107000.000000000
1993-03-01,-1453317000.000000000
1993-04-01,-1608372000.000000000
1993-05-01,-1614283000.000000000
1993-06-01,-1400691000.000000000
1993-07-01,-1785896000.000000000
1993-08-01,-1053549000.000000000
1993-09-01,-1446628000.000000000
1993-10-01,-1394855000.000000000
1993-11-01,-1363309000.000000000
1993-12-01,-1312415000.000000000
1994-01-01,-1550258000.000000000
1994-02-01,-1334281000.000000000
1994-03-01,-1615497000.000000000
1994-04-01,-1027237000.000000000
1994-05-01,-1597307000.000000000
1994-06-01,-1364848000.000000000
1994-07-01,-1245714000.000000000
1994-08-01,-670431000.000000000
1994-09-01,-725572000.000000000
1994-10-01,-1035904000.000000000
1994-11-01,-883595200.000000000
1994-12-01,-1821453000.000000000
1995-01-01,-867993300.000000000
1995-02-01,-704533500.000000000
1995-03-01,-442089300.000000000
1995-04-01,-1652245000.000000000
1995-05-01,-1355406000.000000000
1995-06-01,-1447310000.000000000
1995-07-01,-1592097000.000000000
1995-08-01,-1358180000.000000000
1995-09-01,-1529394000.000000000
1995-10-01,-1707235000.000000000
1995-11-01,-945035500.000000000
1995-12-01,-1227054000.000000000
1996-01-01,-1239875000.000000000
1996-02-01,-1485424000.000000000
1996-03-01,-1240340000.000000000
1996-04-01,-1711414000.000000000
1996-05-01,-1563267000.000000000
1996-06-01,-1907984000.000000000
1996-07-01,-1522158000.000000000
1996-08-01,-1011245000.000000000
1996-09-01,-1306529000.000000000
1996-10-01,-920797400.000000000
1996-11-01,-1091447000.000000000
1996-12-01,-1366975000.000000000
1997-01-01,-691504700.000000000
1997-02-01,-1089857000.000000000
1997-03-01,-1425718000.000000000
1997-04-01,-1460026000.000000000
1997-05-01,-1319321000.000000000
1997-06-01,-1688308000.000000000
1997-07-01,-1431850000.000000000
1997-08-01,-978640300.000000000
1997-09-01,-1302111000.000000000
1997-10-01,-1472235000.000000000
1997-11-01,-1804656000.000000000
1997-12-01,-1690087000.000000000
1998-01-01,-1031310000.000000000
1998-02-01,-2196803000.000000000
1998-03-01,-2071345000.000000000
1998-04-01,-1795958000.000000000
1998-05-01,-2409549000.000000000
1998-06-01,-2059214000.000000000
1998-07-01,-2082831000.000000000
1998-08-01,-2122202000.000000000
1998-09-01,-2684524000.000000000
1998-10-01,-2193759000.000000000
1998-11-01,-2424782000.000000000
1998-12-01,-2566213000.000000000
1999-01-01,-2844309000.000000000
1999-02-01,-2875602000.000000000
1999-03-01,-2591002000.000000000
1999-04-01,-2388133000.000000000
1999-05-01,-2228212000.000000000
1999-06-01,-2537943000.000000000
1999-07-01,-2667999000.000000000
1999-08-01,-2750633000.000000000
1999-09-01,-2249821000.000000000
1999-10-01,-2611107000.000000000
1999-11-01,-2580570000.000000000
1999-12-01,-2738769000.000000000
2000-01-01,-3090091000.000000000
2000-02-01,-2648200000.000000000
2000-03-01,-2250177000.000000000
2000-04-01,-3323702000.000000000
2000-05-01,-2473133000.000000000
2000-06-01,-2451072000.000000000
2000-07-01,-3896940000.000000000
2000-08-01,-2755422000.000000000
2000-09-01,-3157789000.000000000
2000-10-01,-2990134000.000000000
2000-11-01,-3371466000.000000000
2000-12-01,-3990466000.000000000
2001-01-01,-3241276000.000000000
2001-02-01,-3497667000.000000000
2001-03-01,-3507859000.000000000
2001-04-01,-3976906000.000000000
2001-05-01,-3398862000.000000000
2001-06-01,-3762386000.000000000
2001-07-01,-3104015000.000000000
2001-08-01,-3467074000.000000000
2001-09-01,-2899621000.000000000
2001-10-01,-2692075000.000000000
2001-11-01,-2971435000.000000000
2001-12-01,-3635574000.000000000
2002-01-01,-2655263000.000000000
2002-02-01,-3433386000.000000000
2002-03-01,-3573368000.000000000
2002-04-01,-3271103000.000000000
2002-05-01,-2492237000.000000000
2002-06-01,-3185855000.000000000
2002-07-01,-3280775000.000000000
2002-08-01,-3766676000.000000000
2002-09-01,-3420100000.000000000
2002-10-01,-3887120000.000000000
2002-11-01,-4204190000.000000000
2002-12-01,-3583232000.000000000
2003-01-01,-3358270000.000000000
2003-02-01,-4217086000.000000000
2003-03-01,-3837284000.000000000
2003-04-01,-2779098000.000000000
2003-05-01,-4392604000.000000000
2003-06-01,-4911221000.000000000
2003-07-01,-3717858000.000000000
2003-08-01,-3454822000.000000000
2003-09-01,-4716329000.000000000
2003-10-01,-4702638000.000000000
2003-11-01,-4835219000.000000000
2003-12-01,-4487719000.000000000
2004-01-01,-5502542000.000000000
2004-02-01,-4329723000.000000000
2004-03-01,-4540550000.000000000
2004-04-01,-5225143000.000000000
2004-05-01,-5500050000.000000000
2004-06-01,-4991317000.000000000
2004-07-01,-5415247000.000000000
2004-08-01,-5611042000.000000000
2004-09-01,-5090046000.000000000
2004-10-01,-6304186000.000000000
2004-11-01,-5178290000.000000000
2004-12-01,-4870786000.000000000
2005-01-01,-5665136000.000000000
2005-02-01,-5364992000.000000000
2005-03-01,-5379888000.000000000
2005-04-01,-5700459000.000000000
2005-05-01,-4887958000.000000000
2005-06-01,-4118685000.000000000
2005-07-01,-4935791000.000000000
2005-08-01,-5183652000.000000000
2005-09-01,-4600849000.000000000
2005-10-01,-4281688000.000000000
2005-11-01,-4518608000.000000000
2005-12-01,-4916520000.000000000
2006-01-01,-4821944000.000000000
2006-02-01,-4038427000.000000954
2006-03-01,-2223262000.000000000
2006-04-01,-2247789000.000000000
2006-05-01,-3273456000.000000000
2006-06-01,-3347704000.000000000
2006-07-01,-6788051000.000000000
2006-08-01,-6346548000.000000000
2006-09-01,-6643438000.000000000
2006-10-01,-6436065000.000000000
2006-11-01,-6509348000.000000000
2006-12-01,-6983492000.000000000
2007-01-01,-6541267000.000000000
2007-02-01,-7500410000.000000000
2007-03-01,-7588993000.000000000
2007-04-01,-6745452000.000000000
2007-05-01,-6781514000.000000000
2007-06-01,-7650723000.000000000
2007-07-01,-7874238000.000000000
2007-08-01,-7692871000.000000000
2007-09-01,-8432570999.999998093
2007-10-01,-7539308000.000000000
2007-11-01,-7663931000.000000000
2007-12-01,-7552622000.000000000
2008-01-01,-7470375000.000000000
2008-02-01,-7609075000.000000000
2008-03-01,-7780426000.000000000
2008-04-01,-8047136000.000000000
2008-05-01,-7842052000.000000000
2008-06-01,-8533236000.000001907
2008-07-01,-7960764000.000000000
2008-08-01,-8030175000.000000000
2008-09-01,-7589701000.000000000
2008-10-01,-7031815000.000000000
2008-11-01,-8155061999.999998093
2008-12-01,-6460830000.000000000
2009-01-01,-7020838000.000000000
2009-02-01,-6777881000.000000000
2009-03-01,-6376911000.000000000
2009-04-01,-7007511000.000000000
2009-05-01,-6383545000.000000000
2009-06-01,-6385047000.000000000
2009-07-01,-6364728000.000000000
2009-08-01,-6203068000.000000000
2009-09-01,-6932949000.000000000
2009-10-01,-7103639000.000000000
2009-11-01,-6613770000.000000000
2009-12-01,-7165020000.000000000
2010-01-01,-7661507000.000000000
2010-02-01,-6777638000.000000000
2010-03-01,-7597393000.000000000
2010-04-01,-7281079000.000000000
2010-05-01,-8051498000.000001907
2010-06-01,-7767672000.000000000
2010-07-01,-8137378999.999998093
2010-08-01,-8054420000.000000000
2010-09-01,-7585289000.000000000
2010-10-01,-8009325000.000000000
2010-11-01,-8273163999.999998093
2010-12-01,-9468681000.000000000
2011-01-01,-8638791000.000000000
2011-02-01,-7223679000.000000000
2011-03-01,-7528794000.000000000
2011-04-01,-7695988000.000000000
2011-05-01,-9116822000.000000000
2011-06-01,-7447926000.000000000
2011-07-01,-9361628000.000000000
2011-08-01,-8117063000.000000000
2011-09-01,-9172037000.000000000
2011-10-01,-8638672000.000000000
2011-11-01,-8548487000.000000000
2011-12-01,-8081454000.000001907
2012-01-01,-8991236000.000000000
2012-02-01,-8372344000.000000000
2012-03-01,-8484282000.000000000
2012-04-01,-9987089000.000000000
2012-05-01,-8274452999.999998093
2012-06-01,-9032438000.000000000
2012-07-01,-7638587000.000000000
2012-08-01,-9699502000.000000000
2012-09-01,-9056283000.000000000
2012-10-01,-8824978000.000000000
2012-11-01,-8184801000.000000000
2012-12-01,-9712518000.000000000
2013-01-01,-8080311999.999998093
2013-02-01,-9281183000.000000000
2013-03-01,-10602610000.000000000
2013-04-01,-8605639000.000000000
2013-05-01,-8869672000.000000000
2013-06-01,-9253458000.000000000
2013-07-01,-9080786000.000000000
2013-08-01,-9824183000.000000000
2013-09-01,-10436790000.000000000
2013-10-01,-9053945000.000000000
2013-11-01,-10015460000.000000000
2013-12-01,-8280329999.999998093
2014-01-01,-8016116999.999998093
2014-02-01,-7888528000.000000000
2014-03-01,-8276660000.000000000
2014-04-01,-9834193000.000000000
2014-05-01,-10379410000.000000000
2014-06-01,-9878726000.000000000
2014-07-01,-10677960000.000000000
2014-08-01,-9773652000.000000000
2014-09-01,-10164300000.000000000
2014-10-01,-9891077000.000000000
2014-11-01,-9823785000.000000000
2014-12-01,-10557500000.000000000
2015-01-01,-9586464000.000000000
2015-02-01,-11455200000.000000000
2015-03-01,-10246100000.000000000
2015-04-01,-9054727000.000000000
2015-05-01,-9386314000.000000000
2015-06-01,-9239196000.000000000
2015-07-01,-10093280000.000000000
2015-08-01,-9787656000.000000000
2015-09-01,-9252067000.000000000
2015-10-01,-11457500000.000000000
2015-11-01,-10218280000.000000000
2015-12-01,-8653468000.000000000
2016-01-01,-9617458000.000000000
2016-02-01,-10580080000.000000000
2016-03-01,-10166680000.000000000
2016-04-01,-10708710000.000000000
2016-05-01,-10039750000.000000000
2016-06-01,-10810550000.000000000
2016-07-01,-11247100000.000000000
2016-08-01,-11867630000.000000000
2016-09-01,-12692800000.000000000
2016-10-01,-10673630000.000000000
2016-11-01,-11356930000.000000000
2016-12-01,-11699040000.000000000
2017-01-01,-11322210000.000000000
2017-02-01,-11603610000.000000000
2017-03-01,-11799530000.000000000
2017-04-01,-11358820000.000000000
2017-05-01,-11402850000.000000000
2017-06-01,-11806630000.000000000
2017-07-01,-11616770000.000000000
2017-08-01,-12285490000.000000000
2017-09-01,-12135410000.000000000
2017-10-01,-10867030000.000000000
2017-11-01,-10765680000.000000000
2017-12-01,-11276550000.000000000
2018-01-01,-11152250000.000000000
2018-02-01,-10226420000.000000000
2018-03-01,-11892180000.000000000
2018-04-01,-10997320000.000000000
2018-05-01,-11603120000.000000000
2018-06-01,-11755100000.000000000
2018-07-01,-11768010000.000000000
2018-08-01,-12587580000.000000000
2018-09-01,-11593420000.000000000
2018-10-01,-12499540000.000000000
2018-11-01,-12695440000.000000000
2018-12-01,-13008570000.000000000
2019-01-01,-13206840000.000000000
2019-02-01,-13327870000.000000000
2019-03-01,-14136390000.000000000
2019-04-01,-10882650000.000000000
2019-05-01,-12136120000.000000000
2019-06-01,-11279390000.000000000
2019-07-01,-11953490000.000000000
2019-08-01,-12996030000.000000000
2019-09-01,-12382550000.000000000
2019-10-01,-13971730000.000000000
2019-11-01,-10174330000.000000000
2019-12-01,-8605535000.000000000
2020-01-01,-9340522000.000000000
2020-02-01,-9614673000.000000000
2020-03-01,-10311060000.000000000
2020-04-01,-7889905000.000000000
2020-05-01,-6981338000.000000000
2020-06-01,-9131703000.000000000
2020-07-01,-10338260000.000000000
2020-08-01,-10428610000.000000000
2020-09-01,-13577200000.000000000
2020-10-01,-13332130000.000000000
2020-11-01,-14139820000.000000000
2020-12-01,-14006970000.000000000
2021-01-01,-12316830000.000000000
2021-02-01,-11936550000.000000000
2021-03-01,-11355300000.000000000
2021-04-01,-12331570000.000000000
2021-05-01,-12685490000.000000000
2021-06-01,-13249210000.000000000
2021-07-01,-14133810000.000000000
2021-08-01,-13771740000.000000000
2021-09-01,-16134250000.000001907
2021-10-01,-14176160000.000000000
2021-11-01,-15080540000.000000000
2021-12-01,-17271490000.000000000
2022-01-01,-23222190000.000000000
2022-02-01,-19644640000.000000000
2022-03-01,-21606080000.000000000
2022-04-01,-21368540000.000000000
2022-05-01,-21711640000.000000000
2022-06-01,-20170900000.000000000
2022-07-01,-19380000000.000000000
2022-08-01,-19803550000.000000000
2022-09-01,-18246260000.000000000
2022-10-01,-19072290000.000000000
2022-11-01,-19328570000.000000000
2022-12-01,-24414340000.000000000
2023-01-01,-20822360000.000000000
2023-02-01,-20236210000.000000000
2023-03-01,-18795680000.000000000
2023-04-01,-18970910000.000000000
2023-05-01,-20952010000.000000000
2023-06-01,-18684260000.000000000
2023-07-01,-18083660000.000000000
2023-08-01,-17788540000.000000000
2023-09-01,-17197060000.000000000
2023-10-01,-20281990000.000000000
2023-11-01,-18012540000.000000000
2023-12-01,-17316800000.000000000
2024-01-01,-16605180000.000000000
2024-02-01,-16173710000.000000000
2024-03-01,-17668770000.000000000
2024-04-01,-19437350000.000000000
2024-05-01,-18084140000.000000000
2024-06-01,-20607200000.000000000
2024-07-01,-18394320000.000000000
2024-08-01,-18627330000.000000000
2024-09-01,-17119070000.000000000
2024-10-01,-19467190000.000000000
2024-11-01,-20227650000.000000000
2024-12-01,-18327190000.000000000
2025-01-01,-16667910000.000000000
2025-02-01,-20917410000.000000000
2025-03-01,-19442460000.000000000
2025-04-01,-19911140000.000000000
2025-05-01,-20840040000.000000000
2025-06-01,-19794350000.000000000
2025-07-01,-20503410000.000000000
2025-08-01,-22405610000.000000000
2025-09-01,-20755840000.000000000
2025-10-01,-20156660000.000000000
2025-11-01,-20046090000.000000000
2025-12-01,-19648360000.000000000
2026-01-01,-18232510000.000000000
2026-02-01,-23005260000.000000000
2026-03-01,-22859480000.000000000
2026-04-01,-22860340000.000000000
2026-05-01,-22049910000.000000000
2026-06-01,-22200580000.000000000
