observation_date,XTNTVA01CNM664S
1992-01-01,10382770000.000000
1992-02-01,1736900000.000000
1992-03-01,826020400.000000
1992-04-01,1579900000.000000
1992-05-01,1864994000.000000
1992-06-01,1825657000.000000
1992-07-01,3611562000.000000
1992-08-01,4349856000.000000
1992-09-01,-84476820.000000
1992-10-01,1062254000.000000
1992-11-01,1782771000.000000
1992-12-01,188319400.000000
1993-01-01,3719196000.000000
1993-02-01,-4454419000.000000
1993-03-01,-3195490000.000000
1993-04-01,-3109153000.000000
1993-05-01,-6622842000.000000
1993-06-01,-5357003000.000000
1993-07-01,-7885047000.000000
1993-08-01,-8761662000.000000
1993-09-01,-6274596000.000000
1993-10-01,-6606878000.000000
1993-11-01,-5971457000.000000
1993-12-01,-7104061000.000000
1994-01-01,-4677802000.000000
1994-02-01,-2219581000.000000
1994-03-01,-474149900.000000
1994-04-01,-3747418000.000000
1994-05-01,2003308000.000000
1994-06-01,3035500000.000000
1994-07-01,3887800000.000000
1994-08-01,-877404900.000000
1994-09-01,6551965000.000000
1994-10-01,3235280000.000000
1994-11-01,15109390000.000000
1994-12-01,18075370000.000000
1995-01-01,34756370000.000000
1995-02-01,19875720000.000000
1995-03-01,25407670000.000000
1995-04-01,14676470000.000000
1995-05-01,14121180000.000000
1995-06-01,19177740000.000000
1995-07-01,7671400000.000000
1995-08-01,4050108000.000000
1995-09-01,2959462000.000000
1995-10-01,5109422000.000000
1995-11-01,-1048492000.000000
1995-12-01,7799109000.000000
1996-01-01,-2537067000.000000
1996-02-01,7791227000.000000
1996-03-01,-3881431000.000000
1996-04-01,5333973000.000000
1996-05-01,4492012000.000000
1996-06-01,5304258000.000000
1996-07-01,9462591000.000000
1996-08-01,17848940000.000000
1996-09-01,18648090000.000000
1996-10-01,25044620000.000000
1996-11-01,13991410000.000000
1996-12-01,8841496000.000000
1997-01-01,22472600000.000000
1997-02-01,22127110000.000000
1997-03-01,28319000000.000000
1997-04-01,30700150000.000000
1997-05-01,30229940000.000000
1997-06-01,30734230000.000000
1997-07-01,23706830000.000000
1997-08-01,31830480000.000000
1997-09-01,35057570000.000000
1997-10-01,33174140000.000000
1997-11-01,35351710000.000000
1997-12-01,19434020000.000000
1998-01-01,44130160000.000000
1998-02-01,33769340000.000000
1998-03-01,34884500000.000000
1998-04-01,37524500000.000000
1998-05-01,30894820000.000000
1998-06-01,30515950000.000000
1998-07-01,33472110000.000000
1998-08-01,29404100000.000000
1998-09-01,26415810000.000000
1998-10-01,17766250000.000000
1998-11-01,21369670000.000000
1998-12-01,28099380000.000000
1999-01-01,16504300000.000000
1999-02-01,23974430000.000000
1999-03-01,10558520000.000000
1999-04-01,11921480000.000000
1999-05-01,15120840000.000000
1999-06-01,9187662000.000000
1999-07-01,25791570000.000000
1999-08-01,30419330000.000000
1999-09-01,22079300000.000000
1999-10-01,25061700000.000000
1999-11-01,21407340000.000000
1999-12-01,28202400000.000000
2000-01-01,17673900000.000000
2000-02-01,18438910000.000000
2000-03-01,26251380000.000000
2000-04-01,21660950000.000000
2000-05-01,26579050000.000000
2000-06-01,20365400000.000000
2000-07-01,13191490000.000000
2000-08-01,13933040000.000000
2000-09-01,14171710000.000000
2000-10-01,16810540000.000000
2000-11-01,4743429000.000000
2000-12-01,7885473000.000000
2001-01-01,17265560000.000000
2001-02-01,12623060000.000000
2001-03-01,25011320000.000000
2001-04-01,14793170000.000000
2001-05-01,16289520000.000000
2001-06-01,9467366000.000000
2001-07-01,15026800000.000000
2001-08-01,8102474000.000001
2001-09-01,13800900000.000000
2001-10-01,18313320000.000000
2001-11-01,23287630000.000000
2001-12-01,15172850000.000000
2002-01-01,31035060000.000000
2002-02-01,37267970000.000000
2002-03-01,16917140000.000000
2002-04-01,18747220000.000000
2002-05-01,18306660000.000000
2002-06-01,23079660000.000000
2002-07-01,19655550000.000000
2002-08-01,13188140000.000000
2002-09-01,16887590000.000000
2002-10-01,20618110000.000000
2002-11-01,12224840000.000000
2002-12-01,18846390000.000000
2003-01-01,-498161300.000000
2003-02-01,18037550000.000000
2003-03-01,6638963000.000000
2003-04-01,23497300000.000000
2003-05-01,16218440000.000002
2003-06-01,16504270000.000002
2003-07-01,15364730000.000000
2003-08-01,12523530000.000000
2003-09-01,6620082000.000000
2003-10-01,22945250000.000000
2003-11-01,21196640000.000000
2003-12-01,33575140000.000000
2004-01-01,7020452000.000000
2004-02-01,-45356360000.000000
2004-03-01,17340380000.000000
2004-04-01,5612000000.000000
2004-05-01,8278888000.000000
2004-06-01,15297140000.000000
2004-07-01,15178200000.000000
2004-08-01,26566160000.000000
2004-09-01,43913730000.000000
2004-10-01,23428800000.000000
2004-11-01,60241650000.000000
2004-12-01,69785670000.000000
2005-01-01,61973900000.000000
2005-02-01,76031070000.000000
2005-03-01,74528970000.000000
2005-04-01,61193830000.000000
2005-05-01,72191460000.000000
2005-06-01,79022510000.000000
2005-07-01,78593090000.000000
2005-08-01,74229200000.000000
2005-09-01,64605779999.999992
2005-10-01,57168240000.000000
2005-11-01,60916360000.000000
2005-12-01,65108250000.000000
2006-01-01,90202810000.000000
2006-02-01,58686160000.000000
2006-03-01,129688899999.999985
2006-04-01,106784300000.000000
2006-05-01,106196900000.000000
2006-06-01,112357400000.000000
2006-07-01,104551000000.000000
2006-08-01,131852200000.000015
2006-09-01,116390100000.000000
2006-10-01,144227700000.000000
2006-11-01,144943700000.000000
2006-12-01,129604099999.999985
2007-01-01,145234400000.000000
2007-02-01,276886700000.000000
2007-03-01,101421500000.000000
2007-04-01,162362600000.000000
2007-05-01,178512400000.000000
2007-06-01,196247900000.000000
2007-07-01,171422000000.000000
2007-08-01,168391900000.000000
2007-09-01,162416200000.000000
2007-10-01,151439800000.000000
2007-11-01,151120200000.000000
2007-12-01,123550600000.000000
2008-01-01,161426700000.000000
2008-02-01,155083900000.000000
2008-03-01,149752300000.000000
2008-04-01,159078700000.000000
2008-05-01,144164800000.000000
2008-06-01,138027500000.000000
2008-07-01,162422900000.000000
2008-08-01,165955800000.000000
2008-09-01,188759400000.000000
2008-10-01,181875300000.000000
2008-11-01,220864700000.000000
2008-12-01,223238800000.000000
2009-01-01,281472600000.000000
2009-02-01,99988050000.000000
2009-03-01,175201200000.000000
2009-04-01,122271900000.000000
2009-05-01,88004340000.000000
2009-06-01,56341610000.000000
2009-07-01,60487840000.000000
2009-08-01,78566790000.000000
2009-09-01,80718820000.000000
2009-10-01,102484200000.000000
2009-11-01,83747270000.000000
2009-12-01,91890560000.000000
2010-01-01,89070850000.000000
2010-02-01,164295400000.000000
2010-03-01,33272140000.000000
2010-04-01,53429980000.000000
2010-05-01,124480100000.000000
2010-06-01,124477800000.000000
2010-07-01,152361900000.000000
2010-08-01,101318000000.000000
2010-09-01,103257500000.000000
2010-10-01,105841800000.000000
2010-11-01,106133800000.000000
2010-12-01,58127190000.000000
2011-01-01,18459770000.000000
2011-02-01,60437930000.000000
2011-03-01,111994400000.000000
2011-04-01,105139100000.000000
2011-05-01,77628050000.000000
2011-06-01,114861000000.000000
2011-07-01,133262700000.000000
2011-08-01,81325530000.000000
2011-09-01,86776870000.000000
2011-10-01,29263070000.000000
2011-11-01,57859150000.000000
2011-12-01,74382920000.000000
2012-01-01,144052500000.000000
2012-02-01,-51324990000.000000
2012-03-01,144234000000.000000
2012-04-01,140047100000.000000
2012-05-01,112809200000.000000
2012-06-01,157256900000.000000
2012-07-01,115473400000.000000
2012-08-01,127539800000.000000
2012-09-01,149963300000.000000
2012-10-01,142475300000.000000
2012-11-01,88491710000.000000
2012-12-01,143632000000.000000
2013-01-01,135453000000.000000
2013-02-01,303128600000.000000
2013-03-01,120041300000.000000
2013-04-01,147680400000.000000
2013-05-01,114932600000.000000
2013-06-01,121104600000.000000
2013-07-01,79815160000.000000
2013-08-01,117306900000.000000
2013-09-01,87068020000.000000
2013-10-01,129977300000.000015
2013-11-01,151939300000.000000
2013-12-01,112900300000.000000
2014-01-01,139279600000.000000
2014-02-01,-19314710000.000000
2014-03-01,175356000000.000000
2014-04-01,155240900000.000000
2014-05-01,190891500000.000000
2014-06-01,162767600000.000000
2014-07-01,256121900000.000000
2014-08-01,233045400000.000000
2014-09-01,188490400000.000000
2014-10-01,216564100000.000000
2014-11-01,263995900000.000000
2014-12-01,253625500000.000000
2015-01-01,302490700000.000000
2015-02-01,713049200000.000000
2015-03-01,139621900000.000000
2015-04-01,244830200000.000000
2015-05-01,317269200000.000000
2015-06-01,259234900000.000000
2015-07-01,232521200000.000000
2015-08-01,311222400000.000000
2015-09-01,359440000000.000000
2015-10-01,329646100000.000000
2015-11-01,284771400000.000000
2015-12-01,317130600000.000000
2016-01-01,310389900000.000000
2016-02-01,419133400000.000000
2016-03-01,299488600000.000000
2016-04-01,281794500000.000000
2016-05-01,263372000000.000000
2016-06-01,274187900000.000000
2016-07-01,280021000000.000000
2016-08-01,285270800000.000000
2016-09-01,264131700000.000031
2016-10-01,265162600000.000000
2016-11-01,252629100000.000000
2016-12-01,211639200000.000000
2017-01-01,282635100000.000000
2017-02-01,98093790000.000000
2017-03-01,309061500000.000000
2017-04-01,272585600000.000000
2017-05-01,253333100000.000000
2017-06-01,245824700000.000000
2017-07-01,256607200000.000000
2017-08-01,236757400000.000000
2017-09-01,183025800000.000000
2017-10-01,196551100000.000000
2017-11-01,213576000000.000000
2017-12-01,249536800000.000000
2018-01-01,87410260000.000000
2018-02-01,510145900000.000000
2018-03-01,90533710000.000000
2018-04-01,208139600000.000000
2018-05-01,137621800000.000000
2018-06-01,210868800000.000000
2018-07-01,143530200000.000000
2018-08-01,160066300000.000000
2018-09-01,204800800000.000000
2018-10-01,193007500000.000000
2018-11-01,254575700000.000000
2018-12-01,272699400000.000031
2019-01-01,209297800000.000000
2019-02-01,214155100000.000000
2019-03-01,331901300000.000000
2019-04-01,133189600000.000015
2019-05-01,254264100000.000000
2019-06-01,279190200000.000000
2019-07-01,261108800000.000000
2019-08-01,221309800000.000000
2019-09-01,278167600000.000000
2019-10-01,259075100000.000031
2019-11-01,204305400000.000000
2019-12-01,225507000000.000000
2020-01-01,318104500000.000000
2020-02-01,-396033600000.000000
2020-03-01,262696000000.000031
2020-04-01,365929400000.000000
2020-05-01,401140100000.000000
2020-06-01,280473600000.000000
2020-07-01,372759600000.000000
2020-08-01,359295400000.000000
2020-09-01,254421500000.000000
2020-10-01,332307300000.000000
2020-11-01,422598800000.000000
2020-12-01,383218200000.000000
2021-01-01,299747200000.000000
2021-02-01,507625300000.000000
2021-03-01,229095700000.000000
2021-04-01,321597300000.000000
2021-05-01,241857100000.000000
2021-06-01,279225400000.000000
2021-07-01,295357100000.000000
2021-08-01,354516200000.000000
2021-09-01,431689800000.000000
2021-10-01,475704600000.000000
2021-11-01,408233100000.000000
2021-12-01,475703700000.000000
2022-01-01,371951100000.000000
2022-02-01,444566300000.000000
2022-03-01,400118900000.000000
2022-04-01,336796200000.000000
2022-05-01,499417900000.000000
2022-06-01,593585900000.000000
2022-07-01,597297100000.000000
2022-08-01,524317900000.000000
2022-09-01,580267200000.000000
2022-10-01,565979000000.000000
2022-11-01,467097900000.000000
2022-12-01,453591300000.000000
2023-01-01,544483000000.000000
2023-02-01,414275900000.000000
2023-03-01,707886400000.000000
2023-04-01,639651400000.000000
2023-05-01,460844100000.000000
2023-06-01,445145100000.000000
2023-07-01,511612500000.000000
2023-08-01,485559000000.000000
2023-09-01,554727600000.000000
2023-10-01,401881200000.000000
2023-11-01,472525800000.000000
2023-12-01,452359100000.000000
2024-01-01,442068100000.000000
2024-02-01,674039700000.000000
2024-03-01,478778700000.000000
2024-04-01,551212700000.000000
2024-05-01,592606000000.000000
2024-06-01,622748100000.000000
2024-07-01,578177400000.000000
2024-08-01,629159100000.000000
2024-09-01,581713800000.000000
2024-10-01,690243500000.000000
2024-11-01,659108200000.000000
2024-12-01,677209700000.000000
2025-01-01,813677100000.000000
2025-02-01,590117300000.000000
2025-03-01,789857200000.000000
2025-04-01,728600600000.000000
2025-05-01,724118200000.000000
2025-06-01,728330500000.000000
2025-07-01,676542000000.000000
2025-08-01,703420900000.000000
2025-09-01,672710500000.000000
2025-10-01,660491800000.000000
2025-11-01,737108200000.000000
2025-12-01,722082200000.000000
2026-01-01,610362900000.000000
2026-02-01,1173447000000.000000
2026-03-01,406775400000.000000
2026-04-01,609340100000.000000
2026-05-01,677552500000.000000
2026-06-01,745046100000.000000
