observation_date,XTNTVA01NOM664S
1955-01-01,-310552200.00000000
1955-02-01,-305627600.00000000
1955-03-01,-278078700.00000000
1955-04-01,-238775900.00000000
1955-05-01,-283060600.00000000
1955-06-01,-270482900.00000000
1955-07-01,-274979000.00000000
1955-08-01,-229384500.00000000
1955-09-01,-273071700.00000000
1955-10-01,-318533300.00000000
1955-11-01,-195151700.00000000
1955-12-01,-289433500.00000000
1956-01-01,-298286200.00000000
1956-02-01,-215288400.00000000
1956-03-01,-194529500.00000000
1956-04-01,-280772700.00000000
1956-05-01,-353529500.00000000
1956-06-01,-309196600.00000000
1956-07-01,-274270500.00000000
1956-08-01,-250754800.00000000
1956-09-01,-181630700.00000000
1956-10-01,-246269500.00000000
1956-11-01,-259544300.00000000
1956-12-01,-263008000.00000003
1957-01-01,-345476700.00000000
1957-02-01,-243410500.00000000
1957-03-01,-267363600.00000000
1957-04-01,-371504800.00000000
1957-05-01,-280458500.00000000
1957-06-01,-289575400.00000000
1957-07-01,-236731900.00000000
1957-08-01,-247345500.00000000
1957-09-01,-283239900.00000000
1957-10-01,-95543200.00000000
1957-11-01,-330758200.00000000
1957-12-01,-249638100.00000000
1958-01-01,-233003300.00000000
1958-02-01,-324710300.00000000
1958-03-01,-338294700.00000000
1958-04-01,-364274600.00000000
1958-05-01,-418718800.00000000
1958-06-01,-265649100.00000003
1958-07-01,-402319900.00000000
1958-08-01,-318711200.00000000
1958-09-01,-336416700.00000000
1958-10-01,-257616200.00000003
1958-11-01,-399535600.00000000
1958-12-01,-359196300.00000000
1959-01-01,-297207700.00000000
1959-02-01,-352829700.00000000
1959-03-01,-427091300.00000000
1959-04-01,-240349900.00000000
1959-05-01,-197432200.00000000
1959-06-01,-298841600.00000000
1959-07-01,-391411600.00000000
1959-08-01,-479145300.00000000
1959-09-01,-191295100.00000000
1959-10-01,-358921400.00000000
1959-11-01,-210817100.00000000
1959-12-01,-250733000.00000000
1960-01-01,-317700700.00000000
1960-02-01,-390287400.00000000
1960-03-01,-264206800.00000003
1960-04-01,-387966600.00000000
1960-05-01,-315623400.00000000
1960-06-01,-365173700.00000000
1960-07-01,-309707100.00000000
1960-08-01,-360163700.00000000
1960-09-01,-432922300.00000000
1960-10-01,-332895500.00000000
1960-11-01,-339457800.00000000
1960-12-01,-363000000.00000000
1961-01-01,-372894600.00000000
1961-02-01,-502678300.00000000
1961-03-01,-268933600.00000000
1961-04-01,-488434700.00000000
1961-05-01,-475742900.00000000
1961-06-01,-540062100.00000000
1961-07-01,-544895400.00000000
1961-08-01,-334145200.00000000
1961-09-01,-315164500.00000000
1961-10-01,-303209600.00000000
1961-11-01,-421623600.00000000
1961-12-01,-342953400.00000000
1962-01-01,-411071800.00000000
1962-02-01,-389617900.00000000
1962-03-01,-422469100.00000000
1962-04-01,-345354900.00000000
1962-05-01,-488949600.00000000
1962-06-01,-384052600.00000000
1962-07-01,-357166400.00000000
1962-08-01,-338584900.00000000
1962-09-01,-481358100.00000000
1962-10-01,-425579600.00000000
1962-11-01,-431030200.00000000
1962-12-01,-435309100.00000000
1963-01-01,-520676100.00000000
1963-02-01,-348492700.00000000
1963-03-01,-429426700.00000000
1963-04-01,-488757500.00000000
1963-05-01,-472868500.00000000
1963-06-01,-532918900.00000000
1963-07-01,-445694400.00000000
1963-08-01,-429891000.00000000
1963-09-01,-373893500.00000000
1963-10-01,-371603700.00000000
1963-11-01,-356912300.00000000
1963-12-01,-563122900.00000000
1964-01-01,-477330000.00000000
1964-02-01,-349362400.00000000
1964-03-01,-393080000.00000000
1964-04-01,-300356600.00000000
1964-05-01,-232853700.00000000
1964-06-01,-439837700.00000000
1964-07-01,-392444500.00000000
1964-08-01,-512437400.00000006
1964-09-01,-337943500.00000000
1964-10-01,-503848400.00000000
1964-11-01,-418935300.00000000
1964-12-01,-567836500.00000000
1965-01-01,-430486400.00000000
1965-02-01,-468126600.00000000
1965-03-01,-433065100.00000000
1965-04-01,-611744800.00000000
1965-05-01,-385758100.00000000
1965-06-01,-394417700.00000000
1965-07-01,-386265700.00000000
1965-08-01,-429919700.00000000
1965-09-01,-649713700.00000000
1965-10-01,-393423200.00000000
1965-11-01,-464263500.00000000
1965-12-01,-402494200.00000000
1966-01-01,-489810400.00000000
1966-02-01,-389542000.00000000
1966-03-01,-455821800.00000000
1966-04-01,-380697500.00000000
1966-05-01,-425079800.00000000
1966-06-01,-400857400.00000000
1966-07-01,-448352500.00000000
1966-08-01,-452049600.00000000
1966-09-01,-451318200.00000000
1966-10-01,-787491600.00000000
1966-11-01,-372294800.00000000
1966-12-01,-926655100.00000000
1967-01-01,-508727600.00000000
1967-02-01,-805260500.00000000
1967-03-01,-788519700.00000000
1967-04-01,-584544300.00000000
1967-05-01,-463820200.00000000
1967-06-01,-559788000.00000000
1967-07-01,-681578300.00000000
1967-08-01,-536712300.00000006
1967-09-01,-690192300.00000000
1967-10-01,-700691400.00000000
1967-11-01,-564739000.00000000
1967-12-01,-351897600.00000000
1968-01-01,-581905800.00000000
1968-02-01,-389434500.00000000
1968-03-01,-602395100.00000000
1968-04-01,-578755600.00000000
1968-05-01,-531972600.00000000
1968-06-01,-369865300.00000000
1968-07-01,-363749400.00000000
1968-08-01,-588721200.00000000
1968-09-01,-494334800.00000000
1968-10-01,-347094700.00000000
1968-11-01,-356415000.00000000
1968-12-01,-282873900.00000000
1969-01-01,-324100900.00000000
1969-02-01,-210317300.00000000
1969-03-01,-265527300.00000003
1969-04-01,-256492300.00000000
1969-05-01,-461805300.00000000
1969-06-01,-306783200.00000000
1969-07-01,-480450700.00000000
1969-08-01,-464746900.00000000
1969-09-01,-473035200.00000000
1969-10-01,-401635100.00000000
1969-11-01,-686332500.00000000
1969-12-01,-894731900.00000000
1970-01-01,-473682800.00000000
1970-02-01,-660274300.00000000
1970-03-01,-693019400.00000000
1970-04-01,-436671200.00000000
1970-05-01,-769186100.00000000
1970-06-01,-709330600.00000000
1970-07-01,-725075500.00000000
1970-08-01,-785192200.00000000
1970-09-01,-377281700.00000000
1970-10-01,-1195723000.00000000
1970-11-01,-1231445000.00000000
1970-12-01,-769100200.00000000
1971-01-01,-901930500.00000000
1971-02-01,-786174400.00000000
1971-03-01,-532639100.00000006
1971-04-01,-1009339000.00000000
1971-05-01,-1068997000.00000000
1971-06-01,-969376300.00000000
1971-07-01,-1137353000.00000000
1971-08-01,-597546900.00000000
1971-09-01,-1147531000.00000000
1971-10-01,-872428600.00000000
1971-11-01,-864715400.00000000
1971-12-01,-819197100.00000000
1972-01-01,-716114200.00000000
1972-02-01,-676688300.00000000
1972-03-01,-540301400.00000000
1972-04-01,-748719000.00000000
1972-05-01,-278335600.00000000
1972-06-01,-823503100.00000000
1972-07-01,-231914900.00000000
1972-08-01,-825002100.00000000
1972-09-01,-332496600.00000000
1972-10-01,-640651400.00000000
1972-11-01,-969107200.00000000
1972-12-01,-401031600.00000000
1973-01-01,-695448200.00000000
1973-02-01,-933782200.00000000
1973-03-01,-467009100.00000000
1973-04-01,-584433900.00000000
1973-05-01,-725978100.00000000
1973-06-01,-250177000.00000000
1973-07-01,-1399902000.00000000
1973-08-01,-499691800.00000000
1973-09-01,-1310885000.00000000
1973-10-01,-138111600.00000000
1973-11-01,-1707185000.00000000
1973-12-01,-256235400.00000000
1974-01-01,-980904300.00000000
1974-02-01,-908725600.00000000
1974-03-01,-1086592000.00000000
1974-04-01,-956761700.00000000
1974-05-01,-930182800.00000000
1974-06-01,-1072562000.00000000
1974-07-01,-679241200.00000000
1974-08-01,-950055600.00000000
1974-09-01,-870361600.00000000
1974-10-01,-998017900.00000000
1974-11-01,-1070014000.00000000
1974-12-01,-1173856000.00000000
1975-01-01,-996852000.00000000
1975-02-01,-840686500.00000000
1975-03-01,-2122524000.00000000
1975-04-01,-1933960000.00000000
1975-05-01,-2001730000.00000000
1975-06-01,-1441694000.00000000
1975-07-01,96714190.00000000
1975-08-01,115031600.00000000
1975-09-01,-1219550000.00000000
1975-10-01,-676978800.00000000
1975-11-01,-598579800.00000000
1975-12-01,-631469000.00000000
1976-01-01,-2312241000.00000000
1976-02-01,-1428264000.00000000
1976-03-01,-1033686000.00000000
1976-04-01,-1631461000.00000000
1976-05-01,-882310700.00000000
1976-06-01,-1144996000.00000000
1976-07-01,100797200.00000000
1976-08-01,-2138407000.00000000
1976-09-01,-1185576000.00000000
1976-10-01,-1792909000.00000000
1976-11-01,-1365155000.00000000
1976-12-01,-2263326000.00000000
1977-01-01,-1636568000.00000000
1977-02-01,-1800725000.00000000
1977-03-01,-2648746000.00000000
1977-04-01,-2054152000.00000000
1977-05-01,-2268887000.00000000
1977-06-01,-578095000.00000000
1977-07-01,-3646650000.00000000
1977-08-01,-950971900.00000000
1977-09-01,-1649446000.00000000
1977-10-01,-2044448000.00000000
1977-11-01,-1593840000.00000000
1977-12-01,-690147400.00000000
1978-01-01,-1481605000.00000000
1978-02-01,-1253296000.00000000
1978-03-01,-763345400.00000000
1978-04-01,-1813826000.00000000
1978-05-01,1168059000.00000000
1978-06-01,2007031000.00000000
1978-07-01,130402000.00000000
1978-08-01,240399200.00000000
1978-09-01,105604700.00000000
1978-10-01,-729405300.00000000
1978-11-01,-461631600.00000000
1978-12-01,-42714720.00000000
1979-01-01,45877050.00000000
1979-02-01,159801800.00000000
1979-03-01,-199802700.00000000
1979-04-01,481930300.00000000
1979-05-01,194392900.00000000
1979-06-01,-843686900.00000000
1979-07-01,-539378300.00000000
1979-08-01,480857200.00000000
1979-09-01,479373000.00000000
1979-10-01,-568724600.00000000
1979-11-01,28154560.00000000
1979-12-01,-190252000.00000000
1980-01-01,934911400.00000000
1980-02-01,580393500.00000000
1980-03-01,608967100.00000000
1980-04-01,998511700.00000000
1980-05-01,831815800.00000000
1980-06-01,273114400.00000000
1980-07-01,-868422200.00000000
1980-08-01,631849500.00000000
1980-09-01,1053476000.00000000
1980-10-01,895945300.00000000
1980-11-01,573260600.00000000
1980-12-01,1189241000.00000000
1981-01-01,1551494000.00000000
1981-02-01,539449500.00000000
1981-03-01,574242400.00000000
1981-04-01,2198799000.00000000
1981-05-01,1401014000.00000000
1981-06-01,3559772000.00000000
1981-07-01,1668012000.00000000
1981-08-01,-592626700.00000000
1981-09-01,1180106000.00000000
1981-10-01,1061796000.00000000
1981-11-01,729360500.00000000
1981-12-01,716660400.00000000
1982-01-01,1082188000.00000000
1982-02-01,844469800.00000000
1982-03-01,1675220000.00000000
1982-04-01,1312870000.00000000
1982-05-01,1620599000.00000000
1982-06-01,44175840.00000000
1982-07-01,1389014000.00000000
1982-08-01,835699300.00000000
1982-09-01,889651800.00000000
1982-10-01,1136993000.00000000
1982-11-01,1193328000.00000000
1982-12-01,1511837000.00000000
1983-01-01,558487700.00000000
1983-02-01,2079786000.00000000
1983-03-01,2263035000.00000000
1983-04-01,4122363000.00000000
1983-05-01,1816010000.00000000
1983-06-01,1882385000.00000000
1983-07-01,4480731000.00000000
1983-08-01,3266928000.00000000
1983-09-01,2231842000.00000000
1983-10-01,3505988000.00000000
1983-11-01,2960752000.00000000
1983-12-01,4001109000.00000000
1984-01-01,3444414000.00000000
1984-02-01,2427941000.00000000
1984-03-01,2744311000.00000000
1984-04-01,3185999000.00000000
1984-05-01,3080076000.00000000
1984-06-01,3024670000.00000000
1984-07-01,5520134000.00000000
1984-08-01,2611946000.00000000
1984-09-01,3012002000.00000000
1984-10-01,2980927000.00000000
1984-11-01,4058129000.00000000
1984-12-01,4947777000.00000000
1985-01-01,3757090000.00000000
1985-02-01,2793600000.00000000
1985-03-01,3564893000.00000000
1985-04-01,4138384000.00000095
1985-05-01,3879643000.00000000
1985-06-01,2603932000.00000000
1985-07-01,3556958000.00000000
1985-08-01,3235893000.00000000
1985-09-01,3155820000.00000000
1985-10-01,2347270000.00000000
1985-11-01,1938684000.00000000
1985-12-01,3504509000.00000000
1986-01-01,1296381000.00000000
1986-02-01,-10554830.00000000
1986-03-01,343748500.00000000
1986-04-01,-4938518000.00000000
1986-05-01,-2349879000.00000000
1986-06-01,-1762422000.00000000
1986-07-01,-2849270000.00000000
1986-08-01,-1123507000.00000000
1986-09-01,-2299449000.00000000
1986-10-01,-1385235000.00000000
1986-11-01,-95369290.00000000
1986-12-01,-538213300.00000000
1987-01-01,-231020000.00000000
1987-02-01,1646142000.00000000
1987-03-01,-769384400.00000000
1987-04-01,218418100.00000000
1987-05-01,-224471600.00000000
1987-06-01,-806940400.00000000
1987-07-01,268333400.00000000
1987-08-01,-3097403000.00000000
1987-09-01,-1399357000.00000000
1987-10-01,-397118300.00000000
1987-11-01,-792485300.00000000
1987-12-01,-1772626000.00000000
1988-01-01,1520725000.00000000
1988-02-01,-1231139000.00000000
1988-03-01,-2016795000.00000000
1988-04-01,-397709400.00000000
1988-05-01,-733516200.00000000
1988-06-01,-679372400.00000000
1988-07-01,-160994300.00000000
1988-08-01,947862600.00000000
1988-09-01,659915700.00000000
1988-10-01,726228500.00000000
1988-11-01,-581374800.00000000
1988-12-01,-2597699000.00000000
1989-01-01,2557512000.00000000
1989-02-01,614570100.00000000
1989-03-01,2670577000.00000000
1989-04-01,2568238000.00000000
1989-05-01,4025954000.00000000
1989-06-01,2181048000.00000000
1989-07-01,2891789000.00000000
1989-08-01,3791734000.00000000
1989-09-01,1843004000.00000000
1989-10-01,1409311000.00000000
1989-11-01,1317587000.00000000
1989-12-01,-1646514000.00000000
1990-01-01,2821495000.00000000
1990-02-01,2312923000.00000000
1990-03-01,1726895000.00000000
1990-04-01,449596500.00000000
1990-05-01,-1207670000.00000000
1990-06-01,3968087000.00000000
1990-07-01,2728020000.00000000
1990-08-01,4078789000.00000095
1990-09-01,6694107000.00000000
1990-10-01,6565073000.00000000
1990-11-01,5823967000.00000000
1990-12-01,5715786000.00000000
1991-01-01,5209818000.00000000
1991-02-01,4615198000.00000000
1991-03-01,4021906000.00000095
1991-04-01,3025201000.00000000
1991-05-01,6140368000.00000000
1991-06-01,6185860000.00000000
1991-07-01,5751215000.00000000
1991-08-01,3041704000.00000000
1991-09-01,8151114000.00000000
1991-10-01,3178426000.00000000
1991-11-01,2086380000.00000000
1991-12-01,4384610000.00000000
1992-01-01,5186990000.00000000
1992-02-01,2876815000.00000000
1992-03-01,6084321000.00000000
1992-04-01,4261784000.00000000
1992-05-01,4847635000.00000000
1992-06-01,5117567000.00000000
1992-07-01,4646027000.00000000
1992-08-01,4566626000.00000000
1992-09-01,4172676000.00000000
1992-10-01,4630328000.00000000
1992-11-01,4843773000.00000000
1992-12-01,4743185000.00000000
1993-01-01,4287848000.00000095
1993-02-01,4464710000.00000000
1993-03-01,3894289000.00000000
1993-04-01,7713833000.00000000
1993-05-01,6194917000.00000000
1993-06-01,6302940000.00000000
1993-07-01,4391781000.00000000
1993-08-01,6532257000.00000000
1993-09-01,1899270000.00000000
1993-10-01,4897878000.00000000
1993-11-01,3180656000.00000000
1993-12-01,2897686000.00000000
1994-01-01,3297037000.00000000
1994-02-01,4804423000.00000000
1994-03-01,1772672000.00000000
1994-04-01,1963718000.00000000
1994-05-01,5541417000.00000000
1994-06-01,6215010000.00000000
1994-07-01,3133052000.00000000
1994-08-01,2347605000.00000000
1994-09-01,5458110000.00000000
1994-10-01,5549172000.00000000
1994-11-01,6182627000.00000000
1994-12-01,5187357000.00000000
1995-01-01,5334877000.00000000
1995-02-01,5313309000.00000000
1995-03-01,5103074000.00000000
1995-04-01,4227015000.00000000
1995-05-01,5081018000.00000000
1995-06-01,4044964000.00000000
1995-07-01,6398748000.00000000
1995-08-01,4321127000.00000000
1995-09-01,4863574000.00000000
1995-10-01,4570138000.00000000
1995-11-01,3328481000.00000000
1995-12-01,5287860000.00000000
1996-01-01,5975235000.00000000
1996-02-01,6100251000.00000000
1996-03-01,7719255000.00000000
1996-04-01,7959408000.00000000
1996-05-01,7455030000.00000000
1996-06-01,6262444000.00000000
1996-07-01,6208756000.00000000
1996-08-01,9658179000.00000000
1996-09-01,8347503000.00000000
1996-10-01,7444936000.00000000
1996-11-01,10716910000.00000000
1996-12-01,6214530000.00000000
1997-01-01,9050442000.00000000
1997-02-01,7681231000.00000000
1997-03-01,8011338000.00000000
1997-04-01,6012481000.00000000
1997-05-01,9741907000.00000000
1997-06-01,5580276000.00000000
1997-07-01,7677658000.00000000
1997-08-01,8370615000.00000191
1997-09-01,7787302000.00000000
1997-10-01,6234044000.00000000
1997-11-01,8292168000.00000000
1997-12-01,6567794000.00000000
1998-01-01,4113649000.00000000
1998-02-01,2452688000.00000000
1998-03-01,5038992000.00000000
1998-04-01,1524450000.00000000
1998-05-01,2731797000.00000000
1998-06-01,4755529000.00000000
1998-07-01,2058953000.00000000
1998-08-01,-1178073000.00000000
1998-09-01,842296600.00000000
1998-10-01,621793300.00000000
1998-11-01,676882700.00000000
1998-12-01,-1557624000.00000000
1999-01-01,805870100.00000000
1999-02-01,1991902000.00000000
1999-03-01,2883960000.00000000
1999-04-01,4161114000.00000095
1999-05-01,6001425000.00000000
1999-06-01,8608959000.00000000
1999-07-01,6705132000.00000000
1999-08-01,10850600000.00000000
1999-09-01,9580990000.00000000
1999-10-01,11429720000.00000000
1999-11-01,14258640000.00000000
1999-12-01,11350730000.00000000
2000-01-01,16584420000.00000191
2000-02-01,13386070000.00000000
2000-03-01,13380760000.00000000
2000-04-01,12750490000.00000000
2000-05-01,18475480000.00000000
2000-06-01,19169970000.00000000
2000-07-01,19318270000.00000000
2000-08-01,24332410000.00000000
2000-09-01,20710470000.00000000
2000-10-01,23238860000.00000000
2000-11-01,25055680000.00000000
2000-12-01,20311700000.00000000
2001-01-01,23368300000.00000000
2001-02-01,18234500000.00000000
2001-03-01,16784890000.00000000
2001-04-01,20953550000.00000000
2001-05-01,20987220000.00000000
2001-06-01,20752090000.00000000
2001-07-01,24792240000.00000000
2001-08-01,18753390000.00000000
2001-09-01,20991510000.00000000
2001-10-01,16720590000.00000191
2001-11-01,12636630000.00000000
2001-12-01,22966900000.00000000
2002-01-01,11577760000.00000000
2002-02-01,15138150000.00000000
2002-03-01,20096550000.00000000
2002-04-01,18145930000.00000000
2002-05-01,16746150000.00000000
2002-06-01,13961500000.00000000
2002-07-01,14658630000.00000000
2002-08-01,18141490000.00000000
2002-09-01,18278060000.00000000
2002-10-01,13992470000.00000000
2002-11-01,18010480000.00000000
2002-12-01,18571690000.00000000
2003-01-01,15449840000.00000000
2003-02-01,20004340000.00000000
2003-03-01,14867170000.00000000
2003-04-01,18096560000.00000000
2003-05-01,17397700000.00000000
2003-06-01,12972770000.00000000
2003-07-01,14300440000.00000000
2003-08-01,18080740000.00000000
2003-09-01,15456480000.00000000
2003-10-01,18759200000.00000000
2003-11-01,17128020000.00000000
2003-12-01,17564220000.00000000
2004-01-01,18507260000.00000000
2004-02-01,19077710000.00000000
2004-03-01,15875330000.00000000
2004-04-01,20150310000.00000000
2004-05-01,20238440000.00000000
2004-06-01,16565620000.00000000
2004-07-01,20377920000.00000000
2004-08-01,17955310000.00000000
2004-09-01,22024950000.00000000
2004-10-01,22833850000.00000000
2004-11-01,21516860000.00000000
2004-12-01,13958910000.00000000
2005-01-01,21445850000.00000000
2005-02-01,22950810000.00000000
2005-03-01,23921760000.00000000
2005-04-01,28339980000.00000000
2005-05-01,24327050000.00000000
2005-06-01,21750750000.00000000
2005-07-01,24620460000.00000000
2005-08-01,29670740000.00000000
2005-09-01,29638090000.00000000
2005-10-01,30449790000.00000000
2005-11-01,24479210000.00000000
2005-12-01,30325650000.00000000
2006-01-01,36532410000.00000000
2006-02-01,31368550000.00000000
2006-03-01,32659450000.00000000
2006-04-01,34506080000.00000000
2006-05-01,29694010000.00000000
2006-06-01,32496560000.00000381
2006-07-01,34428440000.00000000
2006-08-01,32519520000.00000000
2006-09-01,29007230000.00000000
2006-10-01,27525440000.00000000
2006-11-01,26380910000.00000000
2006-12-01,26487950000.00000000
2007-01-01,24953620000.00000000
2007-02-01,24937310000.00000000
2007-03-01,25302040000.00000000
2007-04-01,25662960000.00000000
2007-05-01,25340650000.00000000
2007-06-01,28367740000.00000000
2007-07-01,23599840000.00000000
2007-08-01,27244460000.00000000
2007-09-01,31273090000.00000000
2007-10-01,23513380000.00000000
2007-11-01,30354240000.00000000
2007-12-01,37140790000.00000000
2008-01-01,33197630000.00000000
2008-02-01,33871260000.00000000
2008-03-01,40492250000.00000000
2008-04-01,40003870000.00000000
2008-05-01,45565170000.00000000
2008-06-01,42729360000.00000000
2008-07-01,41134670000.00000000
2008-08-01,44851700000.00000000
2008-09-01,32035120000.00000000
2008-10-01,36920510000.00000000
2008-11-01,37185320000.00000000
2008-12-01,21246300000.00000000
2009-01-01,27712110000.00000000
2009-02-01,30687650000.00000000
2009-03-01,29873840000.00000000
2009-04-01,20774980000.00000000
2009-05-01,21966990000.00000000
2009-06-01,23731090000.00000000
2009-07-01,28176600000.00000000
2009-08-01,22326370000.00000000
2009-09-01,23590000000.00000000
2009-10-01,23235630000.00000000
2009-11-01,22536830000.00000000
2009-12-01,25907420000.00000000
2010-01-01,29411470000.00000000
2010-02-01,31887510000.00000000
2010-03-01,25878640000.00000000
2010-04-01,24066510000.00000000
2010-05-01,23514280000.00000000
2010-06-01,27685830000.00000000
2010-07-01,26011440000.00000000
2010-08-01,22079800000.00000000
2010-09-01,24651050000.00000000
2010-10-01,24848140000.00000000
2010-11-01,28400110000.00000000
2010-12-01,33515480000.00000000
2011-01-01,31464150000.00000000
2011-02-01,31293070000.00000000
2011-03-01,23133790000.00000000
2011-04-01,42218780000.00000000
2011-05-01,28550100000.00000000
2011-06-01,30837980000.00000000
2011-07-01,36692660000.00000000
2011-08-01,33281140000.00000000
2011-09-01,37196850000.00000000
2011-10-01,26174860000.00000000
2011-11-01,35192460000.00000000
2011-12-01,36757870000.00000000
2012-01-01,38292220000.00000000
2012-02-01,42561310000.00000000
2012-03-01,43357350000.00000000
2012-04-01,37977150000.00000000
2012-05-01,40927440000.00000000
2012-06-01,32689250000.00000000
2012-07-01,31532820000.00000000
2012-08-01,34903720000.00000000
2012-09-01,27934370000.00000000
2012-10-01,31058940000.00000000
2012-11-01,31126230000.00000000
2012-12-01,32705850000.00000000
2013-01-01,27260910000.00000000
2013-02-01,34140280000.00000000
2013-03-01,36715130000.00000000
2013-04-01,24518090000.00000000
2013-05-01,32448000000.00000000
2013-06-01,37972660000.00000000
2013-07-01,37377320000.00000000
2013-08-01,32018970000.00000381
2013-09-01,25993020000.00000000
2013-10-01,29397760000.00000000
2013-11-01,39462090000.00000000
2013-12-01,32739680000.00000000
2014-01-01,41244930000.00000000
2014-02-01,33921230000.00000000
2014-03-01,32494150000.00000000
2014-04-01,31512920000.00000000
2014-05-01,30457660000.00000000
2014-06-01,24531830000.00000000
2014-07-01,18385860000.00000000
2014-08-01,22993140000.00000000
2014-09-01,27775050000.00000000
2014-10-01,31273300000.00000000
2014-11-01,25424720000.00000000
2014-12-01,24944810000.00000000
2015-01-01,18144030000.00000000
2015-02-01,22452410000.00000000
2015-03-01,20616220000.00000000
2015-04-01,736286200.00000000
2015-05-01,24803480000.00000000
2015-06-01,22019600000.00000000
2015-07-01,25638060000.00000000
2015-08-01,22382790000.00000000
2015-09-01,21856070000.00000000
2015-10-01,18645230000.00000000
2015-11-01,12374550000.00000000
2015-12-01,11794440000.00000000
2016-01-01,10547670000.00000000
2016-02-01,7620058000.00000000
2016-03-01,9202740000.00000000
2016-04-01,11810700000.00000000
2016-05-01,12126890000.00000000
2016-06-01,11894810000.00000000
2016-07-01,2896101000.00000000
2016-08-01,-1438829000.00000000
2016-09-01,9649423000.00000000
2016-10-01,14396840000.00000000
2016-11-01,12966610000.00000000
2016-12-01,18152070000.00000000
2017-01-01,18150490000.00000000
2017-02-01,21000640000.00000000
2017-03-01,19444950000.00000000
2017-04-01,24611770000.00000000
2017-05-01,14152430000.00000000
2017-06-01,8140063000.00000000
2017-07-01,15584030000.00000000
2017-08-01,15406400000.00000000
2017-09-01,13797510000.00000000
2017-10-01,16911010000.00000191
2017-11-01,-3893254000.00000000
2017-12-01,19087030000.00000000
2018-01-01,22814520000.00000000
2018-02-01,23870390000.00000000
2018-03-01,14790180000.00000000
2018-04-01,17499740000.00000000
2018-05-01,22892440000.00000000
2018-06-01,27064390000.00000000
2018-07-01,28032360000.00000000
2018-08-01,33012310000.00000000
2018-09-01,30669690000.00000000
2018-10-01,29695120000.00000000
2018-11-01,20893500000.00000000
2018-12-01,20332920000.00000000
2019-01-01,17751620000.00000000
2019-02-01,13011090000.00000000
2019-03-01,16168530000.00000000
2019-04-01,14874220000.00000000
2019-05-01,15026590000.00000000
2019-06-01,11118530000.00000000
2019-07-01,7112308000.00000000
2019-08-01,6944108000.00000000
2019-09-01,6174150000.00000000
2019-10-01,8808756000.00000000
2019-11-01,21587860000.00000000
2019-12-01,17013179999.99999809
2020-01-01,7930472000.00000000
2020-02-01,10173270000.00000000
2020-03-01,-2313414000.00000000
2020-04-01,-3940056000.00000000
2020-05-01,-3514929000.00000000
2020-06-01,-3306777000.00000000
2020-07-01,-2912612000.00000000
2020-08-01,-5537386000.00000000
2020-09-01,1099873000.00000000
2020-10-01,2555887000.00000000
2020-11-01,-1713823000.00000000
2020-12-01,8073812999.99999809
2021-01-01,19621620000.00000000
2021-02-01,19021350000.00000000
2021-03-01,18863850000.00000000
2021-04-01,19073260000.00000000
2021-05-01,24757880000.00000000
2021-06-01,34182170000.00000000
2021-07-01,51056410000.00000000
2021-08-01,53167270000.00000000
2021-09-01,76759580000.00000000
2021-10-01,97894450000.00000000
2021-11-01,88620710000.00000000
2021-12-01,127361100000.00000000
2022-01-01,95647170000.00000000
2022-02-01,98089520000.00000000
2022-03-01,144095900000.00000000
2022-04-01,121438800000.00000000
2022-05-01,123754500000.00000000
2022-06-01,126695500000.00000000
2022-07-01,200338500000.00000000
2022-08-01,235832700000.00000000
2022-09-01,179265400000.00000000
2022-10-01,89456950000.00000000
2022-11-01,95097950000.00000000
2022-12-01,136849500000.00000000
2023-01-01,91420790000.00000000
2023-02-01,76736300000.00000000
2023-03-01,67952720000.00000000
2023-04-01,82257300000.00000000
2023-05-01,54573890000.00000000
2023-06-01,54916010000.00000000
2023-07-01,69313390000.00000000
2023-08-01,65404889999.99999237
2023-09-01,61055980000.00000000
2023-10-01,75344730000.00000000
2023-11-01,68480580000.00000000
2023-12-01,64606140000.00000000
2024-01-01,51318580000.00000000
2024-02-01,47092870000.00000000
2024-03-01,59568190000.00000000
2024-04-01,60743250000.00000000
2024-05-01,63730450000.00000000
2024-06-01,79202450000.00000000
2024-07-01,61234650000.00000000
2024-08-01,62283290000.00000000
2024-09-01,52841350000.00000000
2024-10-01,50450880000.00000000
2024-11-01,64583609999.99999237
2024-12-01,66457640000.00000000
2025-01-01,75953030000.00000000
2025-02-01,81425530000.00000000
2025-03-01,54222020000.00000000
2025-04-01,54099110000.00000000
2025-05-01,54826310000.00000000
2025-06-01,57655420000.00000000
2025-07-01,55409460000.00000000
2025-08-01,62286220000.00000000
2025-09-01,54183690000.00000000
2025-10-01,48143130000.00000000
2025-11-01,36319110000.00000000
2025-12-01,28897240000.00000000
2026-01-01,60451840000.00000000
2026-02-01,42517070000.00000000
2026-03-01,85800610000.00000000
2026-04-01,85369380000.00000000
2026-05-01,74954150000.00000000
2026-06-01,73271870000.00000000
