observation_date,XTNTVA01IDM664S
1990-01-01,980472100000.00000
1990-02-01,699758900000.00000
1990-03-01,642546600000.00000
1990-04-01,1508520000000.00000
1990-05-01,213708600000.00000
1990-06-01,314472500000.00000
1990-07-01,206887100000.00000
1990-08-01,-120719300000.00000
1990-09-01,541519000000.00000
1990-10-01,961273600000.00000
1990-11-01,358690100000.00000
1990-12-01,529746200000.00006
1991-01-01,1008790000000.00000
1991-02-01,528355700000.00000
1991-03-01,-24563320000.00000
1991-04-01,379776900000.00000
1991-05-01,446293500000.00000
1991-06-01,495691300000.00000
1991-07-01,613777000000.00000
1991-08-01,715824000000.00000
1991-09-01,1066136000000.00000
1991-10-01,378105300000.00000
1991-11-01,689594300000.00000
1991-12-01,337814000000.00000
1992-01-01,307811200000.00000
1992-02-01,474396400000.00000
1992-03-01,1104663000000.00000
1992-04-01,573210900000.00000
1992-05-01,869049500000.00000
1992-06-01,1042108000000.00000
1992-07-01,1303603000000.00000
1992-08-01,1176180000000.00000
1992-09-01,1182892000000.00000
1992-10-01,2100870000000.00000
1992-11-01,1802356000000.00000
1992-12-01,1299311000000.00000
1993-01-01,1643190000000.00000
1993-02-01,1888725000000.00000
1993-03-01,1793356000000.00000
1993-04-01,1724158000000.00000
1993-05-01,1915555000000.00000
1993-06-01,1096959000000.00000
1993-07-01,1203349000000.00000
1993-08-01,1720691000000.00000
1993-09-01,1113606000000.00000
1993-10-01,1162211000000.00000
1993-11-01,1578746000000.00000
1993-12-01,1151611000000.00000
1994-01-01,1344929000000.00000
1994-02-01,1344146000000.00000
1994-03-01,1229050000000.00000
1994-04-01,1788781000000.00000
1994-05-01,1167728000000.00000
1994-06-01,1703878000000.00000
1994-07-01,1600363000000.00000
1994-08-01,1502439000000.00000
1994-09-01,1520074000000.00000
1994-10-01,1269087000000.00000
1994-11-01,1738268000000.00000
1994-12-01,956111900000.00000
1995-01-01,1354853000000.00000
1995-02-01,1009009000000.00000
1995-03-01,862116600000.00000
1995-04-01,730904500000.00000
1995-05-01,1292086000000.00000
1995-06-01,92884270000.00000
1995-07-01,551457900000.00000
1995-08-01,238863200000.00000
1995-09-01,372350400000.00000
1995-10-01,903798700000.00000
1995-11-01,1458514000000.00000
1995-12-01,1904575000000.00000
1996-01-01,1171556000000.00000
1996-02-01,1812076000000.00000
1996-03-01,1055947000000.00000
1996-04-01,926925100000.00000
1996-05-01,413183100000.00000
1996-06-01,455823800000.00000
1996-07-01,1411188000000.00000
1996-08-01,1802005000000.00000
1996-09-01,1696143000000.00000
1996-10-01,2078543000000.00000
1996-11-01,1606438000000.00000
1996-12-01,1772823000000.00000
1997-01-01,1350189000000.00000
1997-02-01,2337196000000.00000
1997-03-01,684447300000.00000
1997-04-01,1929646000000.00000
1997-05-01,2261989000000.00000
1997-06-01,2036501000000.00000
1997-07-01,2278018000000.00000
1997-08-01,3348872000000.00000
1997-09-01,3777778000000.00000
1997-10-01,3925413000000.00000
1997-11-01,4433726000000.00000
1997-12-01,7503560000000.00000
1998-01-01,15248050000000.00000
1998-02-01,15780870000000.00000
1998-03-01,20072890000000.00000
1998-04-01,16173250000000.00000
1998-05-01,19169410000000.00000
1998-06-01,30257180000000.00000
1998-07-01,27869640000000.00000
1998-08-01,21939390000000.00000
1998-09-01,20508190000000.00000
1998-10-01,13337000000000.00000
1998-11-01,12994250000000.00000
1998-12-01,13014930000000.00000
1999-01-01,11257170000000.00000
1999-02-01,13186540000000.00000
1999-03-01,16229790000000.00000
1999-04-01,15618780000000.00000
1999-05-01,16206620000000.00000
1999-06-01,11403970000000.00000
1999-07-01,14433870000000.00000
1999-08-01,17791080000000.00000
1999-09-01,19692440000000.00000
1999-10-01,19037210000000.00000
1999-11-01,17976200000000.00000
1999-12-01,17746860000000.00000
2000-01-01,17521960000000.00000
2000-02-01,20708880000000.00000
2000-03-01,19780320000000.00000
2000-04-01,20751880000000.00000
2000-05-01,21319730000000.00000
2000-06-01,23559300000000.00000
2000-07-01,23310250000000.00000
2000-08-01,17880980000000.00000
2000-09-01,18581200000000.00000
2000-10-01,16985160000000.00000
2000-11-01,17116790000000.00000
2000-12-01,18299800000000.00000
2001-01-01,19975970000000.00000
2001-02-01,16262900000000.00000
2001-03-01,20542700000000.00000
2001-04-01,21233130000000.00000
2001-05-01,21772490000000.00000
2001-06-01,22185610000000.00000
2001-07-01,24862020000000.00000
2001-08-01,22888860000000.00000
2001-09-01,21037350000000.00000
2001-10-01,24088710000000.00000
2001-11-01,23067160000000.00000
2001-12-01,23332330000000.00000
2002-01-01,23445720000000.00000
2002-02-01,22474150000000.00000
2002-03-01,20959650000000.00000
2002-04-01,22268910000000.00000
2002-05-01,19878370000000.00000
2002-06-01,20413320000000.00000
2002-07-01,19866630000000.00000
2002-08-01,17650490000000.00000
2002-09-01,20019320000000.00000
2002-10-01,19006460000000.00000
2002-11-01,15889870000000.00000
2002-12-01,17543680000000.00000
2003-01-01,20903020000000.00000
2003-02-01,20012640000000.00000
2003-03-01,20236120000000.00000
2003-04-01,21706780000000.00000
2003-05-01,19907760000000.00000
2003-06-01,21640060000000.00000
2003-07-01,21752930000000.00000
2003-08-01,19833050000000.00000
2003-09-01,19147040000000.00000
2003-10-01,18060440000000.00000
2003-11-01,19283080000000.00000
2003-12-01,20289710000000.00000
2004-01-01,15287660000000.00000
2004-02-01,14320050000000.00000
2004-03-01,15245870000000.00000
2004-04-01,17158960000000.00000
2004-05-01,19597310000000.00000
2004-06-01,20013900000000.00000
2004-07-01,16033330000000.00000
2004-08-01,20130210000000.00000
2004-09-01,23880110000000.00000
2004-10-01,22838830000000.00000
2004-11-01,21254500000000.00000
2004-12-01,14892530000000.00000
2005-01-01,19566660000000.00000
2005-02-01,21034280000000.00000
2005-03-01,20031060000000.00000
2005-04-01,18286290000000.00000
2005-05-01,20236600000000.00000
2005-06-01,21932990000000.00000
2005-07-01,21984100000000.00000
2005-08-01,20157330000000.00000
2005-09-01,26192760000000.00000
2005-10-01,25205580000000.00000
2005-11-01,30434210000000.00000
2005-12-01,27994800000000.00000
2006-01-01,31717430000000.00000
2006-02-01,27989750000000.00000
2006-03-01,29228070000000.00000
2006-04-01,27873570000000.00000
2006-05-01,29237430000000.00000
2006-06-01,26530950000000.00000
2006-07-01,29876340000000.00000
2006-08-01,30478690000000.00000
2006-09-01,28711870000000.00000
2006-10-01,34533890000000.00000
2006-11-01,28994700000000.00000
2006-12-01,36782270000000.00000
2007-01-01,29026640000000.00000
2007-02-01,34137940000000.00391
2007-03-01,30815340000000.00000
2007-04-01,33334200000000.00000
2007-05-01,28212430000000.00000
2007-06-01,32263510000000.00000
2007-07-01,33789190000000.00391
2007-08-01,29651700000000.00000
2007-09-01,28054290000000.00000
2007-10-01,35152550000000.00391
2007-11-01,23585970000000.00000
2007-12-01,32902830000000.00000
2008-01-01,13859850000000.00000
2008-02-01,5709051000000.00000
2008-03-01,7736055000000.00000
2008-04-01,-1370416000000.00000
2008-05-01,6405423000000.00000
2008-06-01,5593202000000.00000
2008-07-01,1791912000000.00000
2008-08-01,2932607000000.00000
2008-09-01,14132830000000.00000
2008-10-01,-4721410000000.00000
2008-11-01,7321065000000.00000
2008-12-01,9086835000000.00000
2009-01-01,9543257000000.00000
2009-02-01,17065840000000.00000
2009-03-01,22377390000000.00000
2009-04-01,25516930000000.00000
2009-05-01,14363020000000.00000
2009-06-01,17891770000000.00000
2009-07-01,16396310000000.00195
2009-08-01,6963462000000.00000
2009-09-01,18876360000000.00000
2009-10-01,16469210000000.00000
2009-11-01,16642460000000.00000
2009-12-01,16931500000000.00000
2010-01-01,16352830000000.00000
2010-02-01,13925600000000.00000
2010-03-01,13015780000000.00000
2010-04-01,13019550000000.00000
2010-05-01,22334400000000.00000
2010-06-01,12196550000000.00000
2010-07-01,8466992000000.00000
2010-08-01,15144570000000.00000
2010-09-01,32173030000000.00000
2010-10-01,15450150000000.00000
2010-11-01,21854580000000.00000
2010-12-01,25385490000000.00000
2011-01-01,17016759999999.99805
2011-02-01,23419480000000.00000
2011-03-01,14183310000000.00000
2011-04-01,17258550000000.00000
2011-05-01,23096360000000.00000
2011-06-01,28379710000000.00000
2011-07-01,10671220000000.00000
2011-08-01,27192190000000.00000
2011-09-01,22959080000000.00000
2011-10-01,10495240000000.00000
2011-11-01,16185920000000.00000
2011-12-01,4477633000000.00000
2012-01-01,10951540000000.00000
2012-02-01,4732392000000.00000
2012-03-01,3557199000000.00000
2012-04-01,-1864597000000.00000
2012-05-01,-3998908000000.00000
2012-06-01,-5280065000000.00000
2012-07-01,-116151300000.00000
2012-08-01,10345430000000.00000
2012-09-01,316705100000.00000
2012-10-01,-13369640000000.00000
2012-11-01,-8889118000000.00000
2012-12-01,-6431494000000.00000
2013-01-01,-1246748000000.00000
2013-02-01,-10863790000000.00000
2013-03-01,-5546775000000.00000
2013-04-01,-7843540000000.00000
2013-05-01,-6138635000000.00000
2013-06-01,-4007347000000.00000
2013-07-01,-17630510000000.00000
2013-08-01,9015905000000.00000
2013-09-01,-9894588000000.00000
2013-10-01,195887200000.00000
2013-11-01,5604977000000.00000
2013-12-01,7818083000000.00000
2014-01-01,-4325105000000.00000
2014-02-01,2552885000000.00000
2014-03-01,1321191000000.00000
2014-04-01,-11709320000000.00000
2014-05-01,845869100000.00000
2014-06-01,-89653950000.00000
2014-07-01,6175486000000.00000
2014-08-01,-7311811000000.00000
2014-09-01,-5940859000000.00000
2014-10-01,-3212221000000.00000
2014-11-01,-4366879000000.00000
2014-12-01,2183485000000.00000
2015-01-01,11343760000000.00000
2015-02-01,5502068000000.00000
2015-03-01,7844143000000.00000
2015-04-01,12498150000000.00000
2015-05-01,13098990000000.00000
2015-06-01,8192353999999.99805
2015-07-01,22928470000000.00000
2015-08-01,-2981930000000.00000
2015-09-01,11835630000000.00000
2015-10-01,10968660000000.00000
2015-11-01,2254394000000.00000
2015-12-01,2111534000000.00000
2016-01-01,4018817000000.00000
2016-02-01,12478810000000.00000
2016-03-01,6795280000000.00000
2016-04-01,11556940000000.00000
2016-05-01,7347440000000.00000
2016-06-01,18308290000000.00000
2016-07-01,4874579000000.00000
2016-08-01,2660635000000.00000
2016-09-01,13750040000000.00000
2016-10-01,11236150000000.00000
2016-11-01,13925550000000.00000
2016-12-01,13086310000000.00000
2017-01-01,17704120000000.00000
2017-02-01,10487890000000.00000
2017-03-01,11127740000000.00000
2017-04-01,21764550000000.00000
2017-05-01,8752040999999.99805
2017-06-01,44502570000000.00000
2017-07-01,-6621737000000.00000
2017-08-01,20109930000000.00000
2017-09-01,16453970000000.00195
2017-10-01,6119785000000.00000
2017-11-01,6032917000000.00000
2017-12-01,-3646377000000.00000
2018-01-01,-6155564000000.00000
2018-02-01,-7887893000000.00000
2018-03-01,4961314000000.00000
2018-04-01,-16172340000000.00000
2018-05-01,-25570710000000.00000
2018-06-01,49152240000000.00000
2018-07-01,-38671120000000.00000
2018-08-01,-18689990000000.00000
2018-09-01,-10693410000000.00000
2018-10-01,-33989110000000.00000
2018-11-01,-22536550000000.00000
2018-12-01,-12561830000000.00000
2019-01-01,-7290427000000.00000
2019-02-01,3336021000000.00000
2019-03-01,5658020000000.00000
2019-04-01,-16953640000000.00000
2019-05-01,-666495800000.00000
2019-06-01,26101280000000.00000
2019-07-01,-9183139000000.00000
2019-08-01,-2104244000000.00000
2019-09-01,-13585670000000.00000
2019-10-01,-6939410000000.00000
2019-11-01,-18200120000000.00000
2019-12-01,-3824646000000.00000
2020-01-01,-6610760000000.00000
2020-02-01,19657760000000.00000
2020-03-01,4229159000000.00000
2020-04-01,6230466000000.00000
2020-05-01,31761220000000.00000
2020-06-01,41262490000000.00000
2020-07-01,50509900000000.00000
2020-08-01,36039980000000.00000
2020-09-01,33862340000000.00000
2020-10-01,47598280000000.00000
2020-11-01,36259130000000.00000
2020-12-01,32183150000000.00000
2021-01-01,31029040000000.00000
2021-02-01,20457770000000.00000
2021-03-01,17313860000000.00000
2021-04-01,29037320000000.00000
2021-05-01,38543300000000.00000
2021-06-01,31788960000000.00000
2021-07-01,62721600000000.00000
2021-08-01,56749050000000.00000
2021-09-01,57768060000000.00000
2021-10-01,68006850000000.00781
2021-11-01,56564910000000.00000
2021-12-01,33961130000000.00000
2022-01-01,35020010000000.00391
2022-02-01,63331310000000.00000
2022-03-01,58492620000000.00000
2022-04-01,88157740000000.00000
2022-05-01,31019160000000.00000
2022-06-01,72493910000000.00000
2022-07-01,56829840000000.00000
2022-08-01,65082040000000.00000
2022-09-01,67175810000000.00000
2022-10-01,69106119999999.99219
2022-11-01,83497480000000.00000
2022-12-01,69409270000000.00781
2023-01-01,73385480000000.00000
2023-02-01,90223890000000.00000
2023-03-01,41598720000000.00000
2023-04-01,67007920000000.00000
2023-05-01,12477320000000.00000
2023-06-01,65754920000000.00000
2023-07-01,26178330000000.00000
2023-08-01,42951360000000.00000
2023-09-01,44835210000000.00000
2023-10-01,40599740000000.00000
2023-11-01,34995680000000.00000
2023-12-01,46910450000000.00000
2024-01-01,39400620000000.00000
2024-02-01,16575500000000.00000
2024-03-01,59193430000000.00000
2024-04-01,64833490000000.00000
2024-05-01,46516670000000.00000
2024-06-01,42105050000000.00000
2024-07-01,21674230000000.00000
2024-08-01,31988160000000.00000
2024-09-01,38397110000000.00000
2024-10-01,28909330000000.00000
2024-11-01,61665010000000.00000
2024-12-01,36317420000000.00000
2025-01-01,71123490000000.00000
2025-02-01,56782690000000.00000
2025-03-01,62999410000000.00000
2025-04-01,25169600000000.00000
2025-05-01,60867000000000.00000
2025-06-01,68644170000000.00000
2025-07-01,69951310000000.00000
2025-08-01,70811570000000.00000
2025-09-01,61628590000000.00000
2025-10-01,39798410000000.00000
2025-11-01,47807330000000.00000
2025-12-01,46223710000000.00000
2026-01-01,28025380000000.00000
2026-02-01,22581130000000.00000
2026-03-01,51658070000000.00000
2026-04-01,19091910000000.00000
2026-05-01,-41192490000000.00000
2026-06-01,-1626169000000.00000
