observation_date,XTNTVA01BRM664S
1990-01-01,4474.710000000000
1990-02-01,8658.297999999999
1990-03-01,8574.475000000000
1990-04-01,19491.410000000000
1990-05-01,27344.689999999999
1990-06-01,20146.139999999999
1990-07-01,31873.270000000004
1990-08-01,23487.730000000000
1990-09-01,17972.990000000002
1990-10-01,15195.670000000000
1990-11-01,26080.470000000001
1990-12-01,54755.339999999997
1991-01-01,114728.399999999994
1991-02-01,109921.399999999994
1991-03-01,102120.500000000000
1991-04-01,119394.899999999994
1991-05-01,109411.100000000006
1991-06-01,85294.250000000000
1991-07-01,77456.539999999994
1991-08-01,71814.110000000001
1991-09-01,58058.500000000000
1991-10-01,119390.800000000003
1991-11-01,163054.300000000017
1991-12-01,282534.600000000035
1992-01-01,516588.500000000000
1992-02-01,527545.799999999930
1992-03-01,983180.400000000023
1992-04-01,871321.900000000023
1992-05-01,1099072.000000000000
1992-06-01,1280003.000000000000
1992-07-01,1796316.000000000000
1992-08-01,2101206.000000000000
1992-09-01,2727376.000000000000
1992-10-01,3497544.000000000000
1992-11-01,5556087.000000000000
1992-12-01,5295201.000000000000
1993-01-01,6825870.000000000000
1993-02-01,12292970.000000000000
1993-03-01,12706580.000000000000
1993-04-01,8255715.000000000000
1993-05-01,14817870.000000000000
1993-06-01,13525550.000000000000
1993-07-01,11959130.000000000000
1993-08-01,29384740.000000000000
1993-09-01,46323820.000000000000
1993-10-01,69134910.000000000000
1993-11-01,96914450.000000000000
1993-12-01,100674800.000000000000
1994-01-01,183435300.000000000000
1994-02-01,211558700.000000000000
1994-03-01,323491800.000000000000
1994-04-01,560452300.000000000000
1994-05-01,551101700.000000000000
1994-06-01,866622300.000000000000
1994-07-01,982703700.000000000000
1994-08-01,1132425000.000000000000
1994-09-01,1216260000.000000000000
1994-10-01,679832400.000000000000
1994-11-01,-100062700.000000000000
1994-12-01,-491001200.000000000000
1995-01-01,-87467830.000000000000
1995-02-01,-877375900.000000000000
1995-03-01,-730065000.000000000000
1995-04-01,-716101200.000000000000
1995-05-01,-852160200.000000000000
1995-06-01,-851699000.000000000000
1995-07-01,-153589500.000000000000
1995-08-01,-27039570.000000000000
1995-09-01,358968700.000000000000
1995-10-01,512345500.000000000000
1995-11-01,207156300.000000000000
1995-12-01,68748600.000000000000
1996-01-01,333658000.000000000000
1996-02-01,-84959340.000000000000
1996-03-01,-477306000.000000000000
1996-04-01,17151800.000000000000
1996-05-01,-34122170.000000000000
1996-06-01,-611952200.000000000000
1996-07-01,-403787900.000000000000
1996-08-01,-435830600.000000000000
1996-09-01,-724745700.000000000000
1996-10-01,-924222900.000000000000
1996-11-01,-577603600.000000000000
1996-12-01,-1705098000.000000000000
1997-01-01,1555558000.000000000000
1997-02-01,-1249400000.000000000000
1997-03-01,-1058674000.000000000000
1997-04-01,-1272972000.000000000000
1997-05-01,-521034500.000000000000
1997-06-01,-766111000.000000000000
1997-07-01,-717811200.000000000000
1997-08-01,-663030000.000000000000
1997-09-01,-976578100.000000000000
1997-10-01,-583195700.000000000000
1997-11-01,-1259889000.000000000000
1997-12-01,-693989100.000000000000
1998-01-01,-604422800.000000000000
1998-02-01,-176336500.000000000000
1998-03-01,-1039562000.000000000000
1998-04-01,-356764000.000000000000
1998-05-01,-706682000.000000000000
1998-06-01,-137077000.000000000000
1998-07-01,-652837500.000000000000
1998-08-01,-520402700.000000000000
1998-09-01,-1455928000.000000000000
1998-10-01,-1415416000.000000000000
1998-11-01,-970441800.000000000000
1998-12-01,-558138400.000000000000
1999-01-01,-997815100.000000000000
1999-02-01,394581100.000000000000
1999-03-01,-367125400.000000000000
1999-04-01,-314790000.000000000000
1999-05-01,-238121500.000000000000
1999-06-01,-756591300.000000000000
1999-07-01,-228975100.000000000000
1999-08-01,-787262800.000000000000
1999-09-01,-304764100.000000000000
1999-10-01,-131169300.000000000000
1999-11-01,-472900100.000000000000
1999-12-01,369272200.000000000000
2000-01-01,104342300.000000000000
2000-02-01,-201801400.000000000000
2000-03-01,104736400.000000000000
2000-04-01,-240616600.000000000000
2000-05-01,30958490.000000000000
2000-06-01,-85686190.000000000000
2000-07-01,-306896600.000000000000
2000-08-01,-219007200.000000000000
2000-09-01,-960733700.000000000000
2000-10-01,-809713300.000000000000
2000-11-01,-856419500.000000000000
2000-12-01,-810931000.000000000000
2001-01-01,-176669000.000000000000
2001-02-01,407529600.000000000000
2001-03-01,-604343900.000000000000
2001-04-01,-348197000.000000000000
2001-05-01,-290046800.000000000000
2001-06-01,-211164700.000000000000
2001-07-01,-309784600.000000000000
2001-08-01,885518800.000000000000
2001-09-01,880500700.000000000000
2001-10-01,927265900.000000000000
2001-11-01,1425461000.000000000000
2001-12-01,1538085000.000000000000
2002-01-01,1231165000.000000000000
2002-02-01,1017758000.000000000000
2002-03-01,1304908000.000000000000
2002-04-01,701870900.000000000000
2002-05-01,185189600.000000000000
2002-06-01,891074100.000000000000
2002-07-01,2579149000.000000000000
2002-08-01,3708893000.000000000000
2002-09-01,7222805000.000000000000
2002-10-01,8107397000.000001907349
2002-11-01,5495698000.000000000000
2002-12-01,5788025000.000000000000
2003-01-01,5661978000.000000000000
2003-02-01,5360107000.000000000000
2003-03-01,5278329000.000000000000
2003-04-01,4836984000.000000000000
2003-05-01,6185525000.000000000000
2003-06-01,5661897000.000000000000
2003-07-01,4784076000.000000000000
2003-08-01,6656904000.000000000000
2003-09-01,6734568000.000000000000
2003-10-01,7129539000.000000000000
2003-11-01,5831975000.000000000000
2003-12-01,7275591000.000000000000
2004-01-01,6486311000.000000000000
2004-02-01,6157981000.000000000000
2004-03-01,7636546000.000000000000
2004-04-01,5258091000.000000000000
2004-05-01,8066628000.000000000000
2004-06-01,10013040000.000000000000
2004-07-01,8720017000.000000000000
2004-08-01,8577889000.000001907349
2004-09-01,8070817000.000000000000
2004-10-01,6758888000.000000000000
2004-11-01,7193769000.000000000000
2004-12-01,7209575000.000000000000
2005-01-01,8645803000.000000000000
2005-02-01,9550025000.000000000000
2005-03-01,9215030000.000000000000
2005-04-01,9836604000.000000000000
2005-05-01,7090835000.000000000000
2005-06-01,8252169000.000000000000
2005-07-01,10265980000.000000000000
2005-08-01,7124455000.000000000000
2005-09-01,8974045000.000000000000
2005-10-01,8378952999.999998092651
2005-11-01,10477320000.000000000000
2005-12-01,8903495000.000000000000
2006-01-01,9315519000.000000000000
2006-02-01,8039656000.000001907349
2006-03-01,8086395000.000000000000
2006-04-01,6079752000.000000000000
2006-05-01,5196154000.000000000000
2006-06-01,7570238000.000000000000
2006-07-01,10551990000.000000000000
2006-08-01,8142054999.999998092651
2006-09-01,8713036000.000000000000
2006-10-01,8563679000.000001907349
2006-11-01,8554949000.000001907349
2006-12-01,9744868000.000000000000
2007-01-01,8599836000.000000000000
2007-02-01,8248937000.000000000000
2007-03-01,7183845000.000000000000
2007-04-01,7925077000.000000000000
2007-05-01,5981169000.000000000000
2007-06-01,5661069000.000000000000
2007-07-01,4832629000.000000000000
2007-08-01,5605342000.000000000000
2007-09-01,4647158000.000000000000
2007-10-01,6516471000.000000000000
2007-11-01,5203924000.000000000000
2007-12-01,4844786000.000000000000
2008-01-01,4840217000.000000000000
2008-02-01,1178125000.000000000000
2008-03-01,1428899000.000000000000
2008-04-01,2072643000.000000000000
2008-05-01,4554164000.000000000000
2008-06-01,2256037000.000000000000
2008-07-01,3922360000.000000000000
2008-08-01,2147413000.000000000000
2008-09-01,2864749000.000000000000
2008-10-01,4004929000.000000000000
2008-11-01,4125569000.000000000000
2008-12-01,3278900000.000000000000
2009-01-01,1407618000.000000000000
2009-02-01,5786435000.000000000000
2009-03-01,3545020000.000000000000
2009-04-01,7099093000.000000000000
2009-05-01,3336874000.000000000000
2009-06-01,6825031000.000000000000
2009-07-01,4233543000.000000000000
2009-08-01,4197793000.000000000000
2009-09-01,1923318000.000000000000
2009-10-01,2693038000.000000000000
2009-11-01,2242648000.000000000000
2009-12-01,2082941000.000000000000
2010-01-01,2017608000.000000000000
2010-02-01,2018049000.000000000000
2010-03-01,1262860000.000000000000
2010-04-01,1135632000.000000000000
2010-05-01,3633451000.000000000000
2010-06-01,1953520000.000000000000
2010-07-01,1013423000.000000000000
2010-08-01,2675189000.000000000000
2010-09-01,1374185000.000000000000
2010-10-01,3160261000.000000000000
2010-11-01,2619664000.000000000000
2010-12-01,6786023000.000000000000
2011-01-01,4066338000.000000000000
2011-02-01,4079256000.000000000000
2011-03-01,2509368000.000000000000
2011-04-01,1367077000.000000000000
2011-05-01,2719210000.000000000000
2011-06-01,2903080000.000000000000
2011-07-01,3223625000.000000000000
2011-08-01,4723426000.000000000000
2011-09-01,4629708000.000000000000
2011-10-01,4664102000.000000000000
2011-11-01,3796988000.000000000000
2011-12-01,4000309000.000000000000
2012-01-01,1849720000.000000000000
2012-02-01,3075441000.000000000000
2012-03-01,2986778000.000000000000
2012-04-01,-427305800.000000000000
2012-05-01,2623133000.000000000000
2012-06-01,-1742895000.000000000000
2012-07-01,3881410000.000000000000
2012-08-01,4801946000.000000000000
2012-09-01,3683355000.000000000000
2012-10-01,3399330000.000000000000
2012-11-01,1149999000.000000000000
2012-12-01,1171538000.000000000000
2013-01-01,-2996710000.000000000000
2013-02-01,-563855600.000000000000
2013-03-01,-2654364000.000000000000
2013-04-01,-4020961000.000000000000
2013-05-01,-1714352000.000000000000
2013-06-01,-2833496000.000000000000
2013-07-01,-5631583000.000000000000
2013-08-01,831253800.000000000000
2013-09-01,3200770000.000000000000
2013-10-01,-2948403000.000000000000
2013-11-01,2299340000.000000000000
2013-12-01,-177718000.000000000000
2014-01-01,-3514234000.000000000000
2014-02-01,-2753708000.000000000000
2014-03-01,-1470643000.000000000000
2014-04-01,-1288404000.000000000000
2014-05-01,-2749749000.000000000000
2014-06-01,1212457000.000000000000
2014-07-01,134614700.000000000000
2014-08-01,-1735366000.000000000000
2014-09-01,-2946779000.000000000000
2014-10-01,-1109427000.000000000000
2014-11-01,-4653405000.000000000000
2014-12-01,-2459036000.000000000000
2015-01-01,-2879199000.000000000000
2015-02-01,-6340818000.000000000000
2015-03-01,-720238600.000000000000
2015-04-01,-1559662000.000000000000
2015-05-01,3187881000.000000000000
2015-06-01,7007104000.000000000000
2015-07-01,5462084000.000000000000
2015-08-01,6851710000.000000000000
2015-09-01,8066503000.000001907349
2015-10-01,8103946000.000001907349
2015-11-01,6925570000.000000000000
2015-12-01,16880710000.000000000000
2016-01-01,10646540000.000000000000
2016-02-01,12921460000.000000000000
2016-03-01,14112560000.000000000000
2016-04-01,13269510000.000000000000
2016-05-01,14169100000.000000000000
2016-06-01,8721005000.000000000000
2016-07-01,8895925000.000000000000
2016-08-01,11323960000.000000000000
2016-09-01,11228240000.000000000000
2016-10-01,7771115000.000000000000
2016-11-01,12206540000.000000000000
2016-12-01,11550230000.000000000000
2017-01-01,17290720000.000000000000
2017-02-01,19630860000.000000000000
2017-03-01,17979140000.000000000000
2017-04-01,16194830000.000000000000
2017-05-01,16678220000.000000000000
2017-06-01,15621170000.000000000000
2017-07-01,12138810000.000000000000
2017-08-01,13329390000.000000000000
2017-09-01,13052490000.000000000000
2017-10-01,14655590000.000000000000
2017-11-01,12490850000.000000000000
2017-12-01,11161750000.000000000000
2018-01-01,16145850000.000000000000
2018-02-01,14663820000.000000000000
2018-03-01,16177600000.000001907349
2018-04-01,13053390000.000000000000
2018-05-01,13569520000.000000000000
2018-06-01,12504150000.000000000000
2018-07-01,10360090000.000000000000
2018-08-01,1914511000.000000000000
2018-09-01,16222490000.000000000000
2018-10-01,20114230000.000000000000
2018-11-01,18883960000.000000000000
2018-12-01,19226860000.000000000000
2019-01-01,9958846000.000000000000
2019-02-01,14990630000.000000000000
2019-03-01,9806623000.000000000000
2019-04-01,12597730000.000000000000
2019-05-01,11150470000.000000000000
2019-06-01,10933080000.000000000000
2019-07-01,5677450000.000000000000
2019-08-01,7352853000.000000000000
2019-09-01,13302060000.000000000000
2019-10-01,13162270000.000000000000
2019-11-01,16176490000.000001907349
2019-12-01,19271400000.000000000000
2020-01-01,1517458000.000000000000
2020-02-01,9148888000.000000000000
2020-03-01,16454719999.999998092651
2020-04-01,26855440000.000000000000
2020-05-01,30656400000.000000000000
2020-06-01,26730730000.000000000000
2020-07-01,35388840000.000000000000
2020-08-01,29738210000.000000000000
2020-09-01,27395760000.000000000000
2020-10-01,27459120000.000000000000
2020-11-01,19647330000.000000000000
2020-12-01,11677050000.000000000000
2021-01-01,14539550000.000000000000
2021-02-01,21665160000.000000000000
2021-03-01,31317370000.000000000000
2021-04-01,46038820000.000000000000
2021-05-01,33726600000.000000000000
2021-06-01,41378400000.000000000000
2021-07-01,32821960000.000000000000
2021-08-01,37487670000.000000000000
2021-09-01,24207670000.000000000000
2021-10-01,15174370000.000000000000
2021-11-01,1951295000.000000000000
2021-12-01,19917420000.000000000000
2022-01-01,20636540000.000000000000
2022-02-01,41618520000.000000000000
2022-03-01,31899600000.000000000000
2022-04-01,29239050000.000000000000
2022-05-01,12740170000.000000000000
2022-06-01,32469100000.000000000000
2022-07-01,22379930000.000000000000
2022-08-01,20671030000.000000000000
2022-09-01,21312780000.000000000000
2022-10-01,21754210000.000000000000
2022-11-01,41340450000.000000000000
2022-12-01,20327050000.000000000000
2023-01-01,34810000000.000000000000
2023-02-01,27942600000.000000000000
2023-03-01,48411280000.000000000000
2023-04-01,30029960000.000000000000
2023-05-01,42093900000.000000000000
2023-06-01,38453810000.000000000000
2023-07-01,33854790000.000000000000
2023-08-01,44387280000.000000000000
2023-09-01,46010720000.000000000000
2023-10-01,49968870000.000000000000
2023-11-01,50314200000.000000000000
2023-12-01,43321470000.000000000000
2024-01-01,54945230000.000000000000
2024-02-01,33674420000.000000000000
2024-03-01,28974630000.000000000000
2024-04-01,32744520000.000000000000
2024-05-01,31072470000.000000000000
2024-06-01,21896140000.000000000000
2024-07-01,36017410000.000000000000
2024-08-01,23912290000.000000000000
2024-09-01,29775100000.000000000000
2024-10-01,28876550000.000000000000
2024-11-01,47338290000.000000000000
2024-12-01,24487450000.000000000000
2025-01-01,42759110000.000000000000
2025-02-01,14114520000.000000000000
2025-03-01,36393370000.000000000000
2025-04-01,32528510000.000000000000
2025-05-01,26864480000.000000000000
2025-06-01,20884210000.000000000000
2025-07-01,32967960000.000000000000
2025-08-01,30425270000.000000000000
2025-09-01,20292980000.000000000000
2025-10-01,40896450000.000000000000
2025-11-01,37713870000.000000000000
2025-12-01,47908550000.000000000000
2026-01-01,44393580000.000000000000
2026-02-01,41612300000.000000000000
2026-03-01,26129970000.000000000000
2026-04-01,42245310000.000000000000
2026-05-01,24387540000.000000000000
2026-06-01,35845710000.000000000000
2026-07-01,30666880000.000000000000
